-- phpMyAdmin SQL Dump
-- version 5.0.2
-- https://www.phpmyadmin.net/
--
-- Host: 127.0.0.1:3306
-- Generation Time: Dec 16, 2020 at 10:55 AM
-- Server version: 8.0.21
-- PHP Version: 7.2.33

SET SQL_MODE = "NO_AUTO_VALUE_ON_ZERO";
START TRANSACTION;
SET time_zone = "+00:00";


/*!40101 SET @OLD_CHARACTER_SET_CLIENT=@@CHARACTER_SET_CLIENT */;
/*!40101 SET @OLD_CHARACTER_SET_RESULTS=@@CHARACTER_SET_RESULTS */;
/*!40101 SET @OLD_COLLATION_CONNECTION=@@COLLATION_CONNECTION */;
/*!40101 SET NAMES utf8mb4 */;

--
-- Database: `puthiapnghs`
--

-- --------------------------------------------------------

--
-- Table structure for table `academics`
--

DROP TABLE IF EXISTS `academics`;
CREATE TABLE IF NOT EXISTS `academics` (
  `id` bigint UNSIGNED NOT NULL AUTO_INCREMENT,
  `title` varchar(191) CHARACTER SET utf8 COLLATE utf8_unicode_ci NOT NULL,
  `discription` longtext CHARACTER SET utf8 COLLATE utf8_unicode_ci NOT NULL,
  `file` varchar(191) CHARACTER SET utf8 COLLATE utf8_unicode_ci NOT NULL,
  `catagories_id` bigint UNSIGNED NOT NULL,
  `created_by` int UNSIGNED DEFAULT NULL,
  `updated_by` int UNSIGNED DEFAULT NULL,
  `created_at` timestamp NULL DEFAULT NULL,
  `updated_at` timestamp NULL DEFAULT NULL,
  PRIMARY KEY (`id`),
  KEY `academics_catagories_id_foreign` (`catagories_id`)
) ENGINE=InnoDB DEFAULT CHARSET=utf8 COLLATE=utf8_unicode_ci;

-- --------------------------------------------------------

--
-- Table structure for table `academic_categories`
--

DROP TABLE IF EXISTS `academic_categories`;
CREATE TABLE IF NOT EXISTS `academic_categories` (
  `id` bigint UNSIGNED NOT NULL AUTO_INCREMENT,
  `title` varchar(191) CHARACTER SET utf8 COLLATE utf8_unicode_ci NOT NULL,
  `active` tinyint(1) NOT NULL DEFAULT '0',
  `created_by` int UNSIGNED DEFAULT NULL,
  `updated_by` int UNSIGNED DEFAULT NULL,
  `created_at` timestamp NULL DEFAULT NULL,
  `updated_at` timestamp NULL DEFAULT NULL,
  PRIMARY KEY (`id`)
) ENGINE=InnoDB AUTO_INCREMENT=6 DEFAULT CHARSET=utf8 COLLATE=utf8_unicode_ci;

--
-- Dumping data for table `academic_categories`
--

INSERT INTO `academic_categories` (`id`, `title`, `active`, `created_by`, `updated_by`, `created_at`, `updated_at`) VALUES
(1, 'সিলেবাস', 0, NULL, NULL, '2019-04-15 07:14:42', '2019-04-15 07:14:42'),
(2, 'ক্লাস রুটিন', 0, NULL, NULL, '2019-04-15 07:15:42', '2019-04-15 07:15:42'),
(3, 'পরীক্ষা রুটিন', 0, NULL, NULL, '2019-04-15 07:16:42', '2019-04-15 07:16:42'),
(4, 'রেজাল্ট', 0, NULL, NULL, '2019-04-15 07:16:42', '2019-04-15 07:16:42'),
(5, 'একাডেমিক ক্যালেন্ডার', 0, NULL, NULL, '2019-04-15 07:16:42', '2019-04-15 07:16:42');

-- --------------------------------------------------------

--
-- Table structure for table `admission_mark_inputs`
--

DROP TABLE IF EXISTS `admission_mark_inputs`;
CREATE TABLE IF NOT EXISTS `admission_mark_inputs` (
  `id` bigint UNSIGNED NOT NULL AUTO_INCREMENT,
  `class_id` bigint UNSIGNED DEFAULT NULL,
  `admission_id` bigint UNSIGNED DEFAULT NULL,
  `subject_1` int UNSIGNED DEFAULT NULL,
  `subject_2` int UNSIGNED DEFAULT NULL,
  `subject_3` int UNSIGNED DEFAULT NULL,
  `subject_4` int UNSIGNED DEFAULT NULL,
  `total` int UNSIGNED DEFAULT NULL,
  `status` tinyint DEFAULT '0',
  `extra` varchar(191) CHARACTER SET utf8 COLLATE utf8_unicode_ci DEFAULT NULL,
  `part` int DEFAULT NULL,
  `created_by` varchar(191) CHARACTER SET utf8 COLLATE utf8_unicode_ci DEFAULT NULL,
  `updated_by` varchar(191) CHARACTER SET utf8 COLLATE utf8_unicode_ci DEFAULT NULL,
  `deleted_by` varchar(191) CHARACTER SET utf8 COLLATE utf8_unicode_ci DEFAULT NULL,
  `created_at` timestamp NULL DEFAULT NULL,
  `updated_at` timestamp NULL DEFAULT NULL,
  `deleted_at` timestamp NULL DEFAULT NULL,
  PRIMARY KEY (`id`),
  KEY `admission_mark_inputs_class_id_foreign` (`class_id`),
  KEY `admission_mark_inputs_admission_id_foreign` (`admission_id`)
) ENGINE=InnoDB AUTO_INCREMENT=341 DEFAULT CHARSET=utf8 COLLATE=utf8_unicode_ci;

--
-- Dumping data for table `admission_mark_inputs`
--

INSERT INTO `admission_mark_inputs` (`id`, `class_id`, `admission_id`, `subject_1`, `subject_2`, `subject_3`, `subject_4`, `total`, `status`, `extra`, `part`, `created_by`, `updated_by`, `deleted_by`, `created_at`, `updated_at`, `deleted_at`) VALUES
(1, 1, 20, NULL, NULL, NULL, 20, 20, 0, NULL, 1, NULL, NULL, NULL, '2019-12-29 17:17:59', '2019-12-29 17:17:59', NULL),
(2, 1, 186, NULL, NULL, NULL, 20, 20, 0, NULL, 1, NULL, NULL, NULL, '2019-12-29 17:17:59', '2019-12-29 17:17:59', NULL),
(3, 4, 7, 13, 13, 13, NULL, 39, 0, NULL, 1, NULL, NULL, NULL, '2019-12-29 21:51:44', '2019-12-29 21:51:44', NULL),
(4, 4, 15, 5, 3, 0, NULL, 8, 1, NULL, 1, NULL, NULL, NULL, '2019-12-29 21:51:44', '2019-12-29 21:51:44', NULL),
(5, 4, 16, 13, 14, 19, NULL, 46, 0, NULL, 1, NULL, NULL, NULL, '2019-12-29 21:51:44', '2019-12-29 21:51:44', NULL),
(6, 4, 37, 12, 10, 7, NULL, 29, 0, NULL, 1, NULL, NULL, NULL, '2019-12-29 21:51:44', '2019-12-29 21:51:44', NULL),
(7, 4, 43, 0, 0, 0, NULL, 0, 1, NULL, 1, NULL, NULL, NULL, '2019-12-29 21:51:44', '2019-12-29 21:51:44', NULL),
(8, 4, 49, 11, 4, 0, NULL, 15, 1, NULL, 1, NULL, NULL, NULL, '2019-12-29 21:51:44', '2019-12-29 21:51:44', NULL),
(9, 4, 59, 8, 12, 11, NULL, 31, 0, NULL, 1, NULL, NULL, NULL, '2019-12-29 21:51:44', '2019-12-29 21:51:44', NULL),
(10, 4, 60, 13, 11, 7, NULL, 31, 0, NULL, 1, NULL, NULL, NULL, '2019-12-29 21:51:44', '2019-12-29 21:51:44', NULL),
(11, 4, 75, 10, 8, 0, NULL, 18, 1, NULL, 1, NULL, NULL, NULL, '2019-12-29 21:51:44', '2019-12-29 21:51:44', NULL),
(12, 4, 84, 13, 15, 12, NULL, 40, 0, NULL, 1, NULL, NULL, NULL, '2019-12-29 21:51:44', '2019-12-29 21:51:44', NULL),
(13, 4, 116, 11, 13, 12, NULL, 36, 0, NULL, 1, NULL, NULL, NULL, '2019-12-29 21:51:44', '2019-12-29 21:51:44', NULL),
(14, 4, 133, 11, 3, 7, NULL, 21, 1, NULL, 1, NULL, NULL, NULL, '2019-12-29 21:51:44', '2019-12-29 21:51:44', NULL),
(15, 4, 141, 12, 11, 19, NULL, 42, 0, NULL, 1, NULL, NULL, NULL, '2019-12-29 21:51:44', '2019-12-29 21:51:44', NULL),
(16, 4, 150, 14, 13, 19, NULL, 46, 0, NULL, 1, NULL, NULL, NULL, '2019-12-29 21:51:44', '2019-12-29 21:51:44', NULL),
(17, 4, 158, 14, 14, 13, NULL, 41, 0, NULL, 1, NULL, NULL, NULL, '2019-12-29 21:51:44', '2019-12-29 21:51:44', NULL),
(18, 4, 164, 14, 7, 1, NULL, 22, 1, NULL, 1, NULL, NULL, NULL, '2019-12-29 21:51:44', '2019-12-29 21:51:44', NULL),
(19, 4, 181, 5, 1, 5, NULL, 11, 1, NULL, 1, NULL, NULL, NULL, '2019-12-29 21:51:44', '2019-12-29 21:51:44', NULL),
(20, 4, 196, 7, 13, 9, NULL, 29, 0, NULL, 1, NULL, NULL, NULL, '2019-12-29 21:51:44', '2019-12-29 21:51:44', NULL),
(21, 4, 198, 13, 12, 9, NULL, 34, 0, NULL, 1, NULL, NULL, NULL, '2019-12-29 21:51:44', '2019-12-29 21:51:44', NULL),
(22, 6, 90, 10, 6, 8, NULL, 24, 0, NULL, 1, NULL, NULL, NULL, '2019-12-29 21:55:52', '2019-12-29 21:55:52', NULL),
(23, 6, 103, 12, 10, 13, NULL, 35, 0, NULL, 1, NULL, NULL, NULL, '2019-12-29 21:55:52', '2019-12-29 21:55:52', NULL),
(24, 6, 107, 4, 1, 2, NULL, 7, 1, NULL, 1, NULL, NULL, NULL, '2019-12-29 21:55:52', '2019-12-29 21:55:52', NULL),
(25, 6, 120, 7, 12, 13, NULL, 32, 0, NULL, 1, NULL, NULL, NULL, '2019-12-29 21:55:52', '2019-12-29 21:55:52', NULL),
(26, 6, 123, 8, 8, 8, NULL, 24, 0, NULL, 1, NULL, NULL, NULL, '2019-12-29 21:55:52', '2019-12-29 21:55:52', NULL),
(27, 6, 144, 4, 3, 2, NULL, 9, 1, NULL, 1, NULL, NULL, NULL, '2019-12-29 21:55:52', '2019-12-29 21:55:52', NULL),
(28, 6, 179, 6, 2, 2, NULL, 10, 1, NULL, 1, NULL, NULL, NULL, '2019-12-29 21:55:52', '2019-12-29 21:55:52', NULL),
(29, 5, 41, 11, 7, 18, NULL, 36, 0, NULL, 1, NULL, NULL, NULL, '2019-12-29 21:58:55', '2019-12-29 21:58:55', NULL),
(30, 5, 46, 1, 0, 5, NULL, 6, 1, NULL, 1, NULL, NULL, NULL, '2019-12-29 21:58:55', '2019-12-29 21:58:55', NULL),
(31, 5, 61, 8, 9, 12, NULL, 29, 0, NULL, 1, NULL, NULL, NULL, '2019-12-29 21:58:55', '2019-12-29 21:58:55', NULL),
(32, 5, 115, 5, 1, 2, NULL, 8, 1, NULL, 1, NULL, NULL, NULL, '2019-12-29 21:58:55', '2019-12-29 21:58:55', NULL),
(33, 5, 122, 4, 1, 11, NULL, 16, 1, NULL, 1, NULL, NULL, NULL, '2019-12-29 21:58:55', '2019-12-29 21:58:55', NULL),
(34, 5, 124, 6, 1, 5, NULL, 12, 1, NULL, 1, NULL, NULL, NULL, '2019-12-29 21:58:55', '2019-12-29 21:58:55', NULL),
(35, 5, 136, 12, 7, 10, NULL, 29, 0, NULL, 1, NULL, NULL, NULL, '2019-12-29 21:58:55', '2019-12-29 21:58:55', NULL),
(36, 5, 167, 2, 3, 9, NULL, 14, 1, NULL, 1, NULL, NULL, NULL, '2019-12-29 21:58:55', '2019-12-29 21:58:55', NULL),
(37, 5, 182, 8, 2, 10, NULL, 20, 1, NULL, 1, NULL, NULL, NULL, '2019-12-29 21:58:55', '2019-12-29 21:58:55', NULL),
(38, 5, 194, 9, 4, 5, NULL, 18, 1, NULL, 1, NULL, NULL, NULL, '2019-12-29 21:58:55', '2019-12-29 21:58:55', NULL),
(39, 2, 12, NULL, NULL, NULL, 20, 20, 0, NULL, 1, NULL, NULL, NULL, '2019-12-29 21:59:41', '2019-12-29 21:59:41', NULL),
(40, 2, 128, NULL, NULL, NULL, 20, 20, 0, NULL, 1, NULL, NULL, NULL, '2019-12-29 21:59:41', '2019-12-29 21:59:41', NULL),
(41, 2, 172, NULL, NULL, NULL, 20, 20, 0, NULL, 1, NULL, NULL, NULL, '2019-12-29 21:59:41', '2019-12-29 21:59:41', NULL),
(42, 2, 185, NULL, NULL, NULL, 0, 20, 0, NULL, 1, NULL, NULL, NULL, '2019-12-29 21:59:41', '2019-12-29 23:08:14', NULL),
(43, 3, 39, NULL, NULL, NULL, 0, 20, 0, NULL, 1, NULL, NULL, NULL, '2019-12-29 22:00:02', '2019-12-29 23:09:08', NULL),
(44, 3, 50, NULL, NULL, NULL, 0, 20, 0, NULL, 1, NULL, NULL, NULL, '2019-12-29 22:00:02', '2019-12-29 23:09:01', NULL),
(45, 3, 105, NULL, NULL, NULL, 0, 20, 0, NULL, 1, NULL, NULL, NULL, '2019-12-29 22:00:02', '2019-12-29 23:08:54', NULL),
(46, 7, 2, 21, 14, 16, NULL, 51, 0, NULL, 1, NULL, NULL, NULL, '2019-12-29 22:31:21', '2019-12-29 22:31:21', NULL),
(47, 7, 6, 19, 16, 11, NULL, 46, 1, NULL, 1, NULL, NULL, NULL, '2019-12-29 22:31:21', '2019-12-29 22:31:21', NULL),
(48, 7, 10, 6, 8, 10, NULL, 24, 1, NULL, 1, NULL, NULL, NULL, '2019-12-29 22:31:21', '2019-12-29 22:31:21', NULL),
(49, 7, 21, 11, 6, 29, NULL, 46, 1, NULL, 1, NULL, NULL, NULL, '2019-12-29 22:31:21', '2019-12-29 22:31:21', NULL),
(50, 7, 24, 10, 20, 21, NULL, 51, 0, NULL, 1, NULL, NULL, NULL, '2019-12-29 22:31:21', '2019-12-29 22:31:21', NULL),
(51, 7, 25, 4, 15, 16, NULL, 35, 1, NULL, 1, NULL, NULL, NULL, '2019-12-29 22:31:21', '2019-12-29 22:31:21', NULL),
(52, 7, 27, 18, 21, 28, NULL, 67, 0, NULL, 1, NULL, NULL, NULL, '2019-12-29 22:31:21', '2019-12-29 22:31:21', NULL),
(53, 7, 29, 5, 6, 8, NULL, 19, 1, NULL, 1, NULL, NULL, NULL, '2019-12-29 22:31:21', '2019-12-29 22:31:21', NULL),
(54, 7, 30, 4, 11, 9, NULL, 24, 1, NULL, 1, NULL, NULL, NULL, '2019-12-29 22:31:21', '2019-12-29 22:31:21', NULL),
(55, 7, 31, 16, 18, 30, NULL, 64, 0, NULL, 1, NULL, NULL, NULL, '2019-12-29 22:31:21', '2019-12-29 22:31:21', NULL),
(56, 7, 32, 15, 7, 6, NULL, 28, 1, NULL, 1, NULL, NULL, NULL, '2019-12-29 22:31:21', '2019-12-29 22:31:21', NULL),
(57, 7, 33, 24, 20, 31, NULL, 75, 0, NULL, 1, NULL, NULL, NULL, '2019-12-29 22:31:21', '2019-12-29 22:31:21', NULL),
(58, 7, 34, 3, 5, 7, NULL, 15, 1, NULL, 1, NULL, NULL, NULL, '2019-12-29 22:31:22', '2019-12-29 22:31:22', NULL),
(59, 7, 35, 0, 0, 0, NULL, 0, 1, NULL, 1, NULL, NULL, NULL, '2019-12-29 22:31:22', '2019-12-29 22:31:22', NULL),
(60, 7, 36, 26, 20, 28, NULL, 74, 0, NULL, 1, NULL, NULL, NULL, '2019-12-29 22:31:22', '2019-12-29 22:31:22', NULL),
(61, 7, 40, 20, 23, 7, NULL, 50, 1, NULL, 1, NULL, NULL, NULL, '2019-12-29 22:31:22', '2019-12-29 22:31:22', NULL),
(62, 7, 44, 20, 10, 16, NULL, 46, 0, NULL, 1, NULL, NULL, NULL, '2019-12-29 22:31:22', '2019-12-29 22:31:22', NULL),
(63, 7, 47, 6, 14, 13, NULL, 33, 1, NULL, 1, NULL, NULL, NULL, '2019-12-29 22:31:22', '2019-12-29 22:31:22', NULL),
(64, 7, 48, 13, 5, 7, NULL, 25, 1, NULL, 1, NULL, NULL, NULL, '2019-12-29 22:31:22', '2019-12-29 22:31:22', NULL),
(65, 7, 52, 27, 26, 24, NULL, 77, 0, NULL, 1, NULL, NULL, NULL, '2019-12-29 22:31:22', '2019-12-29 22:31:22', NULL),
(66, 7, 53, 24, 21, 34, NULL, 79, 0, NULL, 1, NULL, NULL, NULL, '2019-12-29 22:31:22', '2019-12-29 22:31:22', NULL),
(67, 7, 54, 28, 24, 34, NULL, 86, 0, NULL, 1, NULL, NULL, NULL, '2019-12-29 22:31:22', '2019-12-29 22:31:22', NULL),
(68, 7, 55, 27, 18, 15, NULL, 60, 0, NULL, 1, NULL, NULL, NULL, '2019-12-29 22:31:22', '2019-12-29 22:31:22', NULL),
(69, 7, 56, 16, 11, 12, NULL, 39, 1, NULL, 1, NULL, NULL, NULL, '2019-12-29 22:31:22', '2019-12-29 22:31:22', NULL),
(70, 7, 57, 8, 10, 13, NULL, 31, 1, NULL, 1, NULL, NULL, NULL, '2019-12-29 22:31:22', '2019-12-29 22:31:22', NULL),
(71, 7, 58, 14, 16, 30, NULL, 60, 0, NULL, 1, NULL, NULL, NULL, '2019-12-29 22:31:22', '2019-12-29 22:31:22', NULL),
(72, 7, 62, 9, 9, 12, NULL, 30, 1, NULL, 1, NULL, NULL, NULL, '2019-12-29 22:31:22', '2019-12-29 22:31:22', NULL),
(73, 7, 65, 4, 4, 6, NULL, 14, 1, NULL, 1, NULL, NULL, NULL, '2019-12-29 22:31:22', '2019-12-29 22:31:22', NULL),
(74, 7, 66, 23, 23, 29, NULL, 75, 0, NULL, 1, NULL, NULL, NULL, '2019-12-29 22:31:22', '2019-12-29 22:31:22', NULL),
(75, 7, 67, 28, 23, 17, NULL, 68, 0, NULL, 1, NULL, NULL, NULL, '2019-12-29 22:31:22', '2019-12-29 22:31:22', NULL),
(76, 7, 68, 0, 0, 0, NULL, 0, 1, NULL, 1, NULL, NULL, NULL, '2019-12-29 22:31:22', '2019-12-29 22:31:22', NULL),
(77, 7, 71, 0, 0, 0, NULL, 0, 1, NULL, 1, NULL, NULL, NULL, '2019-12-29 22:31:22', '2019-12-29 22:31:22', NULL),
(78, 7, 73, 26, 26, 28, NULL, 80, 0, NULL, 1, NULL, NULL, NULL, '2019-12-29 22:31:22', '2019-12-29 22:31:22', NULL),
(79, 7, 74, 3, 4, 23, NULL, 30, 1, NULL, 1, NULL, NULL, NULL, '2019-12-29 22:31:22', '2019-12-29 22:31:22', NULL),
(80, 7, 76, 10, 10, 9, NULL, 29, 1, NULL, 1, NULL, NULL, NULL, '2019-12-29 22:31:22', '2019-12-29 22:31:22', NULL),
(81, 7, 77, 22, 20, 27, NULL, 69, 0, NULL, 1, NULL, NULL, NULL, '2019-12-29 22:31:22', '2019-12-29 22:31:22', NULL),
(82, 7, 78, 5, 2, 6, NULL, 13, 1, NULL, 1, NULL, NULL, NULL, '2019-12-29 22:31:22', '2019-12-29 22:31:22', NULL),
(83, 7, 79, 25, 24, 33, NULL, 82, 0, NULL, 1, NULL, NULL, NULL, '2019-12-29 22:31:22', '2019-12-29 22:31:22', NULL),
(84, 7, 81, 20, 25, 33, NULL, 78, 0, NULL, 1, NULL, NULL, NULL, '2019-12-29 22:31:22', '2019-12-29 22:31:22', NULL),
(85, 7, 83, 3, 4, 0, NULL, 7, 1, NULL, 1, NULL, NULL, NULL, '2019-12-29 22:31:22', '2019-12-29 22:31:22', NULL),
(86, 7, 87, 13, 17, 22, NULL, 52, 0, NULL, 1, NULL, NULL, NULL, '2019-12-29 22:31:22', '2019-12-29 22:31:22', NULL),
(87, 7, 88, 25, 25, 33, NULL, 83, 0, NULL, 1, NULL, NULL, NULL, '2019-12-29 22:31:22', '2019-12-29 22:31:22', NULL),
(88, 7, 92, 4, 1, 5, NULL, 10, 1, NULL, 1, NULL, NULL, NULL, '2019-12-29 22:31:22', '2019-12-29 22:31:22', NULL),
(89, 7, 93, 16, 16, 32, NULL, 64, 0, NULL, 1, NULL, NULL, NULL, '2019-12-29 22:31:22', '2019-12-29 22:31:22', NULL),
(90, 7, 94, 24, 11, 10, NULL, 45, 1, NULL, 1, NULL, NULL, NULL, '2019-12-29 22:31:22', '2019-12-29 22:31:22', NULL),
(91, 7, 95, 0, 0, 0, NULL, 0, 1, NULL, 1, NULL, NULL, NULL, '2019-12-29 22:31:22', '2019-12-29 22:31:22', NULL),
(92, 7, 98, 23, 21, 24, NULL, 68, 0, NULL, 1, NULL, NULL, NULL, '2019-12-29 22:31:22', '2019-12-29 22:31:22', NULL),
(93, 7, 100, 10, 4, 12, NULL, 26, 1, NULL, 1, NULL, NULL, NULL, '2019-12-29 22:31:22', '2019-12-29 22:31:22', NULL),
(94, 7, 101, 9, 11, 8, NULL, 28, 1, NULL, 1, NULL, NULL, NULL, '2019-12-29 22:31:22', '2019-12-29 22:31:22', NULL),
(95, 7, 102, 8, 7, 7, NULL, 22, 1, NULL, 1, NULL, NULL, NULL, '2019-12-29 22:31:22', '2019-12-29 22:31:22', NULL),
(96, 7, 104, 20, 18, 13, NULL, 51, 1, NULL, 1, NULL, NULL, NULL, '2019-12-29 22:31:22', '2019-12-29 22:31:22', NULL),
(97, 7, 106, 25, 22, 35, NULL, 82, 0, NULL, 1, NULL, NULL, NULL, '2019-12-29 22:31:22', '2019-12-29 22:31:22', NULL),
(98, 7, 110, 21, 29, 34, NULL, 84, 0, NULL, 1, NULL, NULL, NULL, '2019-12-29 22:31:22', '2019-12-29 22:31:22', NULL),
(99, 7, 114, 11, 11, 9, NULL, 31, 1, NULL, 1, NULL, NULL, NULL, '2019-12-29 22:31:22', '2019-12-29 22:31:22', NULL),
(100, 7, 117, 10, 9, 10, NULL, 29, 1, NULL, 1, NULL, NULL, NULL, '2019-12-29 22:31:22', '2019-12-29 22:31:22', NULL),
(101, 7, 118, 19, 13, 26, NULL, 58, 0, NULL, 1, NULL, NULL, NULL, '2019-12-29 22:31:22', '2019-12-29 22:31:22', NULL),
(102, 7, 119, 14, 16, 23, NULL, 53, 0, NULL, 1, NULL, NULL, NULL, '2019-12-29 22:31:22', '2019-12-29 22:31:22', NULL),
(103, 7, 121, 28, 23, 30, NULL, 81, 0, NULL, 1, NULL, NULL, NULL, '2019-12-29 22:31:22', '2019-12-29 22:31:22', NULL),
(104, 7, 126, 11, 11, 4, NULL, 26, 1, NULL, 1, NULL, NULL, NULL, '2019-12-29 22:31:22', '2019-12-29 22:31:22', NULL),
(105, 7, 129, 8, 9, 20, NULL, 37, 1, NULL, 1, NULL, NULL, NULL, '2019-12-29 22:31:22', '2019-12-29 22:31:22', NULL),
(106, 7, 130, 27, 26, 33, NULL, 86, 0, NULL, 1, NULL, NULL, NULL, '2019-12-29 22:31:22', '2019-12-29 22:31:22', NULL),
(107, 7, 131, 19, 20, 22, NULL, 61, 0, NULL, 1, NULL, NULL, NULL, '2019-12-29 22:31:22', '2019-12-29 22:31:22', NULL),
(108, 7, 132, 20, 12, 17, NULL, 49, 0, NULL, 1, NULL, NULL, NULL, '2019-12-29 22:31:22', '2019-12-29 22:31:22', NULL),
(109, 7, 134, 27, 21, 30, NULL, 78, 0, NULL, 1, NULL, NULL, NULL, '2019-12-29 22:31:22', '2019-12-29 22:31:22', NULL),
(110, 7, 135, 23, 19, 28, NULL, 70, 0, NULL, 1, NULL, NULL, NULL, '2019-12-29 22:31:22', '2019-12-29 22:31:22', NULL),
(111, 7, 138, 13, 24, 27, NULL, 64, 0, NULL, 1, NULL, NULL, NULL, '2019-12-29 22:31:22', '2019-12-29 22:31:22', NULL),
(112, 7, 140, 13, 13, 14, NULL, 40, 0, NULL, 1, NULL, NULL, NULL, '2019-12-29 22:31:22', '2019-12-29 22:31:22', NULL),
(113, 7, 142, 17, 12, 22, NULL, 51, 0, NULL, 1, NULL, NULL, NULL, '2019-12-29 22:31:22', '2019-12-29 22:31:22', NULL),
(114, 7, 145, 22, 18, 18, NULL, 58, 0, NULL, 1, NULL, NULL, NULL, '2019-12-29 22:31:22', '2019-12-29 22:31:22', NULL),
(115, 7, 149, 20, 11, 19, NULL, 50, 0, NULL, 1, NULL, NULL, NULL, '2019-12-29 22:31:22', '2019-12-29 22:31:22', NULL),
(116, 7, 154, 21, 9, 14, NULL, 44, 1, NULL, 1, NULL, NULL, NULL, '2019-12-29 22:31:22', '2019-12-29 22:31:22', NULL),
(117, 7, 157, 29, 25, 33, NULL, 87, 0, NULL, 1, NULL, NULL, NULL, '2019-12-29 22:31:22', '2019-12-29 22:31:22', NULL),
(118, 7, 159, 7, 3, 5, NULL, 15, 1, NULL, 1, NULL, NULL, NULL, '2019-12-29 22:31:22', '2019-12-29 22:31:22', NULL),
(119, 7, 160, 16, 4, 13, NULL, 33, 1, NULL, 1, NULL, NULL, NULL, '2019-12-29 22:31:22', '2019-12-29 22:31:22', NULL),
(120, 7, 161, 28, 24, 29, NULL, 81, 0, NULL, 1, NULL, NULL, NULL, '2019-12-29 22:31:22', '2019-12-29 22:31:22', NULL),
(121, 7, 165, 15, 11, 15, NULL, 41, 0, NULL, 1, NULL, NULL, NULL, '2019-12-29 22:31:22', '2019-12-29 22:31:22', NULL),
(122, 7, 168, 27, 26, 28, NULL, 81, 0, NULL, 1, NULL, NULL, NULL, '2019-12-29 22:31:22', '2019-12-29 22:31:22', NULL),
(123, 7, 170, 7, 11, 14, NULL, 32, 1, NULL, 1, NULL, NULL, NULL, '2019-12-29 22:31:22', '2019-12-29 22:31:22', NULL),
(124, 7, 171, 18, 18, 26, NULL, 62, 0, NULL, 1, NULL, NULL, NULL, '2019-12-29 22:31:22', '2019-12-29 22:31:22', NULL),
(125, 7, 174, 17, 10, 6, NULL, 33, 1, NULL, 1, NULL, NULL, NULL, '2019-12-29 22:31:22', '2019-12-29 22:31:22', NULL),
(126, 7, 175, 26, 25, 30, NULL, 81, 0, NULL, 1, NULL, NULL, NULL, '2019-12-29 22:31:22', '2019-12-29 22:31:22', NULL),
(127, 7, 177, 22, 25, 27, NULL, 74, 0, NULL, 1, NULL, NULL, NULL, '2019-12-29 22:31:22', '2019-12-29 22:31:22', NULL),
(128, 7, 184, 25, 25, 26, NULL, 76, 0, NULL, 1, NULL, NULL, NULL, '2019-12-29 22:31:22', '2019-12-29 22:31:22', NULL),
(129, 7, 188, 7, 18, 20, NULL, 45, 1, NULL, 1, NULL, NULL, NULL, '2019-12-29 22:31:22', '2019-12-29 22:31:22', NULL),
(130, 7, 189, 12, 6, 16, NULL, 34, 1, NULL, 1, NULL, NULL, NULL, '2019-12-29 22:31:22', '2019-12-29 22:31:22', NULL),
(131, 7, 190, 5, 3, 15, NULL, 23, 1, NULL, 1, NULL, NULL, NULL, '2019-12-29 22:31:22', '2019-12-29 22:31:22', NULL),
(132, 7, 197, 12, 6, 19, NULL, 37, 1, NULL, 1, NULL, NULL, NULL, '2019-12-29 22:31:22', '2019-12-29 22:31:22', NULL),
(133, 7, 199, 24, 17, 22, NULL, 63, 0, NULL, 1, NULL, NULL, NULL, '2019-12-29 22:31:22', '2019-12-29 22:31:22', NULL),
(134, 7, 200, 30, 24, 30, NULL, 84, 0, NULL, 1, NULL, NULL, NULL, '2019-12-29 22:31:22', '2019-12-29 22:31:22', NULL),
(135, 9, 1, 0, 0, 0, NULL, 0, 1, NULL, 1, NULL, NULL, NULL, '2019-12-29 22:37:16', '2019-12-29 22:37:16', NULL),
(136, 9, 4, 5, 10, 1, NULL, 16, 1, NULL, 1, NULL, NULL, NULL, '2019-12-29 22:37:16', '2019-12-29 22:37:16', NULL),
(137, 9, 5, 21, 16, 17, NULL, 54, 0, NULL, 1, NULL, NULL, NULL, '2019-12-29 22:37:16', '2019-12-29 22:37:16', NULL),
(138, 9, 63, 11, 5, 0, NULL, 16, 1, NULL, 1, NULL, NULL, NULL, '2019-12-29 22:37:16', '2019-12-29 22:37:16', NULL),
(139, 9, 72, 11, 6, 7, NULL, 24, 1, NULL, 1, NULL, NULL, NULL, '2019-12-29 22:37:16', '2019-12-29 22:37:16', NULL),
(140, 9, 80, 5, 5, 3, NULL, 13, 1, NULL, 1, NULL, NULL, NULL, '2019-12-29 22:37:16', '2019-12-29 22:37:16', NULL),
(141, 9, 86, 6, 8, 11, NULL, 25, 1, NULL, 1, NULL, NULL, NULL, '2019-12-29 22:37:16', '2019-12-29 22:37:16', NULL),
(142, 9, 91, 10, 10, 1, NULL, 21, 1, NULL, 1, NULL, NULL, NULL, '2019-12-29 22:37:16', '2019-12-29 22:37:16', NULL),
(143, 9, 108, 5, 2, 3, NULL, 10, 1, NULL, 1, NULL, NULL, NULL, '2019-12-29 22:37:16', '2019-12-29 22:37:16', NULL),
(144, 9, 113, 9, 7, 5, NULL, 21, 1, NULL, 1, NULL, NULL, NULL, '2019-12-29 22:37:16', '2019-12-29 22:37:16', NULL),
(145, 9, 125, 5, 8, 2, NULL, 15, 1, NULL, 1, NULL, NULL, NULL, '2019-12-29 22:37:16', '2019-12-29 22:37:16', NULL),
(146, 9, 151, 5, 2, 0, NULL, 7, 1, NULL, 1, NULL, NULL, NULL, '2019-12-29 22:37:16', '2019-12-29 22:37:16', NULL),
(147, 9, 162, 6, 2, 0, NULL, 8, 1, NULL, 1, NULL, NULL, NULL, '2019-12-29 22:37:16', '2019-12-29 22:37:16', NULL),
(148, 9, 163, 16, 15, 6, NULL, 37, 1, NULL, 1, NULL, NULL, NULL, '2019-12-29 22:37:16', '2019-12-29 22:37:16', NULL),
(149, 9, 173, 17, 11, 3, NULL, 31, 1, NULL, 1, NULL, NULL, NULL, '2019-12-29 22:37:16', '2019-12-29 22:37:16', NULL),
(150, 9, 176, 7, 5, 2, NULL, 14, 1, NULL, 1, NULL, NULL, NULL, '2019-12-29 22:37:16', '2019-12-29 22:37:16', NULL),
(151, 9, 180, 2, 2, 0, NULL, 4, 1, NULL, 1, NULL, NULL, NULL, '2019-12-29 22:37:16', '2019-12-29 22:37:16', NULL),
(152, 8, 9, 9, 9, 5, NULL, 23, 1, NULL, 1, NULL, NULL, NULL, '2019-12-29 22:54:33', '2019-12-29 22:54:33', NULL),
(153, 8, 11, 17, 8, 17, NULL, 42, 1, NULL, 1, NULL, NULL, NULL, '2019-12-29 22:54:33', '2019-12-29 22:54:33', NULL),
(154, 8, 14, 13, 9, 21, NULL, 43, 1, NULL, 1, NULL, NULL, NULL, '2019-12-29 22:54:33', '2019-12-29 22:54:33', NULL),
(155, 8, 19, 3, 4, 10, NULL, 17, 1, NULL, 1, NULL, NULL, NULL, '2019-12-29 22:54:33', '2019-12-29 22:54:33', NULL),
(156, 8, 38, 6, 4, 5, NULL, 15, 1, NULL, 1, NULL, NULL, NULL, '2019-12-29 22:54:33', '2019-12-29 22:54:33', NULL),
(157, 8, 70, 7, 14, 30, NULL, 51, 1, NULL, 1, NULL, NULL, NULL, '2019-12-29 22:54:33', '2019-12-29 22:54:33', NULL),
(158, 8, 97, 7, 5, 8, NULL, 20, 1, NULL, 1, NULL, NULL, NULL, '2019-12-29 22:54:33', '2019-12-29 22:54:33', NULL),
(159, 8, 139, 5, 5, 4, NULL, 14, 1, NULL, 1, NULL, NULL, NULL, '2019-12-29 22:54:33', '2019-12-29 22:54:33', NULL),
(160, 8, 143, 3, 4, 0, NULL, 7, 1, NULL, 1, NULL, NULL, NULL, '2019-12-29 22:54:33', '2019-12-29 22:54:33', NULL),
(161, 8, 166, 9, 9, 9, NULL, 27, 1, NULL, 1, NULL, NULL, NULL, '2019-12-29 22:54:33', '2019-12-29 22:54:33', NULL),
(162, 8, 183, 6, 2, 1, NULL, 9, 1, NULL, 1, NULL, NULL, NULL, '2019-12-29 22:54:33', '2019-12-29 22:54:33', NULL),
(163, 8, 191, 3, 3, 1, NULL, 7, 1, NULL, 1, NULL, NULL, NULL, '2019-12-29 22:54:33', '2019-12-29 22:54:33', NULL),
(164, 10, 8, 8, 6, 5, NULL, 19, 1, NULL, 1, NULL, NULL, NULL, '2019-12-29 23:03:53', '2019-12-29 23:03:53', NULL),
(165, 10, 13, 9, 12, 17, NULL, 38, 1, NULL, 1, NULL, NULL, NULL, '2019-12-29 23:03:53', '2019-12-29 23:03:53', NULL),
(166, 10, 17, 9, 6, 22, NULL, 37, 1, NULL, 1, NULL, NULL, NULL, '2019-12-29 23:03:53', '2019-12-29 23:03:53', NULL),
(167, 10, 18, 8, 1, 2, NULL, 11, 1, NULL, 1, NULL, NULL, NULL, '2019-12-29 23:03:53', '2019-12-29 23:03:53', NULL),
(168, 10, 22, 25, 22, 27, NULL, 74, 0, NULL, 1, NULL, NULL, NULL, '2019-12-29 23:03:53', '2019-12-29 23:03:53', NULL),
(169, 10, 23, 5, 7, 10, NULL, 22, 1, NULL, 1, NULL, NULL, NULL, '2019-12-29 23:03:53', '2019-12-29 23:03:53', NULL),
(170, 10, 26, 3, 1, 1, NULL, 5, 1, NULL, 1, NULL, NULL, NULL, '2019-12-29 23:03:53', '2019-12-29 23:03:53', NULL),
(171, 10, 28, 16, 16, 11, NULL, 43, 1, NULL, 1, NULL, NULL, NULL, '2019-12-29 23:03:53', '2019-12-29 23:03:53', NULL),
(172, 10, 42, 18, 9, 25, NULL, 52, 1, NULL, 1, NULL, NULL, NULL, '2019-12-29 23:03:53', '2019-12-29 23:03:53', NULL),
(173, 10, 45, 19, 26, 18, NULL, 63, 0, NULL, 1, NULL, NULL, NULL, '2019-12-29 23:03:53', '2019-12-29 23:03:53', NULL),
(174, 10, 51, 12, 19, 29, NULL, 60, 0, NULL, 1, NULL, NULL, NULL, '2019-12-29 23:03:53', '2019-12-29 23:03:53', NULL),
(175, 10, 64, 24, 24, 35, NULL, 83, 0, NULL, 1, NULL, NULL, NULL, '2019-12-29 23:03:53', '2019-12-29 23:03:53', NULL),
(176, 10, 69, 13, 2, 4, NULL, 19, 1, NULL, 1, NULL, NULL, NULL, '2019-12-29 23:03:53', '2019-12-29 23:03:53', NULL),
(177, 10, 82, 0, 0, 0, NULL, 0, 1, NULL, 1, NULL, NULL, NULL, '2019-12-29 23:03:53', '2019-12-29 23:03:53', NULL),
(178, 10, 85, 17, 20, 33, NULL, 70, 0, NULL, 1, NULL, NULL, NULL, '2019-12-29 23:03:53', '2019-12-29 23:03:53', NULL),
(179, 10, 89, 28, 23, 38, NULL, 89, 0, NULL, 1, NULL, NULL, NULL, '2019-12-29 23:03:53', '2019-12-29 23:03:53', NULL),
(180, 10, 96, 8, 8, 2, NULL, 18, 1, NULL, 1, NULL, NULL, NULL, '2019-12-29 23:03:53', '2019-12-29 23:03:53', NULL),
(181, 10, 99, 5, 7, 9, NULL, 21, 1, NULL, 1, NULL, NULL, NULL, '2019-12-29 23:03:53', '2019-12-29 23:03:53', NULL),
(182, 10, 109, 7, 6, 2, NULL, 15, 1, NULL, 1, NULL, NULL, NULL, '2019-12-29 23:03:53', '2019-12-29 23:03:53', NULL),
(183, 10, 111, 4, 4, 1, NULL, 9, 1, NULL, 1, NULL, NULL, NULL, '2019-12-29 23:03:53', '2019-12-29 23:03:53', NULL),
(184, 10, 112, 3, 3, 4, NULL, 10, 1, NULL, 1, NULL, NULL, NULL, '2019-12-29 23:03:53', '2019-12-29 23:03:53', NULL),
(185, 10, 127, 27, 20, 35, NULL, 82, 0, NULL, 1, NULL, NULL, NULL, '2019-12-29 23:03:53', '2019-12-29 23:03:53', NULL),
(186, 10, 137, 21, 23, 21, NULL, 65, 0, NULL, 1, NULL, NULL, NULL, '2019-12-29 23:03:53', '2019-12-29 23:03:53', NULL),
(187, 10, 146, 11, 16, 18, NULL, 45, 0, NULL, 1, NULL, NULL, NULL, '2019-12-29 23:03:53', '2019-12-29 23:03:53', NULL),
(188, 10, 147, 12, 13, 26, NULL, 51, 0, NULL, 1, NULL, NULL, NULL, '2019-12-29 23:03:53', '2019-12-29 23:03:53', NULL),
(189, 10, 148, 15, 8, 15, NULL, 38, 1, NULL, 1, NULL, NULL, NULL, '2019-12-29 23:03:53', '2019-12-29 23:03:53', NULL),
(190, 10, 152, 3, 1, 0, NULL, 4, 1, NULL, 1, NULL, NULL, NULL, '2019-12-29 23:03:53', '2019-12-29 23:03:53', NULL),
(191, 10, 153, 19, 21, 27, NULL, 67, 0, NULL, 1, NULL, NULL, NULL, '2019-12-29 23:03:53', '2019-12-29 23:03:53', NULL),
(192, 10, 155, 6, 7, 1, NULL, 14, 1, NULL, 1, NULL, NULL, NULL, '2019-12-29 23:03:53', '2019-12-29 23:03:53', NULL),
(193, 10, 156, 2, 3, 1, NULL, 6, 1, NULL, 1, NULL, NULL, NULL, '2019-12-29 23:03:53', '2019-12-29 23:03:53', NULL),
(194, 10, 169, 15, 14, 17, NULL, 46, 0, NULL, 1, NULL, NULL, NULL, '2019-12-29 23:03:53', '2019-12-29 23:03:53', NULL),
(195, 10, 178, 8, 5, 9, NULL, 22, 1, NULL, 1, NULL, NULL, NULL, '2019-12-29 23:03:53', '2019-12-29 23:03:53', NULL),
(196, 10, 187, 0, 0, 0, NULL, 0, 1, NULL, 1, NULL, NULL, NULL, '2019-12-29 23:03:53', '2019-12-29 23:03:53', NULL),
(197, 10, 192, 6, 4, 2, NULL, 12, 1, NULL, 1, NULL, NULL, NULL, '2019-12-29 23:03:53', '2019-12-29 23:03:53', NULL),
(198, 10, 193, 19, 22, 23, NULL, 64, 0, NULL, 1, NULL, NULL, NULL, '2019-12-29 23:03:53', '2019-12-29 23:03:53', NULL),
(199, 10, 195, 17, 19, 16, NULL, 52, 0, NULL, 1, NULL, NULL, NULL, '2019-12-29 23:03:53', '2019-12-29 23:03:53', NULL),
(200, 10, 201, 6, 5, 3, NULL, 14, 1, NULL, 1, NULL, NULL, NULL, '2019-12-29 23:03:53', '2019-12-29 23:03:53', NULL),
(201, 10, 212, 6, 10, 3, NULL, 19, 1, NULL, 2, NULL, NULL, NULL, '2020-01-11 21:59:42', '2020-01-11 21:59:42', NULL),
(202, 10, 217, 9, 12, 18, NULL, 39, 1, NULL, 2, NULL, NULL, NULL, '2020-01-11 21:59:42', '2020-01-11 21:59:42', NULL),
(203, 10, 221, 9, 8, 4, NULL, 21, 1, NULL, 2, NULL, NULL, NULL, '2020-01-11 21:59:42', '2020-01-11 21:59:42', NULL),
(204, 10, 226, 9, 7, 6, NULL, 22, 1, NULL, 2, NULL, NULL, NULL, '2020-01-11 21:59:42', '2020-01-11 21:59:42', NULL),
(205, 10, 228, 7, 11, 6, NULL, 24, 1, NULL, 2, NULL, NULL, NULL, '2020-01-11 21:59:42', '2020-01-11 21:59:42', NULL),
(206, 10, 237, 0, 0, 0, NULL, 0, 1, NULL, 2, NULL, NULL, NULL, '2020-01-11 21:59:42', '2020-01-11 21:59:42', NULL),
(207, 10, 241, 9, 1, 6, NULL, 16, 1, NULL, 2, NULL, NULL, NULL, '2020-01-11 21:59:42', '2020-01-11 21:59:42', NULL),
(208, 10, 247, 7, 11, 14, NULL, 32, 1, NULL, 2, NULL, NULL, NULL, '2020-01-11 21:59:42', '2020-01-11 21:59:42', NULL),
(209, 10, 248, 4, 7, 4, NULL, 15, 1, NULL, 2, NULL, NULL, NULL, '2020-01-11 21:59:42', '2020-01-11 21:59:42', NULL),
(210, 10, 250, 4, 3, 0, NULL, 7, 1, NULL, 2, NULL, NULL, NULL, '2020-01-11 21:59:42', '2020-01-11 21:59:42', NULL),
(211, 10, 257, 0, 0, 0, NULL, 0, 1, NULL, 2, NULL, NULL, NULL, '2020-01-11 21:59:42', '2020-01-11 21:59:42', NULL),
(212, 10, 260, 0, 0, 0, NULL, 0, 1, NULL, 2, NULL, NULL, NULL, '2020-01-11 21:59:42', '2020-01-11 21:59:42', NULL),
(213, 10, 261, 0, 0, 0, NULL, 0, 1, NULL, 2, NULL, NULL, NULL, '2020-01-11 21:59:42', '2020-01-11 21:59:42', NULL),
(214, 10, 262, 0, 0, 0, NULL, 0, 1, NULL, 2, NULL, NULL, NULL, '2020-01-11 21:59:42', '2020-01-11 21:59:42', NULL),
(215, 10, 276, 3, 0, 1, NULL, 4, 1, NULL, 2, NULL, NULL, NULL, '2020-01-11 21:59:42', '2020-01-11 21:59:42', NULL),
(216, 10, 283, 0, 0, 0, NULL, 0, 1, NULL, 2, NULL, NULL, NULL, '2020-01-11 21:59:42', '2020-01-11 21:59:42', NULL),
(217, 10, 284, 0, 0, 0, NULL, 0, 1, NULL, 2, NULL, NULL, NULL, '2020-01-11 21:59:42', '2020-01-11 21:59:42', NULL),
(218, 10, 293, 8, 7, 0, NULL, 15, 1, NULL, 2, NULL, NULL, NULL, '2020-01-11 21:59:42', '2020-01-11 21:59:42', NULL),
(219, 10, 296, 7, 3, 3, NULL, 13, 1, NULL, 2, NULL, NULL, NULL, '2020-01-11 21:59:42', '2020-01-11 21:59:42', NULL),
(220, 10, 297, 7, 5, 4, NULL, 16, 1, NULL, 2, NULL, NULL, NULL, '2020-01-11 21:59:42', '2020-01-11 21:59:42', NULL),
(221, 10, 299, 8, 11, 17, NULL, 36, 1, NULL, 2, NULL, NULL, NULL, '2020-01-11 21:59:42', '2020-01-11 21:59:42', NULL),
(222, 10, 306, 4, 6, 1, NULL, 11, 1, NULL, 2, NULL, NULL, NULL, '2020-01-11 21:59:42', '2020-01-11 21:59:42', NULL),
(223, 10, 316, 4, 8, 1, NULL, 13, 1, NULL, 2, NULL, NULL, NULL, '2020-01-11 21:59:42', '2020-01-11 21:59:42', NULL),
(224, 10, 323, 12, 13, 17, NULL, 42, 0, NULL, 2, NULL, NULL, NULL, '2020-01-11 21:59:42', '2020-01-11 21:59:42', NULL),
(225, 10, 329, 9, 12, 8, NULL, 29, 1, NULL, 2, NULL, NULL, NULL, '2020-01-11 21:59:42', '2020-01-11 21:59:42', NULL),
(226, 10, 330, 11, 10, 7, NULL, 28, 1, NULL, 2, NULL, NULL, NULL, '2020-01-11 21:59:42', '2020-01-11 21:59:42', NULL),
(227, 10, 331, 12, 13, 7, NULL, 32, 1, NULL, 2, NULL, NULL, NULL, '2020-01-11 21:59:42', '2020-01-11 21:59:42', NULL),
(228, 10, 332, 10, 13, 10, NULL, 33, 1, NULL, 2, NULL, NULL, NULL, '2020-01-11 21:59:42', '2020-01-11 21:59:42', NULL),
(229, 10, 335, 8, 13, 9, NULL, 30, 1, NULL, 2, NULL, NULL, NULL, '2020-01-11 21:59:42', '2020-01-11 21:59:42', NULL),
(230, 10, 336, 4, 4, 1, NULL, 9, 1, NULL, 2, NULL, NULL, NULL, '2020-01-11 21:59:42', '2020-01-11 21:59:42', NULL),
(231, 10, 349, 5, 7, 0, NULL, 12, 1, NULL, 2, NULL, NULL, NULL, '2020-01-11 21:59:42', '2020-01-11 21:59:42', NULL),
(232, 4, 204, 0, 0, 0, NULL, 0, 1, NULL, 2, NULL, NULL, NULL, '2020-01-11 22:03:25', '2020-01-11 22:03:25', NULL),
(233, 4, 215, 9, 5, 0, NULL, 14, 1, NULL, 2, NULL, NULL, NULL, '2020-01-11 22:03:25', '2020-01-11 22:03:25', NULL),
(234, 4, 216, 12, 11, 6, NULL, 29, 1, NULL, 2, NULL, NULL, NULL, '2020-01-11 22:03:25', '2020-01-11 22:03:25', NULL),
(235, 4, 219, 0, 0, 0, NULL, 0, 1, NULL, 2, NULL, NULL, NULL, '2020-01-11 22:03:25', '2020-01-11 22:03:25', NULL),
(236, 4, 240, 15, 15, 20, NULL, 50, 0, NULL, 2, NULL, NULL, NULL, '2020-01-11 22:03:25', '2020-01-11 22:03:25', NULL),
(237, 4, 243, 0, 0, 0, NULL, 0, 1, NULL, 2, NULL, NULL, NULL, '2020-01-11 22:03:25', '2020-01-11 22:03:25', NULL),
(238, 4, 267, 12, 3, 2, NULL, 17, 1, NULL, 2, NULL, NULL, NULL, '2020-01-11 22:03:25', '2020-01-11 22:03:25', NULL),
(239, 4, 269, 11, 13, 19, NULL, 43, 0, NULL, 2, NULL, NULL, NULL, '2020-01-11 22:03:25', '2020-01-11 22:03:25', NULL),
(240, 4, 270, 0, 0, 0, NULL, 0, 1, NULL, 2, NULL, NULL, NULL, '2020-01-11 22:03:25', '2020-01-11 22:03:25', NULL),
(241, 4, 298, 8, 4, 5, NULL, 17, 1, NULL, 2, NULL, NULL, NULL, '2020-01-11 22:03:25', '2020-01-11 22:03:25', NULL),
(242, 4, 301, 0, 0, 0, NULL, 0, 1, NULL, 2, NULL, NULL, NULL, '2020-01-11 22:03:25', '2020-01-11 22:03:25', NULL),
(243, 4, 309, 0, 0, 0, NULL, 0, 1, NULL, 2, NULL, NULL, NULL, '2020-01-11 22:03:25', '2020-01-11 22:03:25', NULL),
(244, 4, 312, 15, 13, 16, NULL, 44, 0, NULL, 2, NULL, NULL, NULL, '2020-01-11 22:03:25', '2020-01-11 22:03:25', NULL),
(245, 4, 315, 10, 5, 1, NULL, 16, 1, NULL, 2, NULL, NULL, NULL, '2020-01-11 22:03:25', '2020-01-11 22:03:25', NULL),
(246, 4, 337, 13, 14, 12, NULL, 39, 0, NULL, 2, NULL, NULL, NULL, '2020-01-11 22:03:25', '2020-01-11 22:03:25', NULL),
(247, 4, 338, 6, 1, 0, NULL, 7, 1, NULL, 2, NULL, NULL, NULL, '2020-01-11 22:03:25', '2020-01-11 22:03:25', NULL),
(248, 4, 339, 6, 0, 0, NULL, 6, 1, NULL, 2, NULL, NULL, NULL, '2020-01-11 22:03:25', '2020-01-11 22:03:25', NULL),
(249, 4, 343, 5, 0, 1, NULL, 6, 1, NULL, 2, NULL, NULL, NULL, '2020-01-11 22:03:25', '2020-01-11 22:03:25', NULL),
(250, 4, 350, 8, 5, 0, NULL, 13, 1, NULL, 2, NULL, NULL, NULL, '2020-01-11 22:03:25', '2020-01-11 22:03:25', NULL),
(251, 5, 223, 2, 2, 8, NULL, 12, 1, NULL, 2, NULL, NULL, NULL, '2020-01-11 22:05:10', '2020-01-11 22:05:10', NULL),
(252, 5, 231, 1, 0, 0, NULL, 1, 1, NULL, 2, NULL, NULL, NULL, '2020-01-11 22:05:10', '2020-01-11 22:05:10', NULL),
(253, 5, 246, 0, 2, 3, NULL, 5, 1, NULL, 2, NULL, NULL, NULL, '2020-01-11 22:05:10', '2020-01-11 22:05:10', NULL),
(254, 5, 280, 3, 5, 8, NULL, 16, 1, NULL, 2, NULL, NULL, NULL, '2020-01-11 22:05:10', '2020-01-11 22:05:10', NULL),
(255, 5, 281, 1, 0, 2, NULL, 3, 1, NULL, 2, NULL, NULL, NULL, '2020-01-11 22:05:10', '2020-01-11 22:05:10', NULL),
(256, 5, 311, 3, 2, 0, NULL, 5, 1, NULL, 2, NULL, NULL, NULL, '2020-01-11 22:05:10', '2020-01-11 22:05:10', NULL),
(257, 5, 327, 9, 8, 11, NULL, 28, 0, NULL, 2, NULL, NULL, NULL, '2020-01-11 22:05:10', '2020-01-11 22:05:10', NULL),
(258, 8, 229, 3, 2, 1, NULL, 6, 1, NULL, 2, NULL, NULL, NULL, '2020-01-11 22:07:40', '2020-01-11 22:07:40', NULL),
(259, 8, 253, 6, 8, 7, NULL, 21, 1, NULL, 2, NULL, NULL, NULL, '2020-01-11 22:07:40', '2020-01-11 22:07:40', NULL),
(260, 8, 258, 0, 0, 0, NULL, 0, 1, NULL, 2, NULL, NULL, NULL, '2020-01-11 22:07:40', '2020-01-11 22:07:40', NULL),
(261, 8, 264, 4, 2, 1, NULL, 7, 1, NULL, 2, NULL, NULL, NULL, '2020-01-11 22:07:40', '2020-01-11 22:07:40', NULL),
(262, 8, 273, 4, 7, 7, NULL, 18, 1, NULL, 2, NULL, NULL, NULL, '2020-01-11 22:07:40', '2020-01-11 22:07:40', NULL),
(263, 8, 278, 6, 5, 2, NULL, 13, 1, NULL, 2, NULL, NULL, NULL, '2020-01-11 22:07:40', '2020-01-11 22:07:40', NULL),
(264, 8, 295, 5, 3, 3, NULL, 11, 1, NULL, 2, NULL, NULL, NULL, '2020-01-11 22:07:40', '2020-01-11 22:07:40', NULL),
(265, 8, 303, 4, 1, 8, NULL, 13, 1, NULL, 2, NULL, NULL, NULL, '2020-01-11 22:07:40', '2020-01-11 22:07:40', NULL),
(266, 8, 305, 4, 5, 1, NULL, 10, 1, NULL, 2, NULL, NULL, NULL, '2020-01-11 22:07:40', '2020-01-11 22:07:40', NULL),
(267, 8, 317, 9, 6, 7, NULL, 22, 1, NULL, 2, NULL, NULL, NULL, '2020-01-11 22:07:40', '2020-01-11 22:07:40', NULL),
(268, 8, 326, 10, 11, 18, NULL, 39, 0, NULL, 2, NULL, NULL, NULL, '2020-01-11 22:07:40', '2020-01-11 22:07:40', NULL),
(269, 9, 218, 4, 2, 2, NULL, 8, 1, NULL, 2, NULL, NULL, NULL, '2020-01-11 22:10:55', '2020-01-11 22:10:55', NULL),
(270, 9, 235, 3, 1, 2, NULL, 6, 1, NULL, 2, NULL, NULL, NULL, '2020-01-11 22:10:55', '2020-01-11 22:10:55', NULL),
(271, 9, 259, 0, 0, 0, NULL, 0, 1, NULL, 2, NULL, NULL, NULL, '2020-01-11 22:10:55', '2020-01-11 22:10:55', NULL),
(272, 9, 263, 8, 6, 2, NULL, 16, 1, NULL, 2, NULL, NULL, NULL, '2020-01-11 22:10:55', '2020-01-11 22:10:55', NULL),
(273, 9, 268, 2, 1, 3, NULL, 6, 1, NULL, 2, NULL, NULL, NULL, '2020-01-11 22:10:55', '2020-01-11 22:10:55', NULL),
(274, 9, 277, 3, 2, 7, NULL, 12, 1, NULL, 2, NULL, NULL, NULL, '2020-01-11 22:10:55', '2020-01-11 22:10:55', NULL),
(275, 9, 286, 2, 2, 10, NULL, 14, 1, NULL, 2, NULL, NULL, NULL, '2020-01-11 22:10:55', '2020-01-11 22:10:55', NULL),
(276, 9, 288, 1, 4, 1, NULL, 6, 1, NULL, 2, NULL, NULL, NULL, '2020-01-11 22:10:55', '2020-01-11 22:10:55', NULL),
(277, 9, 294, 2, 1, 3, NULL, 6, 1, NULL, 2, NULL, NULL, NULL, '2020-01-11 22:10:55', '2020-01-11 22:10:55', NULL),
(278, 9, 314, 0, 0, 0, NULL, 0, 1, NULL, 2, NULL, NULL, NULL, '2020-01-11 22:10:55', '2020-01-11 22:10:55', NULL),
(279, 9, 321, 0, 1, 2, NULL, 3, 1, NULL, 2, NULL, NULL, NULL, '2020-01-11 22:10:55', '2020-01-11 22:10:55', NULL),
(280, 9, 325, 1, 3, 1, NULL, 5, 1, NULL, 2, NULL, NULL, NULL, '2020-01-11 22:10:55', '2020-01-11 22:10:55', NULL),
(281, 9, 345, 4, 1, 1, NULL, 6, 1, NULL, 2, NULL, NULL, NULL, '2020-01-11 22:10:55', '2020-01-11 22:10:55', NULL),
(282, 9, 346, 3, 2, 2, NULL, 7, 1, NULL, 2, NULL, NULL, NULL, '2020-01-11 22:10:55', '2020-01-11 22:10:55', NULL),
(283, 6, 245, 10, 11, 10, NULL, 31, 0, NULL, 2, NULL, NULL, NULL, '2020-01-11 22:11:59', '2020-01-11 22:11:59', NULL),
(284, 6, 265, 0, 0, 0, NULL, 0, 1, NULL, 2, NULL, NULL, NULL, '2020-01-11 22:11:59', '2020-01-11 22:11:59', NULL),
(285, 6, 344, 3, 3, 3, NULL, 9, 1, NULL, 2, NULL, NULL, NULL, '2020-01-11 22:11:59', '2020-01-11 22:11:59', NULL),
(286, 7, 202, 6, 12, 0, NULL, 18, 1, NULL, 2, NULL, NULL, NULL, '2020-01-11 22:21:51', '2020-01-11 22:21:51', NULL),
(287, 7, 203, 13, 13, 23, NULL, 49, 0, NULL, 2, NULL, NULL, NULL, '2020-01-11 22:21:51', '2020-01-11 22:21:51', NULL),
(288, 7, 205, 10, 8, 15, NULL, 33, 1, NULL, 2, NULL, NULL, NULL, '2020-01-11 22:21:51', '2020-01-11 22:21:51', NULL),
(289, 7, 206, 14, 12, 20, NULL, 46, 0, NULL, 2, NULL, NULL, NULL, '2020-01-11 22:21:51', '2020-01-11 22:21:51', NULL),
(290, 7, 208, 9, 5, 7, NULL, 21, 1, NULL, 2, NULL, NULL, NULL, '2020-01-11 22:21:51', '2020-01-11 22:21:51', NULL),
(291, 7, 209, 12, 13, 17, NULL, 42, 0, NULL, 2, NULL, NULL, NULL, '2020-01-11 22:21:51', '2020-01-11 22:21:51', NULL),
(292, 7, 210, 14, 15, 18, NULL, 47, 0, NULL, 2, NULL, NULL, NULL, '2020-01-11 22:21:51', '2020-01-11 22:21:51', NULL),
(293, 7, 211, 0, 0, 0, NULL, 0, 1, NULL, 2, NULL, NULL, NULL, '2020-01-11 22:21:51', '2020-01-11 22:21:51', NULL),
(294, 7, 213, 0, 0, 0, NULL, 0, 1, NULL, 2, NULL, NULL, NULL, '2020-01-11 22:21:51', '2020-01-11 22:21:51', NULL),
(295, 7, 214, 5, 3, 4, NULL, 12, 1, NULL, 2, NULL, NULL, NULL, '2020-01-11 22:21:51', '2020-01-11 22:21:51', NULL),
(296, 7, 220, 0, 0, 0, NULL, 0, 1, NULL, 2, NULL, NULL, NULL, '2020-01-11 22:21:51', '2020-01-11 22:21:51', NULL),
(297, 7, 222, 8, 4, 1, NULL, 13, 1, NULL, 2, NULL, NULL, NULL, '2020-01-11 22:21:51', '2020-01-11 22:21:51', NULL),
(298, 7, 224, 10, 12, 19, NULL, 41, 0, NULL, 2, NULL, NULL, NULL, '2020-01-11 22:21:51', '2020-01-11 22:21:51', NULL),
(299, 7, 225, 0, 0, 0, NULL, 0, 1, NULL, 2, NULL, NULL, NULL, '2020-01-11 22:21:51', '2020-01-11 22:21:51', NULL),
(300, 7, 227, 0, 0, 0, NULL, 0, 1, NULL, 2, NULL, NULL, NULL, '2020-01-11 22:21:51', '2020-01-11 22:21:51', NULL),
(301, 7, 230, 9, 10, 13, NULL, 32, 1, NULL, 2, NULL, NULL, NULL, '2020-01-11 22:21:51', '2020-01-11 22:21:51', NULL),
(302, 7, 232, 9, 11, 7, NULL, 27, 1, NULL, 2, NULL, NULL, NULL, '2020-01-11 22:21:51', '2020-01-11 22:21:51', NULL),
(303, 7, 233, 0, 0, 0, NULL, 0, 1, NULL, 2, NULL, NULL, NULL, '2020-01-11 22:21:51', '2020-01-11 22:21:51', NULL),
(304, 7, 234, 7, 2, 3, NULL, 12, 1, NULL, 2, NULL, NULL, NULL, '2020-01-11 22:21:51', '2020-01-11 22:21:51', NULL),
(305, 7, 238, 12, 13, 20, NULL, 45, 0, NULL, 2, NULL, NULL, NULL, '2020-01-11 22:21:51', '2020-01-11 22:21:51', NULL),
(306, 7, 239, 12, 13, 20, NULL, 45, 0, NULL, 2, NULL, NULL, NULL, '2020-01-11 22:21:51', '2020-01-11 22:21:51', NULL),
(307, 7, 242, 9, 2, 2, NULL, 13, 1, NULL, 2, NULL, NULL, NULL, '2020-01-11 22:21:51', '2020-01-11 22:21:51', NULL),
(308, 7, 244, 10, 9, 18, NULL, 37, 1, NULL, 2, NULL, NULL, NULL, '2020-01-11 22:21:51', '2020-01-11 22:21:51', NULL),
(309, 7, 249, 11, 10, 8, NULL, 29, 1, NULL, 2, NULL, NULL, NULL, '2020-01-11 22:21:51', '2020-01-11 22:21:51', NULL),
(310, 7, 251, 5, 1, 2, NULL, 8, 1, NULL, 2, NULL, NULL, NULL, '2020-01-11 22:21:51', '2020-01-11 22:21:51', NULL),
(311, 7, 252, 10, 13, 19, NULL, 42, 0, NULL, 2, NULL, NULL, NULL, '2020-01-11 22:21:51', '2020-01-11 22:21:51', NULL),
(312, 7, 255, 8, 6, 7, NULL, 21, 1, NULL, 2, NULL, NULL, NULL, '2020-01-11 22:21:51', '2020-01-11 22:21:51', NULL),
(313, 7, 256, 2, 2, 2, NULL, 6, 1, NULL, 2, NULL, NULL, NULL, '2020-01-11 22:21:51', '2020-01-11 22:21:51', NULL),
(314, 7, 266, 7, 12, 6, NULL, 25, 1, NULL, 2, NULL, NULL, NULL, '2020-01-11 22:21:51', '2020-01-11 22:21:51', NULL),
(315, 7, 271, 8, 11, 19, NULL, 38, 1, NULL, 2, NULL, NULL, NULL, '2020-01-11 22:21:51', '2020-01-11 22:21:51', NULL),
(316, 7, 272, 10, 10, 17, NULL, 37, 0, NULL, 2, NULL, NULL, NULL, '2020-01-11 22:21:51', '2020-01-11 22:21:51', NULL),
(317, 7, 279, 6, 3, 1, NULL, 10, 1, NULL, 2, NULL, NULL, NULL, '2020-01-11 22:21:51', '2020-01-11 22:21:51', NULL),
(318, 7, 282, 8, 2, 0, NULL, 10, 1, NULL, 2, NULL, NULL, NULL, '2020-01-11 22:21:51', '2020-01-11 22:21:51', NULL),
(319, 7, 285, 6, 1, 1, NULL, 8, 1, NULL, 2, NULL, NULL, NULL, '2020-01-11 22:21:51', '2020-01-11 22:21:51', NULL),
(320, 7, 287, 0, 0, 0, NULL, 0, 1, NULL, 2, NULL, NULL, NULL, '2020-01-11 22:21:51', '2020-01-11 22:21:51', NULL),
(321, 7, 289, 7, 7, 11, NULL, 25, 1, NULL, 2, NULL, NULL, NULL, '2020-01-11 22:21:51', '2020-01-11 22:21:51', NULL),
(322, 7, 291, 10, 11, 18, NULL, 39, 0, NULL, 2, NULL, NULL, NULL, '2020-01-11 22:21:51', '2020-01-11 22:21:51', NULL),
(323, 7, 292, 7, 11, 1, NULL, 19, 1, NULL, 2, NULL, NULL, NULL, '2020-01-11 22:21:51', '2020-01-11 22:21:51', NULL),
(324, 7, 300, 7, 7, 6, NULL, 20, 1, NULL, 2, NULL, NULL, NULL, '2020-01-11 22:21:51', '2020-01-11 22:21:51', NULL),
(325, 7, 302, 28, 11, 9, NULL, 48, 1, NULL, 2, NULL, NULL, NULL, '2020-01-11 22:21:51', '2020-01-11 22:21:51', NULL),
(326, 7, 304, 7, 3, 2, NULL, 12, 1, NULL, 2, NULL, NULL, NULL, '2020-01-11 22:21:51', '2020-01-11 22:21:51', NULL),
(327, 7, 307, 7, 3, 1, NULL, 11, 1, NULL, 2, NULL, NULL, NULL, '2020-01-11 22:21:51', '2020-01-11 22:21:51', NULL),
(328, 7, 308, 5, 1, 0, NULL, 6, 1, NULL, 2, NULL, NULL, NULL, '2020-01-11 22:21:51', '2020-01-11 22:21:51', NULL),
(329, 7, 310, 4, 11, 11, NULL, 26, 1, NULL, 2, NULL, NULL, NULL, '2020-01-11 22:21:51', '2020-01-11 22:21:51', NULL),
(330, 7, 313, 6, 1, 1, NULL, 8, 1, NULL, 2, NULL, NULL, NULL, '2020-01-11 22:21:51', '2020-01-11 22:21:51', NULL),
(331, 7, 318, 12, 12, 14, NULL, 38, 0, NULL, 2, NULL, NULL, NULL, '2020-01-11 22:21:51', '2020-01-11 22:21:51', NULL),
(332, 7, 320, 5, 3, 14, NULL, 22, 1, NULL, 2, NULL, NULL, NULL, '2020-01-11 22:21:51', '2020-01-11 22:21:51', NULL),
(333, 7, 322, 4, 7, 8, NULL, 19, 1, NULL, 2, NULL, NULL, NULL, '2020-01-11 22:21:51', '2020-01-11 22:21:51', NULL),
(334, 7, 324, 9, 5, 3, NULL, 17, 1, NULL, 2, NULL, NULL, NULL, '2020-01-11 22:21:51', '2020-01-11 22:21:51', NULL),
(335, 7, 328, 15, 15, 19, NULL, 49, 0, NULL, 2, NULL, NULL, NULL, '2020-01-11 22:21:51', '2020-01-11 22:21:51', NULL),
(336, 7, 333, 6, 10, 2, NULL, 18, 1, NULL, 2, NULL, NULL, NULL, '2020-01-11 22:21:51', '2020-01-11 22:21:51', NULL),
(337, 7, 334, 3, 1, 0, NULL, 4, 1, NULL, 2, NULL, NULL, NULL, '2020-01-11 22:21:51', '2020-01-11 22:21:51', NULL),
(338, 7, 340, 7, 6, 4, NULL, 17, 1, NULL, 2, NULL, NULL, NULL, '2020-01-11 22:21:51', '2020-01-11 22:21:51', NULL),
(339, 7, 347, 6, 4, 8, NULL, 18, 1, NULL, 2, NULL, NULL, NULL, '2020-01-11 22:21:51', '2020-01-11 22:21:51', NULL),
(340, 7, 348, 0, 0, 0, NULL, 0, 1, NULL, 2, NULL, NULL, NULL, '2020-01-11 22:21:51', '2020-01-11 22:21:51', NULL);

-- --------------------------------------------------------

--
-- Table structure for table `admission_results`
--

DROP TABLE IF EXISTS `admission_results`;
CREATE TABLE IF NOT EXISTS `admission_results` (
  `id` bigint UNSIGNED NOT NULL AUTO_INCREMENT,
  `input_mark_id` bigint UNSIGNED DEFAULT NULL,
  `class_id` bigint UNSIGNED DEFAULT NULL,
  `admission_id` bigint UNSIGNED DEFAULT NULL,
  `total_mark` bigint UNSIGNED DEFAULT NULL,
  `position` varchar(191) CHARACTER SET utf8 COLLATE utf8_unicode_ci DEFAULT NULL,
  `status` varchar(191) CHARACTER SET utf8 COLLATE utf8_unicode_ci DEFAULT NULL,
  `part` int DEFAULT NULL,
  `created_by` varchar(191) CHARACTER SET utf8 COLLATE utf8_unicode_ci DEFAULT NULL,
  `updated_by` varchar(191) CHARACTER SET utf8 COLLATE utf8_unicode_ci DEFAULT NULL,
  `deleted_by` varchar(191) CHARACTER SET utf8 COLLATE utf8_unicode_ci DEFAULT NULL,
  `created_at` timestamp NULL DEFAULT NULL,
  `updated_at` timestamp NULL DEFAULT NULL,
  `deleted_at` timestamp NULL DEFAULT NULL,
  PRIMARY KEY (`id`),
  KEY `admission_results_class_id_foreign` (`class_id`),
  KEY `admission_results_admission_id_foreign` (`admission_id`),
  KEY `admission_results_input_mark_id_foreign` (`input_mark_id`)
) ENGINE=InnoDB DEFAULT CHARSET=utf8 COLLATE=utf8_unicode_ci;

-- --------------------------------------------------------

--
-- Table structure for table `admission_starts`
--

DROP TABLE IF EXISTS `admission_starts`;
CREATE TABLE IF NOT EXISTS `admission_starts` (
  `id` bigint UNSIGNED NOT NULL AUTO_INCREMENT,
  `title` varchar(191) CHARACTER SET utf8 COLLATE utf8_unicode_ci NOT NULL,
  `start` datetime NOT NULL,
  `end` datetime NOT NULL,
  `created_at` timestamp NULL DEFAULT NULL,
  `updated_at` timestamp NULL DEFAULT NULL,
  PRIMARY KEY (`id`)
) ENGINE=InnoDB AUTO_INCREMENT=2 DEFAULT CHARSET=utf8 COLLATE=utf8_unicode_ci;

--
-- Dumping data for table `admission_starts`
--

INSERT INTO `admission_starts` (`id`, `title`, `start`, `end`, `created_at`, `updated_at`) VALUES
(1, 'Admission - 2021', '2020-12-10 00:00:00', '2021-11-30 11:59:00', '2019-11-16 09:14:26', '2020-12-15 05:40:54');

-- --------------------------------------------------------

--
-- Table structure for table `all_students`
--

DROP TABLE IF EXISTS `all_students`;
CREATE TABLE IF NOT EXISTS `all_students` (
  `id` bigint UNSIGNED NOT NULL AUTO_INCREMENT,
  `admission_starts_id` bigint UNSIGNED DEFAULT NULL,
  `title` varchar(191) CHARACTER SET utf8 COLLATE utf8_unicode_ci DEFAULT NULL,
  `name` varchar(191) CHARACTER SET utf8 COLLATE utf8_unicode_ci NOT NULL,
  `birth` varchar(191) CHARACTER SET utf8 COLLATE utf8_unicode_ci NOT NULL,
  `birth_certificate` varchar(191) CHARACTER SET utf8 COLLATE utf8_unicode_ci NOT NULL,
  `gender` varchar(191) CHARACTER SET utf8 COLLATE utf8_unicode_ci NOT NULL,
  `blood` varchar(191) CHARACTER SET utf8 COLLATE utf8_unicode_ci DEFAULT NULL,
  `religion` varchar(191) CHARACTER SET utf8 COLLATE utf8_unicode_ci NOT NULL,
  `nationality` varchar(191) CHARACTER SET utf8 COLLATE utf8_unicode_ci DEFAULT NULL,
  `image` varchar(191) CHARACTER SET utf8 COLLATE utf8_unicode_ci DEFAULT NULL,
  `previousInstretute` varchar(191) CHARACTER SET utf8 COLLATE utf8_unicode_ci DEFAULT NULL,
  `previousRoll` varchar(191) CHARACTER SET utf8 COLLATE utf8_unicode_ci DEFAULT NULL,
  `father_name` varchar(191) CHARACTER SET utf8 COLLATE utf8_unicode_ci NOT NULL,
  `father_nid` varchar(191) CHARACTER SET utf8 COLLATE utf8_unicode_ci DEFAULT NULL,
  `father_phone` varchar(191) CHARACTER SET utf8 COLLATE utf8_unicode_ci NOT NULL,
  `father_profession` varchar(191) CHARACTER SET utf8 COLLATE utf8_unicode_ci NOT NULL,
  `father_email` varchar(191) CHARACTER SET utf8 COLLATE utf8_unicode_ci DEFAULT NULL,
  `mother_name` varchar(191) CHARACTER SET utf8 COLLATE utf8_unicode_ci NOT NULL,
  `mother_nid` varchar(191) CHARACTER SET utf8 COLLATE utf8_unicode_ci DEFAULT NULL,
  `mother_phone` varchar(191) CHARACTER SET utf8 COLLATE utf8_unicode_ci DEFAULT NULL,
  `mother_profession` varchar(191) CHARACTER SET utf8 COLLATE utf8_unicode_ci NOT NULL,
  `mother_email` varchar(191) CHARACTER SET utf8 COLLATE utf8_unicode_ci DEFAULT NULL,
  `present_address` varchar(191) CHARACTER SET utf8 COLLATE utf8_unicode_ci NOT NULL,
  `present_village` varchar(191) CHARACTER SET utf8 COLLATE utf8_unicode_ci DEFAULT NULL,
  `present_road` varchar(191) CHARACTER SET utf8 COLLATE utf8_unicode_ci DEFAULT NULL,
  `present_post_office` varchar(191) CHARACTER SET utf8 COLLATE utf8_unicode_ci DEFAULT NULL,
  `present_post_code` varchar(191) CHARACTER SET utf8 COLLATE utf8_unicode_ci DEFAULT NULL,
  `present_thana` varchar(191) CHARACTER SET utf8 COLLATE utf8_unicode_ci DEFAULT NULL,
  `present_district` varchar(191) CHARACTER SET utf8 COLLATE utf8_unicode_ci DEFAULT NULL,
  `same_as_present` tinyint(1) NOT NULL DEFAULT '0',
  `permananent_address` varchar(191) CHARACTER SET utf8 COLLATE utf8_unicode_ci DEFAULT NULL,
  `permananent_village` varchar(191) CHARACTER SET utf8 COLLATE utf8_unicode_ci DEFAULT NULL,
  `permananent_road` varchar(191) CHARACTER SET utf8 COLLATE utf8_unicode_ci DEFAULT NULL,
  `permananent_post_office` varchar(191) CHARACTER SET utf8 COLLATE utf8_unicode_ci DEFAULT NULL,
  `permananent_post_code` varchar(191) CHARACTER SET utf8 COLLATE utf8_unicode_ci DEFAULT NULL,
  `permananent_thana` varchar(191) CHARACTER SET utf8 COLLATE utf8_unicode_ci DEFAULT NULL,
  `permananent_district` varchar(191) CHARACTER SET utf8 COLLATE utf8_unicode_ci DEFAULT NULL,
  `PrimaryContact` tinyint NOT NULL DEFAULT '0',
  `localGurdian_name` varchar(191) CHARACTER SET utf8 COLLATE utf8_unicode_ci DEFAULT NULL,
  `localGurdian_relation` varchar(191) CHARACTER SET utf8 COLLATE utf8_unicode_ci DEFAULT NULL,
  `localGurdian_phone` varchar(191) CHARACTER SET utf8 COLLATE utf8_unicode_ci DEFAULT NULL,
  `localGurdian_email` varchar(191) CHARACTER SET utf8 COLLATE utf8_unicode_ci DEFAULT NULL,
  `localGurdian_address` varchar(191) CHARACTER SET utf8 COLLATE utf8_unicode_ci DEFAULT NULL,
  `localGurdian_village` varchar(191) CHARACTER SET utf8 COLLATE utf8_unicode_ci DEFAULT NULL,
  `localGurdian_road` varchar(191) CHARACTER SET utf8 COLLATE utf8_unicode_ci DEFAULT NULL,
  `localGurdian_post_office` varchar(191) CHARACTER SET utf8 COLLATE utf8_unicode_ci DEFAULT NULL,
  `localGurdian_postCode` varchar(191) CHARACTER SET utf8 COLLATE utf8_unicode_ci DEFAULT NULL,
  `localGurdian_thana` varchar(191) CHARACTER SET utf8 COLLATE utf8_unicode_ci DEFAULT NULL,
  `localGurdian_district` varchar(191) CHARACTER SET utf8 COLLATE utf8_unicode_ci DEFAULT NULL,
  `paymentamounts_id` bigint UNSIGNED DEFAULT NULL,
  `admission_id` varchar(191) CHARACTER SET utf8 COLLATE utf8_unicode_ci DEFAULT NULL,
  `total_mark` bigint UNSIGNED DEFAULT NULL,
  `position` varchar(191) CHARACTER SET utf8 COLLATE utf8_unicode_ci DEFAULT NULL,
  `part` int DEFAULT NULL,
  `subject_1` int UNSIGNED DEFAULT NULL,
  `subject_2` int UNSIGNED DEFAULT NULL,
  `subject_3` int UNSIGNED DEFAULT NULL,
  `subject_4` int UNSIGNED DEFAULT NULL,
  `tran_id` varchar(30) CHARACTER SET utf8 COLLATE utf8_unicode_ci DEFAULT NULL,
  `val_id` varchar(50) CHARACTER SET utf8 COLLATE utf8_unicode_ci DEFAULT NULL,
  `amount` double(16,2) UNSIGNED DEFAULT NULL,
  `card_type` varchar(50) CHARACTER SET utf8 COLLATE utf8_unicode_ci DEFAULT NULL,
  `store_amount` double(16,2) UNSIGNED DEFAULT NULL,
  `card_no` varchar(30) CHARACTER SET utf8 COLLATE utf8_unicode_ci DEFAULT NULL,
  `bank_tran_id` varchar(50) CHARACTER SET utf8 COLLATE utf8_unicode_ci DEFAULT NULL,
  `status` varchar(255) CHARACTER SET utf8 COLLATE utf8_unicode_ci DEFAULT NULL,
  `tran_date` varchar(255) CHARACTER SET utf8 COLLATE utf8_unicode_ci DEFAULT NULL,
  `currency` varchar(3) CHARACTER SET utf8 COLLATE utf8_unicode_ci DEFAULT NULL,
  `card_issuer` varchar(50) CHARACTER SET utf8 COLLATE utf8_unicode_ci DEFAULT NULL,
  `card_brand` varchar(30) CHARACTER SET utf8 COLLATE utf8_unicode_ci DEFAULT NULL,
  `card_issuer_country` varchar(50) CHARACTER SET utf8 COLLATE utf8_unicode_ci DEFAULT NULL,
  `card_issuer_country_code` varchar(2) CHARACTER SET utf8 COLLATE utf8_unicode_ci DEFAULT NULL,
  `store_id` varchar(191) CHARACTER SET utf8 COLLATE utf8_unicode_ci DEFAULT NULL,
  `verify_sign` varchar(255) CHARACTER SET utf8 COLLATE utf8_unicode_ci DEFAULT NULL,
  `verify_key` longtext CHARACTER SET utf8 COLLATE utf8_unicode_ci,
  `verify_sign_sha2` varchar(255) CHARACTER SET utf8 COLLATE utf8_unicode_ci DEFAULT NULL,
  `currency_type` varchar(3) CHARACTER SET utf8 COLLATE utf8_unicode_ci DEFAULT NULL,
  `currency_amount` double(16,2) UNSIGNED DEFAULT NULL,
  `currency_rate` double(8,4) UNSIGNED DEFAULT NULL,
  `base_fair` double(8,4) UNSIGNED DEFAULT NULL,
  `value_a` varchar(255) CHARACTER SET utf8 COLLATE utf8_unicode_ci DEFAULT NULL,
  `value_b` varchar(255) CHARACTER SET utf8 COLLATE utf8_unicode_ci DEFAULT NULL,
  `value_c` varchar(255) CHARACTER SET utf8 COLLATE utf8_unicode_ci DEFAULT NULL,
  `value_d` varchar(255) CHARACTER SET utf8 COLLATE utf8_unicode_ci DEFAULT NULL,
  `risk_level` int DEFAULT NULL,
  `risk_title` varchar(50) CHARACTER SET utf8 COLLATE utf8_unicode_ci DEFAULT NULL,
  `error` varchar(191) CHARACTER SET utf8 COLLATE utf8_unicode_ci DEFAULT NULL,
  `key` longtext CHARACTER SET utf8 COLLATE utf8_unicode_ci,
  `pass` varchar(191) CHARACTER SET utf8 COLLATE utf8_unicode_ci DEFAULT NULL,
  `created_at` timestamp NULL DEFAULT NULL,
  `updated_at` timestamp NULL DEFAULT NULL,
  `deleted_at` timestamp NULL DEFAULT NULL,
  PRIMARY KEY (`id`),
  UNIQUE KEY `sms_tran_id_unique` (`tran_id`)
) ENGINE=InnoDB DEFAULT CHARSET=utf8 COLLATE=utf8_unicode_ci;

-- --------------------------------------------------------

--
-- Table structure for table `designations`
--

DROP TABLE IF EXISTS `designations`;
CREATE TABLE IF NOT EXISTS `designations` (
  `id` int UNSIGNED NOT NULL AUTO_INCREMENT,
  `institute_id` int UNSIGNED NOT NULL,
  `employee_type_id` int UNSIGNED NOT NULL,
  `designation` varchar(191) CHARACTER SET utf8 COLLATE utf8_unicode_ci NOT NULL,
  `created_by` int UNSIGNED DEFAULT NULL,
  `updated_by` int UNSIGNED DEFAULT NULL,
  `created_at` timestamp NULL DEFAULT NULL,
  `updated_at` timestamp NULL DEFAULT NULL,
  PRIMARY KEY (`id`),
  KEY `designations_types_id_foreign` (`employee_type_id`),
  KEY `designations_institute_id_foreign` (`institute_id`)
) ENGINE=InnoDB AUTO_INCREMENT=18 DEFAULT CHARSET=utf8 COLLATE=utf8_unicode_ci;

--
-- Dumping data for table `designations`
--

INSERT INTO `designations` (`id`, `institute_id`, `employee_type_id`, `designation`, `created_by`, `updated_by`, `created_at`, `updated_at`) VALUES
(1, 1, 1, 'প্রধান শিক্ষক', NULL, NULL, '2019-04-15 07:14:42', '2019-10-14 10:51:04'),
(2, 1, 1, 'সহকারী প্রধান শিক্ষক', NULL, NULL, '2019-04-15 07:15:42', '2019-09-16 23:15:33'),
(3, 1, 1, 'সিনিয়ার সহকারী শিক্ষক', NULL, NULL, '2019-04-15 07:16:42', '2019-09-16 23:15:48'),
(4, 1, 1, 'সহকারী শিক্ষক', NULL, NULL, '2019-09-16 23:15:06', '2019-09-16 23:16:04'),
(5, 1, 1, 'শরীর চর্চা শিক্ষক', NULL, NULL, '2019-09-16 23:17:02', '2019-09-16 23:17:02'),
(6, 1, 2, 'অফিস সহকারী', NULL, NULL, '2019-09-16 23:17:24', '2019-09-16 23:17:24'),
(7, 1, 2, 'অফিস পিওন', NULL, NULL, '2019-09-16 23:17:44', '2019-09-16 23:17:44'),
(8, 1, 2, 'নৈশ প্রহরী', NULL, NULL, '2019-09-16 23:17:58', '2019-09-16 23:17:58'),
(9, 2, 3, 'অধ্যক্ষ', NULL, 3, '2019-09-17 11:03:10', '2020-03-02 19:14:06'),
(10, 2, 3, 'সহকারী অধ্যাপক', NULL, NULL, '2019-09-17 11:03:31', '2019-09-17 11:03:31'),
(11, 2, 3, 'প্রভাষক', NULL, NULL, '2019-09-17 11:03:53', '2019-09-17 11:03:53'),
(12, 2, 4, 'ইন্সট্রাক্টর', NULL, NULL, '2019-09-17 11:04:40', '2019-09-17 11:04:40'),
(13, 2, 4, 'প্রদর্শক', NULL, NULL, '2019-09-17 11:04:54', '2019-09-17 11:04:54'),
(14, 2, 4, 'সহকারী গ্রন্থাগারিক', NULL, NULL, '2019-09-17 11:05:08', '2019-09-17 11:05:08'),
(15, 2, 4, 'অফিস সহকারী', NULL, NULL, '2019-09-17 11:05:22', '2019-09-17 11:05:22'),
(16, 2, 4, 'অফিস পিওন', NULL, NULL, '2019-09-17 11:05:50', '2019-09-17 11:05:50'),
(17, 2, 4, 'ঝাড়–দার', NULL, NULL, '2019-09-17 11:06:02', '2019-09-17 11:06:02');

-- --------------------------------------------------------

--
-- Table structure for table `districts`
--

DROP TABLE IF EXISTS `districts`;
CREATE TABLE IF NOT EXISTS `districts` (
  `id` bigint UNSIGNED NOT NULL AUTO_INCREMENT,
  `division_id` bigint UNSIGNED DEFAULT NULL,
  `name` varchar(191) CHARACTER SET utf8 COLLATE utf8_unicode_ci DEFAULT NULL,
  `bn_name` varchar(191) CHARACTER SET utf8 COLLATE utf8_unicode_ci DEFAULT NULL,
  `lat` varchar(191) CHARACTER SET utf8 COLLATE utf8_unicode_ci DEFAULT NULL,
  `lon` varchar(191) CHARACTER SET utf8 COLLATE utf8_unicode_ci DEFAULT NULL,
  `website` varchar(191) CHARACTER SET utf8 COLLATE utf8_unicode_ci DEFAULT NULL,
  `created_at` timestamp NULL DEFAULT NULL,
  `updated_at` timestamp NULL DEFAULT NULL,
  PRIMARY KEY (`id`),
  KEY `districts_division_id_foreign` (`division_id`)
) ENGINE=InnoDB AUTO_INCREMENT=65 DEFAULT CHARSET=utf8 COLLATE=utf8_unicode_ci;

--
-- Dumping data for table `districts`
--

INSERT INTO `districts` (`id`, `division_id`, `name`, `bn_name`, `lat`, `lon`, `website`, `created_at`, `updated_at`) VALUES
(1, 3, 'Dhaka', 'ঢাকা', '23.7115253', '90.4111451', 'www.dhaka.gov.bd', NULL, NULL),
(2, 3, 'Faridpur', 'ফরিদপুর', '23.6070822', '89.8429406', 'www.faridpur.gov.bd', NULL, NULL),
(3, 3, 'Gazipur', 'গাজীপুর', '24.0022858', '90.4264283', 'www.gazipur.gov.bd', NULL, NULL),
(4, 3, 'Gopalganj', 'গোপালগঞ্জ', '23.0050857', '89.8266059', 'www.gopalganj.gov.bd', NULL, NULL),
(5, 8, 'Jamalpur', 'জামালপুর', '24.937533', '89.937775', 'www.jamalpur.gov.bd', NULL, NULL),
(6, 3, 'Kishoreganj', 'কিশোরগঞ্জ', '24.444937', '90.776575', 'www.kishoreganj.gov.bd', NULL, NULL),
(7, 3, 'Madaripur', 'মাদারীপুর', '23.164102', '90.1896805', 'www.madaripur.gov.bd', NULL, NULL),
(8, 3, 'Manikganj', 'মানিকগঞ্জ', '0', '0', 'www.manikganj.gov.bd', NULL, NULL),
(9, 3, 'Munshiganj', 'মুন্সিগঞ্জ', '0', '0', 'www.munshiganj.gov.bd', NULL, NULL),
(10, 8, 'Mymensingh', 'ময়মনসিংহ', '0', '0', 'www.mymensingh.gov.bd', NULL, NULL),
(11, 3, 'Narayanganj', 'নারায়াণগঞ্জ', '23.63366', '90.496482', 'www.narayanganj.gov.bd', NULL, NULL),
(12, 3, 'Narsingdi', 'নরসিংদী', '23.932233', '90.71541', 'www.narsingdi.gov.bd', NULL, NULL),
(13, 8, 'Netrokona', 'নেত্রকোণা', '24.870955', '90.727887', 'www.netrokona.gov.bd', NULL, NULL),
(14, 3, 'Rajbari', 'রাজবাড়ি', '23.7574305', '89.6444665', 'www.rajbari.gov.bd', NULL, NULL),
(15, 3, 'Shariatpur', 'শরীয়তপুর', '0', '0', 'www.shariatpur.gov.bd', NULL, NULL),
(16, 8, 'Sherpur', 'শেরপুর', '25.0204933', '90.0152966', 'www.sherpur.gov.bd', NULL, NULL),
(17, 3, 'Tangail', 'টাঙ্গাইল', '0', '0', 'www.tangail.gov.bd', NULL, NULL),
(18, 5, 'Bogura', 'বগুড়া', '24.8465228', '89.377755', 'www.bogra.gov.bd', NULL, NULL),
(19, 5, 'Joypurhat', 'জয়পুরহাট', '0', '0', 'www.joypurhat.gov.bd', NULL, NULL),
(20, 5, 'Naogaon', 'নওগাঁ', '0', '0', 'www.naogaon.gov.bd', NULL, NULL),
(21, 5, 'Natore', 'নাটোর', '24.420556', '89.000282', 'www.natore.gov.bd', NULL, NULL),
(22, 5, 'Chapainawabganj', 'চাঁপাইনবাবগঞ্জ', '24.5965034', '88.2775122', 'www.chapainawabganj.gov.bd', NULL, NULL),
(23, 5, 'Pabna', 'পাবনা', '23.998524', '89.233645', 'www.pabna.gov.bd', NULL, NULL),
(24, 5, 'Rajshahi', 'রাজশাহী', '0', '0', 'www.rajshahi.gov.bd', NULL, NULL),
(25, 5, 'Sirajgonj', 'সিরাজগঞ্জ', '24.4533978', '89.7006815', 'www.sirajganj.gov.bd', NULL, NULL),
(26, 6, 'Dinajpur', 'দিনাজপুর', '25.6217061', '88.6354504', 'www.dinajpur.gov.bd', NULL, NULL),
(27, 6, 'Gaibandha', 'গাইবান্ধা', '25.328751', '89.528088', 'www.gaibandha.gov.bd', NULL, NULL),
(28, 6, 'Kurigram', 'কুড়িগ্রাম', '25.805445', '89.636174', 'www.kurigram.gov.bd', NULL, NULL),
(29, 6, 'Lalmonirhat', 'লালমনিরহাট', '0', '0', 'www.lalmonirhat.gov.bd', NULL, NULL),
(30, 6, 'Nilphamari', 'নীলফামারী', '25.931794', '88.856006', 'www.nilphamari.gov.bd', NULL, NULL),
(31, 6, 'Panchagarh', 'পঞ্চগড়', '26.3411', '88.5541606', 'www.panchagarh.gov.bd', NULL, NULL),
(32, 6, 'Rangpur', 'রংপুর', '25.7558096', '89.244462', 'www.rangpur.gov.bd', NULL, NULL),
(33, 6, 'Thakurgaon', 'ঠাকুরগাঁও', '26.0336945', '88.4616834', 'www.thakurgaon.gov.bd', NULL, NULL),
(34, 1, 'Barguna', 'বরগুনা', '0', '0', 'www.barguna.gov.bd', NULL, NULL),
(35, 1, 'Barishal', 'বরিশাল', '0', '0', 'www.barisal.gov.bd', NULL, NULL),
(36, 1, 'Bhola', 'ভোলা', '22.685923', '90.648179', 'www.bhola.gov.bd', NULL, NULL),
(37, 1, 'Jhalokati', 'ঝালকাঠি', '0', '0', 'www.jhalakathi.gov.bd', NULL, NULL),
(38, 1, 'Patuakhali', 'পটুয়াখালী', '22.3596316', '90.3298712', 'www.patuakhali.gov.bd', NULL, NULL),
(39, 1, 'Pirojpur', 'পিরোজপুর', '0', '0', 'www.pirojpur.gov.bd', NULL, NULL),
(40, 2, 'Bandarban', 'বান্দরবান', '22.1953275', '92.2183773', 'www.bandarban.gov.bd', NULL, NULL),
(41, 2, 'Brahmanbaria', 'ব্রাহ্মণবাড়িয়া', '23.9570904', '91.1119286', 'www.brahmanbaria.gov.bd', NULL, NULL),
(42, 2, 'Chandpur', 'চাঁদপুর', '23.2332585', '90.6712912', 'www.chandpur.gov.bd', NULL, NULL),
(43, 2, 'Chattogram', 'চট্টগ্রাম', '22.335109', '91.834073', 'www.chittagong.gov.bd', NULL, NULL),
(44, 2, 'Cumilla', 'কুমিল্লা', '23.4682747', '91.1788135', 'www.comilla.gov.bd', NULL, NULL),
(45, 2, 'Cox\'s Bazar', 'কক্স বাজার', '0', '0', 'www.coxsbazar.gov.bd', NULL, NULL),
(46, 2, 'Feni', 'ফেনী', '23.023231', '91.3840844', 'www.feni.gov.bd', NULL, NULL),
(47, 2, 'Khagrachhari', 'খাগড়াছড়ি', '23.119285', '91.984663', 'www.khagrachhari.gov.bd', NULL, NULL),
(48, 2, 'Lakshmipur', 'লক্ষ্মীপুর', '22.942477', '90.841184', 'www.lakshmipur.gov.bd', NULL, NULL),
(49, 2, 'Noakhali', 'নোয়াখালী', '22.869563', '91.099398', 'www.noakhali.gov.bd', NULL, NULL),
(50, 2, 'Rangamati', 'রাঙ্গামাটি', '0', '0', 'www.rangamati.gov.bd', NULL, NULL),
(51, 7, 'Habiganj', 'হবিগঞ্জ', '24.374945', '91.41553', 'www.habiganj.gov.bd', NULL, NULL),
(52, 7, 'Moulvibazar', 'মৌলভীবাজার', '24.482934', '91.777417', 'www.moulvibazar.gov.bd', NULL, NULL),
(53, 7, 'Sunamganj', 'সুনামগঞ্জ', '25.0658042', '91.3950115', 'www.sunamganj.gov.bd', NULL, NULL),
(54, 7, 'Sylhet', 'সিলেট', '24.8897956', '91.8697894', 'www.sylhet.gov.bd', NULL, NULL),
(55, 4, 'Bagerhat', 'বাগেরহাট', '22.651568', '89.785938', 'www.bagerhat.gov.bd', NULL, NULL),
(56, 4, 'Chuadanga', 'চুয়াডাঙ্গা', '23.6401961', '88.841841', 'www.chuadanga.gov.bd', NULL, NULL),
(57, 4, 'Jashore', 'যশোর', '23.16643', '89.2081126', 'www.jessore.gov.bd', NULL, NULL),
(58, 4, 'Jhenaidah', 'ঝিনাইদহ', '23.5448176', '89.1539213', 'www.jhenaidah.gov.bd', NULL, NULL),
(59, 4, 'Khulna', 'খুলনা', '22.815774', '89.568679', 'www.khulna.gov.bd', NULL, NULL),
(60, 4, 'Kushtia', 'কুষ্টিয়া', '23.901258', '89.120482', 'www.kushtia.gov.bd', NULL, NULL),
(61, 4, 'Magura', 'মাগুরা', '23.487337', '89.419956', 'www.magura.gov.bd', NULL, NULL),
(62, 4, 'Meherpur', 'মেহেরপুর', '23.762213', '88.631821', 'www.meherpur.gov.bd', NULL, NULL),
(63, 4, 'Narail', 'নড়াইল', '23.172534', '89.512672', 'www.narail.gov.bd', NULL, NULL),
(64, 4, 'Satkhira', 'সাতক্ষীরা', '0', '0', 'www.satkhira.gov.bd', NULL, NULL);

-- --------------------------------------------------------

--
-- Table structure for table `divisions`
--

DROP TABLE IF EXISTS `divisions`;
CREATE TABLE IF NOT EXISTS `divisions` (
  `id` bigint UNSIGNED NOT NULL AUTO_INCREMENT,
  `name` varchar(191) CHARACTER SET utf8 COLLATE utf8_unicode_ci DEFAULT NULL,
  `bn_name` varchar(191) CHARACTER SET utf8 COLLATE utf8_unicode_ci DEFAULT NULL,
  `created_at` timestamp NULL DEFAULT NULL,
  `updated_at` timestamp NULL DEFAULT NULL,
  PRIMARY KEY (`id`)
) ENGINE=InnoDB AUTO_INCREMENT=9 DEFAULT CHARSET=utf8 COLLATE=utf8_unicode_ci;

--
-- Dumping data for table `divisions`
--

INSERT INTO `divisions` (`id`, `name`, `bn_name`, `created_at`, `updated_at`) VALUES
(1, 'Barishal', 'বরিশাল', NULL, NULL),
(2, 'Chattogram', 'চট্টগ্রাম', NULL, NULL),
(3, 'Dhaka', 'ঢাকা', NULL, NULL),
(4, 'Khulna', 'খুলনা', NULL, NULL),
(5, 'Rajshahi', 'রাজশাহী', NULL, NULL),
(6, 'Rangpur', 'রংপুর', NULL, NULL),
(7, 'Sylhet', 'সিলেট', NULL, NULL),
(8, 'Mymensingh', 'ময়মনসিংহ', NULL, NULL);

-- --------------------------------------------------------

--
-- Table structure for table `emails`
--

DROP TABLE IF EXISTS `emails`;
CREATE TABLE IF NOT EXISTS `emails` (
  `id` bigint UNSIGNED NOT NULL AUTO_INCREMENT,
  `name` varchar(191) CHARACTER SET utf8 COLLATE utf8_unicode_ci NOT NULL,
  `form` varchar(191) CHARACTER SET utf8 COLLATE utf8_unicode_ci NOT NULL,
  `to` varchar(191) CHARACTER SET utf8 COLLATE utf8_unicode_ci DEFAULT NULL,
  `phone` varchar(191) CHARACTER SET utf8 COLLATE utf8_unicode_ci NOT NULL,
  `tel_phone` varchar(191) CHARACTER SET utf8 COLLATE utf8_unicode_ci DEFAULT NULL,
  `subject` varchar(191) CHARACTER SET utf8 COLLATE utf8_unicode_ci DEFAULT NULL,
  `detail` longtext CHARACTER SET utf8 COLLATE utf8_unicode_ci NOT NULL,
  `type` varchar(191) CHARACTER SET utf8 COLLATE utf8_unicode_ci DEFAULT NULL,
  `created_by` int UNSIGNED DEFAULT NULL,
  `updated_by` int UNSIGNED DEFAULT NULL,
  `created_at` timestamp NULL DEFAULT NULL,
  `updated_at` timestamp NULL DEFAULT NULL,
  PRIMARY KEY (`id`)
) ENGINE=InnoDB AUTO_INCREMENT=22 DEFAULT CHARSET=utf8 COLLATE=utf8_unicode_ci;

--
-- Dumping data for table `emails`
--

INSERT INTO `emails` (`id`, `name`, `form`, `to`, `phone`, `tel_phone`, `subject`, `detail`, `type`, `created_by`, `updated_by`, `created_at`, `updated_at`) VALUES
(1, 'Leonel Penson', 'leonel.penson@msn.com', 'smmplsc21@yahoo.com', '06-76322710', '06-76322710', 'notification', 'Would you like to post your ad on 1000\'s of Advertising sites monthly? Pay one low monthly fee and get virtually unlimited traffic to your site forever!To find out more check out our site here: http://lotsofadsposted4u.dealz.site', 'contact', NULL, NULL, '2019-10-10 04:40:59', '2019-10-10 04:40:59'),
(2, 'Christal Heckman', 'heckman.christal@gmail.com', 'smmplsc21@yahoo.com', '077 0303 5244', '077 0303 5244', 'question to ask', 'Do you want to promote your business on 1000\'s of Advertising sites monthly? Pay one low monthly fee and get virtually unlimited traffic to your site forever!Get more info by visiting: http://postmoreads.net.n3t.store', 'contact', NULL, NULL, '2019-10-12 02:28:42', '2019-10-12 02:28:42'),
(3, 'পাভেল', 'mdhemo@gmail.com', 'smmplsc21@yahoo.com', '0181809041', '0721-771943', 'হুমায়ন কাজ করে না', '<p>ঘুমায়</p>', 'contact', NULL, NULL, '2019-10-15 17:15:35', '2019-10-15 17:15:35'),
(4, 'Jay Harkness', 'harkness.jay@msn.com', 'smmplsc21@yahoo.com', '06-23558378', '06-23558378', 'question to ask', 'Would you like to promote your ad on thousands of advertising sites every month? Pay one low monthly fee and get virtually unlimited traffic to your site forever!Get more info by visiting: http://moreadsposted.n3t.store', 'contact', NULL, NULL, '2019-10-28 03:36:48', '2019-10-28 03:36:48'),
(5, 'Jaime Blackburn', 'jaime.blackburn40@gmail.com', 'smmplsc21@yahoo.com', '04643 78 32 35', '04643 78 32 35', 'I need to talk with someone', 'Would you like to submit your business on thousands of advertising sites monthly? For a small monthly payment you can get virtually endless traffic to your site forever!Get more info by visiting: http://www.submitmyadnow.tech', 'contact', NULL, NULL, '2019-11-21 05:16:15', '2019-11-21 05:16:15'),
(6, 'Danny Knipe', 'danny.knipe@gmail.com', 'smmplsc21@yahoo.com', '079 0503 0205', '079 0503 0205', 'danny.knipe@gmail.com', 'Would you like to post your advertisement on thousands of advertising sites every month? One tiny investment every month will get you virtually unlimited traffic to your site forever! Check out our site for details: http://www.postingmoreads.xyz', 'contact', NULL, NULL, '2019-11-26 11:46:46', '2019-11-26 11:46:46'),
(7, 'Janine Withers', 'withers.janine@outlook.com', 'smmplsc21@yahoo.com', '06-27886370', '06-27886370', 'withers.janine@outlook.com', 'Do you want to post your advertisement on thousands of advertising sites monthly? One tiny investment every month will get you virtually unlimited traffic to your site forever! To find out more check out our site here: http://www.postyouradsontonsofsites.xyz', 'contact', NULL, NULL, '2019-12-15 03:29:43', '2019-12-15 03:29:43'),
(8, 'মোঃ মোজাফফর হোসেন', 'mozaffarhossain9394@gmail.com', 'smmplsc21@yahoo.com', '01718024215', NULL, 'দ্বাদশ নির্বাচনী পরীক্ষায় দুই বিষয়ে অকৃতকার্য হওয়ায় পুনরায় পরীক্ষার তারিখ জানা', '<p>পদার্থবিদ্যা ও উচ্চতর গনিত</p>', 'contact', NULL, NULL, '2019-12-15 18:31:22', '2019-12-15 18:31:22'),
(9, 'মোঃ মোজাফফর হোসেন', 'mozaffarhossain9495@gmail.com', 'smmplsc21@yahoo.com', '01718024215', NULL, 'দ্বাদশ নির্বাচনী পরীক্ষায় দুই বিষয়ে অকৃতকার্য হওয়ায় পুনরায় পরীক্ষার তারিখ জানা', '<p>পদার্থবিদ্যা এবং উচ্চতর গনিতের পরীক্ষার তারিখ ও সময়। পরীক্ষার্থীর ক্লাস রোল: ২০৩</p>', 'contact', NULL, NULL, '2019-12-15 21:05:51', '2019-12-15 21:05:51'),
(10, 'Lucy Maynard', 'maynard.lucy84@gmail.com', 'smmplsc21@yahoo.com', '781-249-3260', '781-249-3260', 'maynard.lucy84@gmail.com', 'How would you like to submit your business on thousands of advertising sites every month? Pay one low monthly fee and get virtually unlimited traffic to your site forever! Check out our site for details: http://www.moreadsposted.xyz', 'contact', NULL, NULL, '2020-01-03 16:18:16', '2020-01-03 16:18:16'),
(11, 'Raquel Kavel', 'raquel.kavel@gmail.com', 'smmplsc21@yahoo.com', '044 769 36 74', '044 769 36 74', 'Why .gov backlinks are a such important part of your SEO?', 'Acquiring GOV backlinks is one of the most sought-after link building strategies that’s still popular among SEO experts today.\r\n\r\nAlthough Matt Cutts (the former head of Google search quality team) has said that Google does not give any special importance to .gov domains, seasoned SEO practitioners have proven that powerful backlinks from government websites can improve your website’s overall search visibility.\r\n\r\nMore info:\r\nhttps://www.monkeydigital.io/product/gov-backlinks/\r\n\r\nthanks and regards\r\nMike\r\nmonkeydigital.co@gmail.com', 'contact', NULL, NULL, '2020-01-09 06:31:34', '2020-01-09 06:31:34'),
(12, 'Eric Jones', 'Eric@TalkWithCustomer.com', 'smmplsc21@yahoo.com', '416-385-3200', '416-385-3200', 'It’s all about Perfect Timing', 'Hello smmplsc.edu.bd,\r\n\r\nPeople ask, “why does TalkWithCustomer work so well?”\r\n\r\nIt’s simple.\r\n\r\nTalkWithCustomer enables you to connect with a prospective customer at EXACTLY the Perfect Time.\r\n\r\n- NOT one week, two weeks, three weeks after they’ve checked out your website smmplsc.edu.bd.\r\n- NOT with a form letter style email that looks like it was written by a bot.\r\n- NOT with a robocall that could come at any time out of the blue.\r\n\r\nTalkWithCustomer connects you to that person within seconds of THEM asking to hear from YOU.\r\n\r\nThey kick off the conversation.\r\n\r\nThey take that first step.\r\n\r\nThey ask to hear from you regarding what you have to offer and how it can make their life better. \r\n\r\nAnd it happens almost immediately. In real time. While they’re still looking over your website smmplsc.edu.bd, trying to make up their mind whether you are right for them.\r\n\r\nWhen you connect with them at that very moment it’s the ultimate in Perfect Timing – as one famous marketer put it, “you’re entering the conversation already going on in their mind.”\r\n\r\nYou can’t find a better opportunity than that.\r\n\r\nAnd you can’t find an easier way to seize that chance than TalkWithCustomer. \r\n\r\nCLICK HERE http://www.talkwithcustomer.com now to take a free, 14-day test drive and see what a difference “Perfect Timing” can make to your business.\r\n\r\nSincerely,\r\nEric\r\n\r\nPS:  If you’re wondering whether NOW is the perfect time to try TalkWithCustomer, ask yourself this:\r\nWill doing what I’m already doing now produce up to 100X more leads?\r\nBecause those are the kinds of results we know TalkWithCustomer can deliver.  \r\nIt shouldn’t even be a question, especially since it will cost you ZERO to give it a try. \r\nCLICK HERE http://www.talkwithcustomer.com to start your free 14-day test drive today.\r\n\r\nIf you\'d like to unsubscribe click here http://liveserveronline.com/talkwithcustomer.aspx?d=smmplsc.edu.bd', 'contact', NULL, NULL, '2020-01-19 01:01:57', '2020-01-19 01:01:57'),
(13, 'Concepcion Coldiron', 'coldiron.concepcion@yahoo.com', 'smmplsc21@yahoo.com', '03304 88 39 77', '03304 88 39 77', 'coldiron.concepcion@yahoo.com', 'Do you want to post your advertisement on 1000\'s of Advertising sites every month? Pay one flat rate and get virtually unlimited traffic to your site forever! To find out more check out our site here: http://www.moreadsposted.xyz', 'contact', NULL, NULL, '2020-01-26 14:32:29', '2020-01-26 14:32:29'),
(14, 'Catalina Sachse', 'sachse.catalina27@gmail.com', 'smmplsc21@yahoo.com', '780-786-0685', '780-786-0685', 'Local SEO plan - Coupon: DIGITALNOISE', 'https://www.ghostdigital.co/product/local-seo-package/', 'contact', NULL, NULL, '2020-02-01 05:37:17', '2020-02-01 05:37:17'),
(15, 'Fabien C', 'fabien@b2brevolution.org', 'smmplsc21@yahoo.com', '0000000000', '0000000000', 'Question', 'Hi,\r\n\r\nAre you looking for a new channel to find B2B prospects? Our method can drive exponential growth for your business : http://riply.website/9BLsT\r\n\r\nNothing to pay, except our commission.\r\n\r\nBest Regards,\r\n\r\nB2Brevolution', 'contact', NULL, NULL, '2020-02-17 17:29:53', '2020-02-17 17:29:53'),
(16, 'Eric Jones', 'eric@talkwithwebvisitor.com', 'smmplsc21@yahoo.com', '416-385-3200', '416-385-3200', 'Strike when the iron’s hot', 'Hey there, I just found your site, quick question…\r\n\r\nMy name’s Eric, I found smmplsc.edu.bd after doing a quick search – you showed up near the top of the rankings, so whatever you’re doing for SEO, looks like it’s working well.\r\n\r\nSo here’s my question – what happens AFTER someone lands on your site?  Anything?\r\n\r\nResearch tells us at least 70% of the people who find your site, after a quick once-over, they disappear… forever.\r\n\r\nThat means that all the work and effort you put into getting them to show up, goes down the tubes.\r\n\r\nWhy would you want all that good work – and the great site you’ve built – go to waste?\r\n\r\nBecause the odds are they’ll just skip over calling or even grabbing their phone, leaving you high and dry.\r\n\r\nBut here’s a thought… what if you could make it super-simple for someone to raise their hand, say, “okay, let’s talk” without requiring them to even pull their cell phone from their pocket?\r\n  \r\nYou can – thanks to revolutionary new software that can literally make that first call happen NOW.\r\n\r\nTalk With Web Visitor is a software widget that sits on your site, ready and waiting to capture any visitor’s Name, Email address and Phone Number.  It lets you know IMMEDIATELY – so that you can talk to that lead while they’re still there at your site.\r\n  \r\nYou know, strike when the iron’s hot!\r\n\r\nCLICK HERE http://www.talkwithwebvisitor.com to try out a Live Demo with Talk With Web Visitor now to see exactly how it works.\r\n\r\nWhen targeting leads, you HAVE to act fast – the difference between contacting someone within 5 minutes versus 30 minutes later is huge – like 100 times better!\r\n\r\nThat’s why you should check out our new SMS Text With Lead feature as well… once you’ve captured the phone number of the website visitor, you can automatically kick off a text message (SMS) conversation with them. \r\n \r\nImagine how powerful this could be – even if they don’t take you up on your offer immediately, you can stay in touch with them using text messages to make new offers, provide links to great content, and build your credibility.\r\n\r\nJust this alone could be a game changer to make your website even more effective.\r\n\r\nStrike when  the iron’s hot!\r\n\r\nCLICK HERE http://www.talkwithwebvisitor.com to learn more about everything Talk With Web Visitor can do for your business – you’ll be amazed.\r\n\r\nThanks and keep up the great work!\r\n\r\nEric\r\nPS: Talk With Web Visitor offers a FREE 14 days trial – you could be converting up to 100x more leads immediately!   \r\nIt even includes International Long Distance Calling. \r\nStop wasting money chasing eyeballs that don’t turn into paying customers. \r\nCLICK HERE http://www.talkwithwebvisitor.com to try Talk With Web Visitor now.\r\n\r\nIf you\'d like to unsubscribe click here http://talkwithwebvisitor.com/unsubscribe.aspx?d=smmplsc.edu.bd', 'contact', NULL, NULL, '2020-02-22 07:00:30', '2020-02-22 07:00:30'),
(17, 'Sheri Minix', 'sheri.minix@gmail.com', 'smmplsc21@yahoo.com', '04.97.68.61.00', '04.97.68.61.00', 'Hello', 'Hi, \r\nWe at Shoulderposture.com  Official Store are pleased to let you know about our quality posture corrector products for men and women currently available at affordable prices at our online store, Shoulderposture.com . \r\nIf you often suffer from back pain and other health issues and wonder why you’re always in pain. Poor posture and lack of exercise can be mostly to blame for all these ailments. Poor posture can affect the curvature of your spine, which is where all the health problems related to poor posture begin.\r\nStay safe from poor posture health-related problems by having some posture corrector to support your back in the proper posture while using your computer or doing exercise. This essential item costs you nothing compares to its usefulness.    \r\nCheck Out Available Posture Corrector Here: Shoulderposture.com \r\nYou will be satisfied with its results. \r\n\r\nBest regards,\r\nShoulderposture.com Team', 'contact', NULL, NULL, '2020-02-24 10:57:28', '2020-02-24 10:57:28'),
(18, 'Eric Jones', 'Eric@TalkWithCustomer.com', 'smmplsc21@yahoo.com', '416-385-3200', '416-385-3200', 'It’s all about Perfect Timing', 'Hello smmplsc.edu.bd,\r\n\r\nPeople ask, “why does TalkWithCustomer work so well?”\r\n\r\nIt’s simple.\r\n\r\nTalkWithCustomer enables you to connect with a prospective customer at EXACTLY the Perfect Time.\r\n\r\n- NOT one week, two weeks, three weeks after they’ve checked out your website smmplsc.edu.bd.\r\n- NOT with a form letter style email that looks like it was written by a bot.\r\n- NOT with a robocall that could come at any time out of the blue.\r\n\r\nTalkWithCustomer connects you to that person within seconds of THEM asking to hear from YOU.\r\n\r\nThey kick off the conversation.\r\n\r\nThey take that first step.\r\n\r\nThey ask to hear from you regarding what you have to offer and how it can make their life better. \r\n\r\nAnd it happens almost immediately. In real time. While they’re still looking over your website smmplsc.edu.bd, trying to make up their mind whether you are right for them.\r\n\r\nWhen you connect with them at that very moment it’s the ultimate in Perfect Timing – as one famous marketer put it, “you’re entering the conversation already going on in their mind.”\r\n\r\nYou can’t find a better opportunity than that.\r\n\r\nAnd you can’t find an easier way to seize that chance than TalkWithCustomer. \r\n\r\nCLICK HERE http://www.talkwithcustomer.com now to take a free, 14-day test drive and see what a difference “Perfect Timing” can make to your business.\r\n\r\nSincerely,\r\nEric\r\n\r\nPS:  If you’re wondering whether NOW is the perfect time to try TalkWithCustomer, ask yourself this:\r\nWill doing what I’m already doing now produce up to 100X more leads?\r\nBecause those are the kinds of results we know TalkWithCustomer can deliver.  \r\nIt shouldn’t even be a question, especially since it will cost you ZERO to give it a try. \r\nCLICK HERE http://www.talkwithcustomer.com to start your free 14-day test drive today.\r\n\r\nIf you\'d like to unsubscribe click here http://liveserveronline.com/talkwithcustomer.aspx?d=smmplsc.edu.bd', 'contact', NULL, NULL, '2020-02-28 00:17:28', '2020-02-28 00:17:28'),
(19, 'Linda V', 'goad.leatha@gmail.com', 'smmplsc21@yahoo.com', '(41) 9142-4639', '(41) 9142-4639', 'RE: hi', 'Hi\r\n\r\nIt has been a verry verry long time that we had spoken to each other, you will probably think who is this.\r\nUnfortunately I lost my phone, and all my whatsapp numbers.\r\nBut luckily I remembered your website, and this was the only way to contact you.\r\nI wanted to say that I miss our conversations. and I hope we can talk to each other again.\r\nI have not forgotten you. End that I had promised you to send a picture of myself,\r\nyou can see me here https://screenshot.photos/linda4356 and search for my nickname Linda4356.\r\nI hope after seeing my photo that you still want to talk to me.\r\nHope to see you in real life. ;)\r\n\r\nxxx\r\nLinda\r\n\r\n\"Sent from my Samsung phone\"', 'contact', NULL, NULL, '2020-02-28 08:37:53', '2020-02-28 08:37:53'),
(20, 'Ana Ledbetter', 'noreply@arteseo.co', 'smmplsc21@yahoo.com', '71-75-50-86', '71-75-50-86', 'your quotation request', 'hi there\r\nHere is your quotation regarding the unique domains links that you inquired about\r\n\r\nhttps://www.arteseo.co/quotation/', 'contact', NULL, NULL, '2020-03-05 10:07:48', '2020-03-05 10:07:48'),
(21, 'Reynaldo Vasey', 'vasey.reynaldo@gmail.com', 'smmplsc21@yahoo.com', '997 49 896', '997 49 896', 'vasey.reynaldo@gmail.com', 'Want to promote your advertisement on 1000\'s of Advertising sites every month? Pay one low monthly fee and get almost unlimited traffic to your site forever!\r\n\r\nGet more info by visiting: http://www.adpostingrobot.xyz', 'contact', NULL, NULL, '2020-03-09 02:50:10', '2020-03-09 02:50:10');

-- --------------------------------------------------------

--
-- Table structure for table `employees`
--

DROP TABLE IF EXISTS `employees`;
CREATE TABLE IF NOT EXISTS `employees` (
  `id` bigint UNSIGNED NOT NULL AUTO_INCREMENT,
  `name` varchar(191) CHARACTER SET utf8 COLLATE utf8_unicode_ci NOT NULL,
  `email` varchar(191) CHARACTER SET utf8 COLLATE utf8_unicode_ci DEFAULT NULL,
  `phone` varchar(191) CHARACTER SET utf8 COLLATE utf8_unicode_ci DEFAULT NULL,
  `designation_id` int UNSIGNED NOT NULL,
  `religion_id` int UNSIGNED NOT NULL,
  `employee_type_id` int UNSIGNED NOT NULL,
  `institute_id` int UNSIGNED NOT NULL,
  `address` varchar(191) CHARACTER SET utf8 COLLATE utf8_unicode_ci DEFAULT NULL,
  `files` varchar(191) CHARACTER SET utf8 COLLATE utf8_unicode_ci NOT NULL,
  `joindate` varchar(191) CHARACTER SET utf8 COLLATE utf8_unicode_ci DEFAULT NULL,
  `mpo` varchar(191) CHARACTER SET utf8 COLLATE utf8_unicode_ci DEFAULT NULL,
  `others` longtext CHARACTER SET utf8 COLLATE utf8_unicode_ci,
  `employee_order` int DEFAULT NULL,
  `created_at` timestamp NULL DEFAULT NULL,
  `updated_at` timestamp NULL DEFAULT NULL,
  `created_by` int UNSIGNED DEFAULT NULL,
  `updated_by` int UNSIGNED DEFAULT NULL,
  PRIMARY KEY (`id`),
  KEY `employees_religion_id_foreign` (`religion_id`),
  KEY `employees_designation_id_foreign` (`designation_id`),
  KEY `employees_types_id_foreign` (`employee_type_id`),
  KEY `employees_institute_id_foreign` (`institute_id`)
) ENGINE=InnoDB AUTO_INCREMENT=54 DEFAULT CHARSET=utf8 COLLATE=utf8_unicode_ci;

--
-- Dumping data for table `employees`
--

INSERT INTO `employees` (`id`, `name`, `email`, `phone`, `designation_id`, `religion_id`, `employee_type_id`, `institute_id`, `address`, `files`, `joindate`, `mpo`, `others`, `employee_order`, `created_at`, `updated_at`, `created_by`, `updated_by`) VALUES
(1, 'শাহনাজ বেগম', NULL, NULL, 2, 1, 1, 1, NULL, 'শাহনাজ বেগম.jpg', NULL, NULL, NULL, NULL, '2019-09-16 23:31:10', '2019-12-30 17:52:56', NULL, 1),
(2, 'মোঃ মাহবুব-উর-রহমান', NULL, NULL, 3, 1, 1, 1, NULL, 'মোঃ মাহবুব-উর-রহমান.jpg', NULL, '', NULL, NULL, '2019-09-16 23:56:20', '2019-09-16 23:56:20', NULL, NULL),
(3, 'শাহ্ মোঃ ফিরোজুর রহমান', NULL, NULL, 3, 1, 1, 1, NULL, 'শাহ্ মোঃ ফিরোজুর রহমান.jpg', NULL, '', NULL, NULL, '2019-09-17 00:02:42', '2019-09-17 00:02:42', NULL, NULL),
(4, 'মোঃ আব্দুর রহমান', NULL, NULL, 3, 1, 1, 1, NULL, 'মোঃ আব্দুর রহমান.jpg', NULL, '', NULL, NULL, '2019-09-17 00:05:48', '2019-09-17 00:05:48', NULL, NULL),
(5, 'রেহেনা পারভীন', NULL, NULL, 3, 1, 1, 1, NULL, 'রেহেনা পারভীন.jpg', NULL, '', NULL, NULL, '2019-09-17 00:06:29', '2019-09-17 00:06:29', NULL, NULL),
(6, 'মোঃ শাহিনুজ্জামান', NULL, NULL, 4, 1, 1, 1, NULL, 'মোঃ শাহিনুজ্জামান.jpg', NULL, '', NULL, NULL, '2019-09-17 00:07:41', '2019-09-17 00:07:41', NULL, NULL),
(7, 'মিতা পাল', NULL, NULL, 4, 1, 1, 1, NULL, 'মিতা পাল.jpg', NULL, '', NULL, NULL, '2019-09-17 00:08:43', '2019-09-17 00:08:43', NULL, NULL),
(8, 'সাবরিন আরা ফেরদৌস', NULL, NULL, 4, 1, 1, 1, NULL, 'সাবরিন আরা ফেরদৌস.jpg', NULL, '', NULL, NULL, '2019-09-17 00:10:03', '2019-09-17 00:10:03', NULL, NULL),
(9, 'মনোজ কুমার মন্ডল', NULL, NULL, 4, 1, 1, 1, NULL, 'মনোজ কুমার মন্ডল.jpg', NULL, '', NULL, NULL, '2019-09-17 00:10:47', '2019-09-17 00:10:47', NULL, NULL),
(10, 'মোঃ আলমগীর হোসেন', NULL, NULL, 4, 1, 1, 1, NULL, 'মোঃ আলমগীর হোসেন.jpg', NULL, '', NULL, NULL, '2019-09-17 00:11:29', '2019-09-17 00:11:29', NULL, NULL),
(11, 'নিপা রোজারিও', NULL, NULL, 4, 1, 1, 1, NULL, 'নিপা রোজারিও.jpg', NULL, '', NULL, NULL, '2019-09-17 00:12:35', '2019-09-17 00:12:35', NULL, NULL),
(12, 'আত্তারুজ্জামান', NULL, NULL, 4, 1, 1, 1, NULL, 'আত্তারুজ্জামান.jpg', NULL, '', NULL, NULL, '2019-09-17 00:13:02', '2019-09-17 00:13:02', NULL, NULL),
(13, 'নূরমোহাম্মদ', NULL, NULL, 4, 1, 1, 1, NULL, 'নূরমোহাম্মদ.jpg', NULL, '', NULL, NULL, '2019-09-17 00:13:48', '2019-09-17 00:13:48', NULL, NULL),
(14, 'কাজি মোঃ হাসিবুল হক শান্ত', NULL, NULL, 4, 1, 1, 1, NULL, 'কাজি মোঃ হাসিবুল হক শান্ত.jpg', NULL, '', NULL, NULL, '2019-09-17 00:14:48', '2019-09-17 00:14:48', NULL, NULL),
(15, 'মাহফুজুর রহমান', NULL, NULL, 4, 1, 1, 1, NULL, 'মাহফুজুর রহমান.jpg', NULL, '', NULL, NULL, '2019-09-17 00:36:29', '2019-09-17 00:36:29', NULL, NULL),
(16, 'মোঃ জিয়াউর রহমান', NULL, NULL, 5, 1, 1, 1, NULL, 'মোঃ জিয়াউর রহমান.jpg', NULL, '', NULL, NULL, '2019-09-17 00:37:15', '2019-09-22 16:34:14', NULL, NULL),
(17, 'তাহেরা খাতুন', NULL, NULL, 4, 1, 1, 1, NULL, 'তাহেরা খাতুন.jpg', NULL, '', NULL, NULL, '2019-09-17 00:37:55', '2019-09-17 00:37:55', NULL, NULL),
(18, 'মোঃ সাইফৃুল ইসলাম', NULL, NULL, 6, 1, 2, 1, NULL, 'মোঃ সাইফৃুল ইসলাম.png', NULL, '', NULL, NULL, '2019-09-17 00:56:42', '2019-09-17 00:56:42', NULL, NULL),
(19, 'মোঃ আলী হোসেন', NULL, NULL, 7, 1, 2, 1, NULL, 'মোঃ আলী হোসেন.jpg', NULL, '', NULL, NULL, '2019-09-17 00:57:19', '2019-09-17 01:22:45', NULL, NULL),
(21, 'প্রশান্ত কুমার চৌধুরী', NULL, NULL, 1, 2, 3, 1, NULL, '2020-12-15-15-20-57.jpg', NULL, NULL, NULL, NULL, '2019-09-17 11:21:53', '2020-12-15 09:20:58', NULL, 1),
(22, 'মোস্তফা নুরুল ইসলাম', NULL, NULL, 10, 1, 3, 2, NULL, '2019-09-18-05-26-05-মোস্তফা নুরুল ইসলাম.jpg', NULL, '', NULL, NULL, '2019-09-17 11:26:05', '2019-09-17 11:26:05', NULL, NULL),
(23, 'কামরুন নাহার', NULL, NULL, 10, 1, 3, 2, NULL, '2019-09-18-05-27-38-কামরুন নাহার.jpg', NULL, '', NULL, NULL, '2019-09-17 11:27:38', '2019-09-17 11:27:38', NULL, NULL),
(24, 'আজিজুন নেসা', NULL, NULL, 10, 1, 3, 2, NULL, '2019-09-18-05-28-28-আজিজুন নেসা.jpg', NULL, '', NULL, NULL, '2019-09-17 11:28:28', '2019-09-17 11:28:28', NULL, NULL),
(25, 'মোঃ সফিকুল ইসলাম', NULL, NULL, 10, 1, 3, 2, NULL, '2019-09-18-05-29-36-মোঃ সফিকুল ইসলাম.jpg', NULL, '', NULL, NULL, '2019-09-17 11:29:36', '2019-09-17 11:29:36', NULL, NULL),
(26, 'মল্লিকা সমদ্দার', NULL, NULL, 10, 1, 3, 2, NULL, '2019-09-18-05-30-20-মল্লিকা সমদ্দার.jpg', NULL, '', NULL, NULL, '2019-09-17 11:30:20', '2019-09-17 11:30:20', NULL, NULL),
(27, 'বিলকিস আরা পারভীন', NULL, NULL, 10, 1, 3, 2, NULL, '2019-09-18-05-31-02-বিলকিস আরা পারভীন.jpg', NULL, '', NULL, NULL, '2019-09-17 11:31:02', '2019-09-17 11:31:02', NULL, NULL),
(28, 'মোঃ ইয়াকুব আলী', NULL, NULL, 10, 1, 3, 2, NULL, '2019-09-22-11-36-19-মোঃ ইয়াকুব আলী.jpg', NULL, '', NULL, NULL, '2019-09-17 11:32:00', '2019-09-22 16:36:19', NULL, NULL),
(29, 'কামরুজ্জাহান শেখ', NULL, NULL, 11, 1, 3, 2, NULL, '2019-09-18-05-34-53-কামরুজ্জাহান শেখ.png', NULL, '', NULL, NULL, '2019-09-17 11:34:53', '2019-09-17 11:34:53', NULL, NULL),
(30, 'ওয়াহিদা সুলতানা', NULL, NULL, 11, 1, 3, 2, NULL, '2019-09-22-11-37-16-ওয়াহিদা সুলতানা.jpg', NULL, '', NULL, NULL, '2019-09-17 11:36:06', '2019-09-22 16:37:16', NULL, NULL),
(31, 'মোঃ আবুল হাসনাইন', NULL, NULL, 11, 1, 3, 2, NULL, '2019-09-18-05-43-07-মোঃ আবুল হাসনাইন.jpg', NULL, '', NULL, NULL, '2019-09-17 11:43:07', '2019-09-17 11:43:07', NULL, NULL),
(32, 'মোঃ আশিক আর্সলান', NULL, NULL, 11, 1, 3, 2, NULL, '2019-09-18-05-44-13-মোঃ আশিক আর্সলান.jpg', NULL, '', NULL, NULL, '2019-09-17 11:44:13', '2019-09-17 11:44:13', NULL, NULL),
(33, 'নাজনীন আখতার', NULL, NULL, 11, 1, 3, 2, NULL, '2019-09-18-05-45-16-নাজনীন আখতার.jpg', NULL, '', NULL, NULL, '2019-09-17 11:45:16', '2019-09-17 11:45:16', NULL, NULL),
(34, 'মোঃ গোলাম কবির', NULL, NULL, 11, 1, 3, 2, NULL, '2019-09-18-05-46-16-মোঃ গোলাম কবির.jpg', NULL, '', NULL, NULL, '2019-09-17 11:46:16', '2019-09-17 11:46:16', NULL, NULL),
(35, 'আঞ্জুমান আরা বেগম', NULL, NULL, 11, 1, 3, 2, NULL, '2019-09-18-05-47-38-আঞ্জুমান আরা বেগম.jpg', NULL, '', NULL, NULL, '2019-09-17 11:47:38', '2019-09-17 11:47:38', NULL, NULL),
(36, 'তারা কুমার মন্ডল', NULL, NULL, 11, 2, 3, 2, NULL, '2019-09-18-05-52-13-তারা কুমার মন্ডল.jpg', NULL, '', NULL, NULL, '2019-09-17 11:52:13', '2019-09-17 11:52:13', NULL, NULL),
(37, 'মোঃ আলতাফ হোসেন', NULL, NULL, 11, 1, 3, 2, NULL, '2019-09-18-05-55-09-মোঃ আলতাফ হোসেন.jpg', NULL, '', NULL, NULL, '2019-09-17 11:55:09', '2019-09-17 11:55:09', NULL, NULL),
(38, 'মোঃ মামুনুর রহমান', NULL, NULL, 11, 1, 3, 2, NULL, '2019-09-18-05-56-12-মোঃ মামুনুর রহমান.jpg', NULL, '', NULL, NULL, '2019-09-17 11:56:12', '2019-09-17 11:56:12', NULL, NULL),
(39, 'মোঃ মোকবুল হোসেন', NULL, NULL, 11, 1, 3, 2, NULL, '2019-09-18-05-57-08-মোঃ মোকবুল হোসেন.jpg', NULL, '', NULL, NULL, '2019-09-17 11:57:08', '2019-09-17 11:57:08', NULL, NULL),
(40, 'এ.জি.এম রমজান আলী', NULL, NULL, 11, 1, 3, 2, NULL, '2019-09-18-05-57-41-এ.জি.এম রমজান আলী.jpg', NULL, '', NULL, NULL, '2019-09-17 11:57:42', '2019-09-17 11:57:42', NULL, NULL),
(41, 'মোছাঃ এলিজা পারভীন', NULL, NULL, 11, 1, 3, 2, NULL, '2019-09-18-05-58-30-মোছাঃ এলিজা পারভীন.jpg', NULL, '', NULL, NULL, '2019-09-17 11:58:30', '2019-09-17 11:58:30', NULL, NULL),
(42, 'মোস্তাক মাহমুদ মারুফ', NULL, NULL, 11, 1, 3, 2, NULL, '2019-09-18-05-59-27-মোস্তাক মাহমুদ মারুফ.jpg', NULL, '', NULL, NULL, '2019-09-17 11:59:27', '2019-09-17 11:59:27', NULL, NULL),
(43, 'মোসাঃ মৌসুমী আকতার', NULL, NULL, 11, 1, 3, 2, NULL, '2019-09-18-06-00-00-মোসাঃ মৌসুমী আকতার.jpg', NULL, '', NULL, NULL, '2019-09-17 12:00:00', '2019-09-17 12:00:00', NULL, NULL),
(44, 'মোঃ আমিনুল হক', NULL, NULL, 11, 1, 3, 2, NULL, '2019-09-18-06-01-28-মোঃ আমিনুল হক.jpg', NULL, '', NULL, NULL, '2019-09-17 12:01:28', '2019-09-17 12:01:28', NULL, NULL),
(45, 'পল্লবী প্রামাণিক', NULL, NULL, 11, 2, 3, 2, NULL, '2019-09-18-06-02-17-পল্লবী প্রামাণিক.jpg', NULL, '', NULL, NULL, '2019-09-17 12:02:17', '2019-09-17 12:02:17', NULL, NULL),
(46, 'মোঃ মখলেসুর রহমান', NULL, NULL, 12, 1, 4, 2, NULL, '2019-09-18-06-03-35-মোঃ মখলেসুর রহমান.jpg', NULL, '', NULL, NULL, '2019-09-17 12:03:35', '2019-09-17 12:03:35', NULL, NULL),
(47, 'মোঃ আব্দুল ওহাব', NULL, NULL, 13, 1, 4, 2, NULL, '2019-09-18-06-09-07-মোঃ আব্দুল ওহাব.jpg', NULL, '', NULL, NULL, '2019-09-17 12:09:07', '2019-09-17 12:09:07', NULL, NULL),
(48, 'তহমিনা চৌধূরী', NULL, NULL, 14, 1, 4, 2, NULL, '2019-09-18-06-09-47-তহমিনা চৌধূরী.jpg', NULL, '', NULL, NULL, '2019-09-17 12:09:48', '2019-09-17 12:09:48', NULL, NULL),
(49, 'আজিজা মাসুদ', NULL, NULL, 15, 1, 4, 2, NULL, '2019-09-18-06-10-46-আজিজা মাসুদ.jpg', NULL, '', NULL, NULL, '2019-09-17 12:10:47', '2019-09-17 12:10:47', NULL, NULL),
(50, 'মোঃ হুমায়ন কবির', NULL, NULL, 15, 1, 4, 2, NULL, '2019-09-18-06-11-17-মোঃ হুমায়ন কবির.jpg', NULL, '', NULL, NULL, '2019-09-17 12:11:17', '2019-09-22 16:38:50', NULL, NULL),
(51, 'মোঃ মোস্তফা কামাল', NULL, NULL, 16, 1, 4, 2, NULL, '2019-09-18-06-12-13-মোঃ মোস্তফা কামাল.jpg', NULL, '', NULL, NULL, '2019-09-17 12:12:13', '2019-09-17 12:12:13', NULL, NULL),
(52, 'মোঃ আব্দুল মালেক', NULL, NULL, 16, 1, 4, 2, NULL, '2019-09-18-06-13-00-মোঃ আব্দুল মালেক.jpg', NULL, '', NULL, NULL, '2019-09-17 12:13:00', '2019-09-17 12:13:00', NULL, NULL),
(53, 'সন্ধা রানী দাস', NULL, NULL, 17, 1, 4, 2, NULL, '2019-09-18-06-13-33-সন্ধা রানী দাস.jpg', NULL, '', NULL, NULL, '2019-09-17 12:13:33', '2019-09-17 12:13:33', NULL, NULL);

-- --------------------------------------------------------

--
-- Table structure for table `employee_types`
--

DROP TABLE IF EXISTS `employee_types`;
CREATE TABLE IF NOT EXISTS `employee_types` (
  `id` int UNSIGNED NOT NULL AUTO_INCREMENT,
  `institute_id` int UNSIGNED NOT NULL,
  `type` varchar(191) CHARACTER SET utf8 COLLATE utf8_unicode_ci NOT NULL,
  `created_by` int UNSIGNED DEFAULT NULL,
  `updated_by` int UNSIGNED DEFAULT NULL,
  `created_at` timestamp NULL DEFAULT NULL,
  `updated_at` timestamp NULL DEFAULT NULL,
  PRIMARY KEY (`id`),
  KEY `employee_types_institute_id_foreign` (`institute_id`)
) ENGINE=InnoDB AUTO_INCREMENT=5 DEFAULT CHARSET=utf8 COLLATE=utf8_unicode_ci;

--
-- Dumping data for table `employee_types`
--

INSERT INTO `employee_types` (`id`, `institute_id`, `type`, `created_by`, `updated_by`, `created_at`, `updated_at`) VALUES
(1, 1, 'শিক্ষক', NULL, NULL, '2019-04-15 07:14:42', '2019-04-15 07:14:42'),
(2, 1, 'কর্মচারী', NULL, NULL, '2019-04-15 07:15:42', '2019-04-15 07:15:42'),
(3, 2, 'শিক্ষক', NULL, NULL, '2019-09-17 17:11:51', '2019-09-17 17:11:51'),
(4, 2, ' কর্মচারী', NULL, NULL, '2019-09-17 17:11:51', '2019-09-17 17:11:51');

-- --------------------------------------------------------

--
-- Table structure for table `galleries`
--

DROP TABLE IF EXISTS `galleries`;
CREATE TABLE IF NOT EXISTS `galleries` (
  `id` bigint UNSIGNED NOT NULL AUTO_INCREMENT,
  `title` varchar(191) CHARACTER SET utf8 COLLATE utf8_unicode_ci DEFAULT NULL,
  `discription` varchar(191) CHARACTER SET utf8 COLLATE utf8_unicode_ci DEFAULT NULL,
  `photo` varchar(191) CHARACTER SET utf8 COLLATE utf8_unicode_ci DEFAULT NULL,
  `news_id` bigint UNSIGNED DEFAULT NULL,
  `active` tinyint(1) NOT NULL DEFAULT '0',
  `created_by` int UNSIGNED DEFAULT NULL,
  `updated_by` int UNSIGNED DEFAULT NULL,
  `created_at` timestamp NULL DEFAULT NULL,
  `updated_at` timestamp NULL DEFAULT NULL,
  PRIMARY KEY (`id`),
  KEY `galleries_news_id_foreign` (`news_id`)
) ENGINE=InnoDB AUTO_INCREMENT=7 DEFAULT CHARSET=utf8 COLLATE=utf8_unicode_ci;

--
-- Dumping data for table `galleries`
--

INSERT INTO `galleries` (`id`, `title`, `discription`, `photo`, `news_id`, `active`, `created_by`, `updated_by`, `created_at`, `updated_at`) VALUES
(1, NULL, NULL, NULL, 7, 0, NULL, NULL, '2019-09-14 21:51:27', '2019-09-14 21:51:27');

-- --------------------------------------------------------

--
-- Table structure for table `generals`
--

DROP TABLE IF EXISTS `generals`;
CREATE TABLE IF NOT EXISTS `generals` (
  `id` bigint UNSIGNED NOT NULL AUTO_INCREMENT,
  `name` varchar(191) CHARACTER SET utf8 COLLATE utf8_unicode_ci NOT NULL,
  `title` varchar(191) CHARACTER SET utf8 COLLATE utf8_unicode_ci NOT NULL,
  `url` varchar(191) CHARACTER SET utf8 COLLATE utf8_unicode_ci NOT NULL,
  `phone` varchar(191) CHARACTER SET utf8 COLLATE utf8_unicode_ci NOT NULL,
  `tel_phone` varchar(191) CHARACTER SET utf8 COLLATE utf8_unicode_ci DEFAULT NULL,
  `email` varchar(191) CHARACTER SET utf8 COLLATE utf8_unicode_ci NOT NULL,
  `address` varchar(191) CHARACTER SET utf8 COLLATE utf8_unicode_ci NOT NULL,
  `discription` longtext CHARACTER SET utf8 COLLATE utf8_unicode_ci NOT NULL,
  `banar` varchar(191) CHARACTER SET utf8 COLLATE utf8_unicode_ci NOT NULL,
  `logo` varchar(191) CHARACTER SET utf8 COLLATE utf8_unicode_ci NOT NULL,
  `fab` varchar(191) CHARACTER SET utf8 COLLATE utf8_unicode_ci NOT NULL,
  `slogan` text CHARACTER SET utf8 COLLATE utf8_unicode_ci NOT NULL,
  `map` longtext CHARACTER SET utf8 COLLATE utf8_unicode_ci NOT NULL,
  `created_by` int UNSIGNED DEFAULT NULL,
  `updated_by` int UNSIGNED DEFAULT NULL,
  `created_at` timestamp NULL DEFAULT NULL,
  `updated_at` timestamp NULL DEFAULT NULL,
  PRIMARY KEY (`id`)
) ENGINE=InnoDB AUTO_INCREMENT=2 DEFAULT CHARSET=utf8 COLLATE=utf8_unicode_ci;

--
-- Dumping data for table `generals`
--

INSERT INTO `generals` (`id`, `name`, `title`, `url`, `phone`, `tel_phone`, `email`, `address`, `discription`, `banar`, `logo`, `fab`, `slogan`, `map`, `created_by`, `updated_by`, `created_at`, `updated_at`) VALUES
(1, 'পুঠিয়া পি.এন সরকারি উচ্চ বিদ্যালয়', 'পুঠিয়া পি.এন সরকারি উচ্চ বিদ্যালয়', 'http://smmplsc.edu.bd', '01709744550', '07228-56134', 'puthiapnmhs15@gmail.com', 'পুঠিয়া পি.এন সরকারি উচ্চ বিদ্যালয়, পুঠিয়া, রাজশাহী পোস্ট- জিপিও-৬২৬০, উপজেলা -পুঠিয়া, জেলা- রাজশাহী', '<p><strong>Lorem Ipsum</strong>&nbsp;is simply dummy text of the printing and typesetting industry. Lorem Ipsum has been the industry&#39;s standard dummy text ever since the 1500s, when an unknown printer took a galley of type and scrambled it to make a type specimen book. It has survived not only five centuries, but also the leap into electronic typesetting, remaining essentially unchanged. It was popularised in the 1960s with the release of Letraset sheets containing Lorem Ipsum passages, and more recently with desktop publishing software like Aldus PageMaker including versions of Lorem Ipsum.</p>', '2020-12-14-12-32-56-puthia_pn.jpg', '2020-12-15-11-38-08-Puthia_PN_school_logo.png', '2020-12-15-11-37-38-favicon.png', '<p>শিক্ষা নিয়ে গড়ব দেশ</p><p>শেখ হাসিনার বাংলাদেশ</p>', '<iframe src=\"https://www.google.com/maps/embed?pb=!1m18!1m12!1m3!1d246190.10535357008!2d88.60497564432404!3d24.491673961748596!2m3!1f0!2f0!3f0!3m2!1i1024!2i768!4f13.1!3m3!1m2!1s0x39fc08e40b8f0fd9%3A0x27f8e1b5821ce0bb!2z4Kaq4KeB4Kag4Ka_4Kef4Ka-IOCmquCmvy7gpo_gpqguIOCmuOCmsOCmleCmvuCmsOCngCDgpongpprgp43gppog4Kas4Ka_4Kam4KeN4Kav4Ka-4Kay4Kef!5e0!3m2!1sbn!2sbd!4v1607926574714!5m2!1sbn!2sbd\" width=\"100%\" height=\"286\" frameborder=\"0\" style=\"border:0;\" allowfullscreen=\"\" aria-hidden=\"false\" tabindex=\"0\"></iframe>', NULL, 1, '2019-04-15 07:14:42', '2020-12-15 05:38:09');

-- --------------------------------------------------------

--
-- Table structure for table `homesliders`
--

DROP TABLE IF EXISTS `homesliders`;
CREATE TABLE IF NOT EXISTS `homesliders` (
  `id` bigint UNSIGNED NOT NULL AUTO_INCREMENT,
  `title` varchar(191) CHARACTER SET utf8 COLLATE utf8_unicode_ci NOT NULL,
  `subtitle` varchar(191) CHARACTER SET utf8 COLLATE utf8_unicode_ci DEFAULT NULL,
  `image` varchar(191) CHARACTER SET utf8 COLLATE utf8_unicode_ci NOT NULL,
  `active` tinyint(1) DEFAULT '0',
  `created_by` int UNSIGNED DEFAULT NULL,
  `updated_by` int UNSIGNED DEFAULT NULL,
  `created_at` timestamp NULL DEFAULT NULL,
  `updated_at` timestamp NULL DEFAULT NULL,
  PRIMARY KEY (`id`)
) ENGINE=InnoDB AUTO_INCREMENT=23 DEFAULT CHARSET=utf8 COLLATE=utf8_unicode_ci;

--
-- Dumping data for table `homesliders`
--

INSERT INTO `homesliders` (`id`, `title`, `subtitle`, `image`, `active`, `created_by`, `updated_by`, `created_at`, `updated_at`) VALUES
(11, 'শহীদ মামুন মাহমুদ পুলিশ লাইনস্ স্কুল অ্যান্ড কলেজ', 'শহীদ মামুন মাহমুদ পুলিশ লাইনস্ স্কুল', 'IMG_4494.JPG', 0, NULL, 3, '2019-09-17 19:27:18', '2019-11-13 16:28:57'),
(12, 'শহীদ মামুন মাহমুদ পুলিশ লাইনস্ স্কুল এ্যান্ড কলেজ', NULL, 'IMG_2738.JPG', 0, NULL, 3, '2019-09-17 19:42:25', '2019-11-13 16:24:18'),
(13, 'শহীদ মামুন মাহমুদ পুলিশ লাইনস্ স্কুল এ্যান্ড কলেজ', NULL, '2019-09-18-07-42-44-IMG_2727.JPG', 0, NULL, 3, '2019-09-17 19:42:46', '2019-11-13 16:28:48'),
(14, 'প্রাত্যহিক সমাবেশ', NULL, '2019-11-13-10-23-05-IMG_2259.JPG', 0, 3, 2, '2019-11-13 16:23:05', '2020-12-14 06:35:52'),
(15, 'প্রাত্যহিক সমাবেশ', NULL, '2019-11-13-10-23-31-IMG_2253.JPG', 0, 3, 3, '2019-11-13 16:23:32', '2019-11-13 16:37:08'),
(16, 'রেঞ্জার', NULL, '2019-11-13-10-25-23-IMG_20191112_140654.jpg', 0, 3, 2, '2019-11-13 16:25:23', '2020-12-14 06:36:05'),
(17, 'মেইন গেইট', NULL, '2019-11-13-10-34-18-Main Gait.jpg', 0, 3, 2, '2019-11-13 16:34:18', '2020-12-14 06:36:17'),
(18, 'ক্লাস 5 পিকনিক', NULL, '2019-11-13-10-34-42-Class 5 Picnic.jpg', 0, 3, 2, '2019-11-13 16:34:42', '2020-12-14 06:36:28'),
(19, 'কমিশনার সংবর্ধনা', NULL, '2019-11-13-10-35-03-Comitionar.jpg', 0, 3, 2, '2019-11-13 16:35:03', '2020-12-14 06:36:40'),
(20, 'ফুটবল টিম', NULL, '2019-11-13-10-35-20-Football.jpg', 0, 3, NULL, '2019-11-13 16:35:20', '2019-11-13 16:35:20'),
(21, 'মেইন গেইট', NULL, '2020-12-14-12-37-57-puthia_main_gate.jpg', 1, 2, 2, '2020-12-14 06:37:58', '2020-12-14 06:38:23'),
(22, 'পুঠিয়া পি.এন সরকারি উচ্চ বিদ্যালয়', NULL, '2020-12-14-12-40-14-puthia_pn_2.jpg', 1, 2, 2, '2020-12-14 06:40:15', '2020-12-14 06:40:34');

-- --------------------------------------------------------

--
-- Table structure for table `importantlinks`
--

DROP TABLE IF EXISTS `importantlinks`;
CREATE TABLE IF NOT EXISTS `importantlinks` (
  `id` bigint UNSIGNED NOT NULL AUTO_INCREMENT,
  `title` varchar(191) CHARACTER SET utf8 COLLATE utf8_unicode_ci NOT NULL,
  `link` varchar(191) CHARACTER SET utf8 COLLATE utf8_unicode_ci NOT NULL,
  `logo` varchar(191) CHARACTER SET utf8 COLLATE utf8_unicode_ci DEFAULT NULL,
  `active` tinyint(1) NOT NULL DEFAULT '0',
  `created_by` int UNSIGNED DEFAULT NULL,
  `updated_by` int UNSIGNED DEFAULT NULL,
  `created_at` timestamp NULL DEFAULT NULL,
  `updated_at` timestamp NULL DEFAULT NULL,
  PRIMARY KEY (`id`)
) ENGINE=InnoDB AUTO_INCREMENT=6 DEFAULT CHARSET=utf8 COLLATE=utf8_unicode_ci;

--
-- Dumping data for table `importantlinks`
--

INSERT INTO `importantlinks` (`id`, `title`, `link`, `logo`, `active`, `created_by`, `updated_by`, `created_at`, `updated_at`) VALUES
(1, 'বাংলাদেশ জাতীয় তথ্য বাতায়ন', 'https://bangladesh.gov.bd/index.php', NULL, 1, NULL, NULL, '2019-09-17 22:16:27', '2019-09-17 22:22:14'),
(2, 'শিক্ষা মন্ত্রণালয়', 'https://moedu.gov.bd/', NULL, 1, NULL, NULL, '2019-09-17 22:17:25', '2019-09-17 22:20:33'),
(3, 'মাধ্যমিক ও উচ্চ শিক্ষা বিভাগ', 'http://www.shed.gov.bd/', NULL, 1, NULL, NULL, '2019-09-17 22:18:27', '2019-09-17 22:22:04'),
(4, 'মাধ্যমিক ও উচ্চশিক্ষা অধিদপ্তর', 'http://www.dshe.gov.bd/', NULL, 1, NULL, NULL, '2019-09-17 22:21:27', '2019-09-17 22:22:19'),
(5, 'Rajshahi Metropolitan Police', 'https://rmp.gov.bd/', NULL, 1, NULL, NULL, '2019-09-17 23:39:11', '2019-09-17 23:39:21');

-- --------------------------------------------------------

--
-- Table structure for table `institutes`
--

DROP TABLE IF EXISTS `institutes`;
CREATE TABLE IF NOT EXISTS `institutes` (
  `id` int UNSIGNED NOT NULL AUTO_INCREMENT,
  `institute` varchar(191) CHARACTER SET utf8 COLLATE utf8_unicode_ci NOT NULL,
  `created_by` int UNSIGNED DEFAULT NULL,
  `updated_by` int UNSIGNED DEFAULT NULL,
  `created_at` timestamp NULL DEFAULT NULL,
  `updated_at` timestamp NULL DEFAULT NULL,
  PRIMARY KEY (`id`)
) ENGINE=InnoDB AUTO_INCREMENT=3 DEFAULT CHARSET=utf8 COLLATE=utf8_unicode_ci;

--
-- Dumping data for table `institutes`
--

INSERT INTO `institutes` (`id`, `institute`, `created_by`, `updated_by`, `created_at`, `updated_at`) VALUES
(1, 'স্কুল', NULL, NULL, '2019-04-15 07:14:42', '2019-04-15 07:14:42'),
(2, 'কলেজ', NULL, NULL, '2019-04-15 07:15:42', '2019-04-15 07:15:42');

-- --------------------------------------------------------

--
-- Table structure for table `migrations`
--

DROP TABLE IF EXISTS `migrations`;
CREATE TABLE IF NOT EXISTS `migrations` (
  `id` int UNSIGNED NOT NULL AUTO_INCREMENT,
  `migration` varchar(191) CHARACTER SET utf8 COLLATE utf8_unicode_ci NOT NULL,
  `batch` int NOT NULL,
  PRIMARY KEY (`id`)
) ENGINE=InnoDB AUTO_INCREMENT=51 DEFAULT CHARSET=utf8 COLLATE=utf8_unicode_ci;

--
-- Dumping data for table `migrations`
--

INSERT INTO `migrations` (`id`, `migration`, `batch`) VALUES
(1, '2014_10_12_100000_create_password_resets_table', 1),
(2, '2019_04_15_191331679173_create_1555355612601_permissions_table', 1),
(3, '2019_04_15_191331731390_create_1555355612581_roles_table', 1),
(4, '2019_04_15_191331779537_create_1555355612782_users_table', 1),
(5, '2019_04_15_191332603432_create_1555355612603_permission_role_pivot_table', 1),
(6, '2019_04_15_191332791021_create_1555355612790_role_user_pivot_table', 1),
(7, '2019_04_15_191441675085_create_1555355681975_products_table', 1),
(12, '2019_09_03_051457_create_notice_catagories_table', 1),
(13, '2019_09_03_052646_create_academic_categories_table', 1),
(14, '2019_09_03_092029_create_notices_table', 1),
(15, '2019_09_04_062631_create_academics_table', 1),
(16, '2019_09_05_055608_create_importantlinks_table', 1),
(23, '2019_09_14_082927_create_generals_table', 2),
(25, '2019_09_14_115535_create_welcome_texts_table', 3),
(26, '2019_09_09_110023_create_speeches_table', 4),
(27, '2019_09_14_053356_create_homesliders_table', 5),
(32, '2019_08_28_120357_create_news_catagories_table', 6),
(33, '2019_08_28_120429_create_news_table', 6),
(34, '2019_08_31_053153_create_galleries_table', 7),
(35, '2019_08_31_053316_create_photos_table', 7),
(36, '2019_09_11_054752_create_pages_table', 8),
(37, '2019_09_09_071628_create_sociallinks_table', 9),
(38, '2019_09_09_052603_create_visitors_table', 10),
(45, '2019_09_07_113021_create_religions_table', 11),
(46, '2019_09_07_113052_create_institutes_table', 11),
(47, '2019_09_08_113119_create_employee_types_table', 11),
(48, '2019_09_15_072043_create_designations_table', 11),
(49, '2019_09_16_094856_create_employees_table', 11),
(50, '2019_09_21_115718_create_updateposts_table', 12);

-- --------------------------------------------------------

--
-- Table structure for table `news`
--

DROP TABLE IF EXISTS `news`;
CREATE TABLE IF NOT EXISTS `news` (
  `id` bigint UNSIGNED NOT NULL AUTO_INCREMENT,
  `title` varchar(191) CHARACTER SET utf8 COLLATE utf8_unicode_ci NOT NULL,
  `discription` longtext CHARACTER SET utf8 COLLATE utf8_unicode_ci NOT NULL,
  `catagories_id` int UNSIGNED DEFAULT NULL,
  `photo` varchar(191) CHARACTER SET utf8 COLLATE utf8_unicode_ci NOT NULL,
  `created_by` int UNSIGNED DEFAULT NULL,
  `updated_by` int UNSIGNED DEFAULT NULL,
  `created_at` timestamp NULL DEFAULT NULL,
  `updated_at` timestamp NULL DEFAULT NULL,
  PRIMARY KEY (`id`),
  KEY `news_catagories_id_foreign` (`catagories_id`)
) ENGINE=InnoDB AUTO_INCREMENT=13 DEFAULT CHARSET=utf8 COLLATE=utf8_unicode_ci;

--
-- Dumping data for table `news`
--

INSERT INTO `news` (`id`, `title`, `discription`, `catagories_id`, `photo`, `created_by`, `updated_by`, `created_at`, `updated_at`) VALUES
(7, 'Test News', '<p>Test News</p>', NULL, '2020-12-14-12-44-07-puthia_main_gate.jpg', NULL, 2, '2019-09-14 21:51:27', '2020-12-14 06:44:08');

-- --------------------------------------------------------

--
-- Table structure for table `news_catagories`
--

DROP TABLE IF EXISTS `news_catagories`;
CREATE TABLE IF NOT EXISTS `news_catagories` (
  `id` int UNSIGNED NOT NULL AUTO_INCREMENT,
  `title` varchar(191) CHARACTER SET utf8 COLLATE utf8_unicode_ci NOT NULL,
  `active` tinyint(1) NOT NULL DEFAULT '0',
  `created_by` int UNSIGNED DEFAULT NULL,
  `updated_by` int UNSIGNED DEFAULT NULL,
  `created_at` timestamp NULL DEFAULT NULL,
  `updated_at` timestamp NULL DEFAULT NULL,
  PRIMARY KEY (`id`)
) ENGINE=InnoDB AUTO_INCREMENT=2 DEFAULT CHARSET=utf8 COLLATE=utf8_unicode_ci;

--
-- Dumping data for table `news_catagories`
--

INSERT INTO `news_catagories` (`id`, `title`, `active`, `created_by`, `updated_by`, `created_at`, `updated_at`) VALUES
(1, 'শিক্ষা সফর', 0, 3, NULL, '2019-11-06 16:22:53', '2019-11-06 16:22:53');

-- --------------------------------------------------------

--
-- Table structure for table `notices`
--

DROP TABLE IF EXISTS `notices`;
CREATE TABLE IF NOT EXISTS `notices` (
  `id` bigint UNSIGNED NOT NULL AUTO_INCREMENT,
  `title` varchar(191) CHARACTER SET utf8 COLLATE utf8_unicode_ci NOT NULL,
  `discription` longtext CHARACTER SET utf8 COLLATE utf8_unicode_ci NOT NULL,
  `file` varchar(191) CHARACTER SET utf8 COLLATE utf8_unicode_ci NOT NULL,
  `created_at` timestamp NULL DEFAULT NULL,
  `updated_at` timestamp NULL DEFAULT NULL,
  `catagories_id` bigint UNSIGNED NOT NULL,
  `created_by` int UNSIGNED DEFAULT NULL,
  `updated_by` int UNSIGNED DEFAULT NULL,
  PRIMARY KEY (`id`),
  KEY `notices_catagories_id_foreign` (`catagories_id`)
) ENGINE=InnoDB AUTO_INCREMENT=3 DEFAULT CHARSET=utf8 COLLATE=utf8_unicode_ci;

--
-- Dumping data for table `notices`
--

INSERT INTO `notices` (`id`, `title`, `discription`, `file`, `created_at`, `updated_at`, `catagories_id`, `created_by`, `updated_by`) VALUES
(1, 'Test Notice', '<p>Test Notice</p>', '2020-12-14-12-43-14-puthia_pn_2.jpg', '2019-10-22 16:38:32', '2020-12-14 06:43:14', 1, 3, 2);

-- --------------------------------------------------------

--
-- Table structure for table `notice_catagories`
--

DROP TABLE IF EXISTS `notice_catagories`;
CREATE TABLE IF NOT EXISTS `notice_catagories` (
  `id` bigint UNSIGNED NOT NULL AUTO_INCREMENT,
  `title` varchar(191) CHARACTER SET utf8 COLLATE utf8_unicode_ci NOT NULL,
  `active` tinyint(1) NOT NULL DEFAULT '0',
  `created_by` int UNSIGNED DEFAULT NULL,
  `updated_by` int UNSIGNED DEFAULT NULL,
  `created_at` timestamp NULL DEFAULT NULL,
  `updated_at` timestamp NULL DEFAULT NULL,
  PRIMARY KEY (`id`)
) ENGINE=InnoDB AUTO_INCREMENT=2 DEFAULT CHARSET=utf8 COLLATE=utf8_unicode_ci;

--
-- Dumping data for table `notice_catagories`
--

INSERT INTO `notice_catagories` (`id`, `title`, `active`, `created_by`, `updated_by`, `created_at`, `updated_at`) VALUES
(1, 'নোটিশ', 0, NULL, NULL, '2019-09-14 00:40:48', '2019-09-14 00:40:48');

-- --------------------------------------------------------

--
-- Table structure for table `pages`
--

DROP TABLE IF EXISTS `pages`;
CREATE TABLE IF NOT EXISTS `pages` (
  `id` bigint UNSIGNED NOT NULL AUTO_INCREMENT,
  `title` varchar(191) CHARACTER SET utf8 COLLATE utf8_unicode_ci NOT NULL,
  `contant` longtext CHARACTER SET utf8 COLLATE utf8_unicode_ci,
  `page_link` varchar(191) CHARACTER SET utf8 COLLATE utf8_unicode_ci DEFAULT NULL,
  `page_oder` int DEFAULT NULL,
  `active` tinyint(1) NOT NULL DEFAULT '0',
  `created_by` int UNSIGNED DEFAULT NULL,
  `updated_by` int UNSIGNED DEFAULT NULL,
  `created_at` timestamp NULL DEFAULT NULL,
  `updated_at` timestamp NULL DEFAULT NULL,
  PRIMARY KEY (`id`)
) ENGINE=InnoDB AUTO_INCREMENT=15 DEFAULT CHARSET=utf8 COLLATE=utf8_unicode_ci;

--
-- Dumping data for table `pages`
--

INSERT INTO `pages` (`id`, `title`, `contant`, `page_link`, `page_oder`, `active`, `created_by`, `updated_by`, `created_at`, `updated_at`) VALUES
(1, 'MULTIMEDIA CLASSROOM', '<div style=\"width:100%\"><img alt=\"\" class=\"img-fluid img-thumbnail\" src=\"https://smmplsc.edu.bd/public/uplodefile/page/2019-10-06-16-16-47.jpg\" /></div>\r\n\r\n<p>&nbsp;</p>\r\n\r\n<div style=\"border-bottom:2px solid #f1f2f3; width:100% !important\">\r\n<h2 style=\"text-align:justify\">Multimedia Classroom</h2>\r\n</div>\r\n\r\n<p>&nbsp;</p>\r\n\r\n<div class=\"text-justify\">\r\n<p>রাজশাহী মহানগরীর পশ্চিমাঞ্চলে শিক্ষার উন্নতিকল্পে রাজশাহী পুলিশ লাইন চত্বরে অবস্থিত ১.৬৫ একর জমির উপর ১৬.০৭.১৯৫৯ তারিখে তদানিন্তন পূর্ব পাকিস্তানের গভর্ণর কর্তৃক একটি প্রাথমিক বিদ্যালয়ের সূচনফলক উন্মোচনপূর্বক এই শিক্ষা প্রতিষ্ঠানের &nbsp;শুভসূচনা হয়। পরবর্তীতে (স্বাধীনতা উত্তরকালে) ১৯৭৮ খ্রিঃ উক্ত বিদ্যায়লটি উচ্চ বিদ্যালয়ে উন্নীত হয় এবং ১৯৭১ খ্রিঃ শহীদ বীর মুক্তিযোদ্ধা ও তদানিন্তন রাজশাহী অঞ্চলের ডি.আই.জি মরহুম মামুন মাহমুদ- এর নামে বিদ্যালয়টির নামকরণ করা হয় &ldquo;শহীদ মামুন মাহমুদ স্কুল এ্যান্ড কলেজ&rdquo;। নি&curren;&oelig; মাধ্যমিক হিসাবে স্বীকৃতি ০১/০১/১৯৮০ এবং মাধ্যমিক হিসাবে বিদ্যালয়টির স্বীকৃতির তারিখ ০১.০১.১৯৮১। ১৯৯৫ খ্রিস্টাব্দে এই শিক্ষা প্রতিষ্ঠানটিকে দ্বাদশ শ্রেণিতে উন্নীত করা হলে এর নামকরণ হয় &ldquo;শহীদ মামুন মাহমুদ পুলিশ লাইন্স স্কুল এ্যান্ড কলেজ&rdquo;। প্রতিষ্ঠাতা প্রধান শিক্ষকের নাম জনাব মোঃ নূর মোহাম্মদ। তিনি ১৯৫৯ খ্রিঃ থেকে ১৯৬২ খ্রিঃ পর্যন্ত দায়িত্বপ্রাপ্ত ছিলেন। বর্তমান প্রতিষ্ঠান প্রধানের (অধ্যক্ষ) নাম জনাব মোঃ গোলাম মাওলা। তিনি ০৯.০১.২০০৭ তারিখ থেকে কর্মরত আছেন। বর্তমান শিক্ষার্থী সংখ্যা প্রায় ১১৩৫ জন (শিশু থেকে দ্বাদশ শ্রেণি পর্যন্ত)। প্রাথমিক ০৩ জন, মাধ্যমিক শাখায় ১৯ জন ও কলেজ শাখায় ২৭ জনসহ মোট এমপিওভুক্ত শিক্ষক সংখ্যা ৪৯ জন (এর মধ্যে ২০ জন শিক্ষিকা)।</p>\r\n</div>\r\n\r\n<p>&nbsp;</p>\r\n\r\n<div style=\"border-bottom:2px solid #f1f2f3; width:100% !important\">\r\n<h2 style=\"text-align:justify\">Pictures</h2>\r\n</div>\r\n\r\n<p>&nbsp;</p>\r\n\r\n<div class=\"row\">\r\n<div class=\"col-sm-4\"><img alt=\"\" class=\"img-fluid img-thumbnail\" src=\"https://smmplsc.edu.bd/public/uplodefile/page/2019-10-06-16-17-16.jpg\" /></div>\r\n\r\n<div class=\"col-sm-4\"><img alt=\"\" class=\"img-fluid img-thumbnail\" src=\"http://smmplsc.edu.bd/public/uplodefile/page/2019-10-06-16-17-16.jpg\" /></div>\r\n\r\n<div class=\"col-sm-4\"><img alt=\"\" class=\"img-fluid img-thumbnail\" src=\"http://smmplsc.edu.bd/public/uplodefile/page/2019-10-06-16-17-16.jpg\" /></div>\r\n</div>', NULL, NULL, 0, NULL, NULL, '2019-10-03 11:34:04', '2019-10-06 21:18:35'),
(3, 'ল্যাব', '<div style=\"width:100%\">\r\n<p><img alt=\"\" class=\"img-fluid img-thumbnail\" src=\"http://smmplsc.edu.bd/public/uplodefile/page/banner-943866__340_1570271594.jpg\" /></p>\r\n\r\n<p>&nbsp;</p>\r\n</div>\r\n\r\n<div class=\"theme-bg\">\r\n<h1 style=\"text-align:center\">শহীদ মামুন মাহমুদ পুলিশ লাইনস্ স্কুল এ্যান্ড কলেজের শিক্ষাথীরা ল্যাবে</h1>\r\n</div>\r\n\r\n<p>&nbsp;</p>\r\n\r\n<div class=\"row\">\r\n<div class=\"col-sm-4\">\r\n<p><img alt=\"\" class=\"img-fluid img-thumbnail\" src=\"http://smmplsc.edu.bd/public/uplodefile/page/lab 1_1570338689.jpg\" /></p>\r\n</div>\r\n\r\n<div class=\"col-sm-4\">\r\n<p><img alt=\"\" class=\"img-fluid img-thumbnail\" src=\"http://smmplsc.edu.bd/public/uplodefile/page/lab 2_1570338833.jpg\" /></p>\r\n</div>\r\n\r\n<div class=\"col-sm-4\">\r\n<p><img alt=\"\" class=\"img-fluid img-thumbnail\" src=\"http://smmplsc.edu.bd/public/uplodefile/page/lab 2_1570338833.jpg\" /></p>\r\n</div>\r\n\r\n<div class=\"col-sm-4\">\r\n<p><img alt=\"\" class=\"img-fluid img-thumbnail\" src=\"http://smmplsc.edu.bd/public/uplodefile/page/lab 1_1570338689.jpg\" /></p>\r\n\r\n<p>&nbsp;</p>\r\n</div>\r\n\r\n<div class=\"col-sm-4\">\r\n<p>&nbsp;</p>\r\n</div>\r\n</div>\r\n\r\n<p>&nbsp;</p>\r\n\r\n<p>a</p>', NULL, NULL, 0, NULL, 1, '2019-10-03 11:37:53', '2019-10-15 18:44:21'),
(5, 'Multimedia Classroom', '<div style=\"border-bottom:2px solid #f1f2f3; width:100% !important\">\r\n<h2>Multimedia Classroom</h2>\r\n</div>\r\n\r\n<p>&nbsp;</p>\r\n\r\n<div style=\"width:100%\">\r\n<p><img alt=\"\" class=\"img-fluid img-thumbnail\" src=\"http://smmplsc.edu.bd/public/uplodefile/page/banner-943866__340_1570271594.jpg\" /></p>\r\n</div>\r\n\r\n<p>&nbsp;</p>\r\n\r\n<p>The above example creates three equal-width columns on small, medium, large, and extra large devices using our predefined grid classes. Those columns are centered in the page with the parent <code>.container</code>. The above example creates three equal-width columns on small, medium, large, and extra large devices using our predefined grid classes. Those columns are centered in the page with the parent <code>.container</code>. The above example creates three equal-width columns on small, medium, large, and extra large devices using our predefined grid classes. Those columns are centered in the page with the parent <code>.container</code>. The above example creates three equal-width columns on small, medium, large, and extra large devices using our predefined grid classes. Those columns are centered in the page with the parent <code>.container</code>.</p>\r\n\r\n<p>&nbsp;</p>\r\n\r\n<div style=\"width:100%\">\r\n<p><img alt=\"\" class=\"img-fluid img-thumbnail\" src=\"http://smmplsc.edu.bd/public/uplodefile/page/banner-943866__340_1570271594.jpg\" /></p>\r\n</div>\r\n\r\n<p>&nbsp;</p>\r\n\r\n<p>The above example creates three equal-width columns on small, medium, large, and extra large devices using our predefined grid classes. Those columns are centered in the page with the parent <code>.container</code>. The above example creates three equal-width columns on small, medium, large, and extra large devices using our predefined grid classes. Those columns are centered in the page with the parent <code>.container</code>. The above example creates three equal-width columns on small, medium, large, and extra large devices using our predefined grid classes. Those columns are centered in the page with the parent <code>.container</code>. The above example creates three equal-width columns on small, medium, large, and extra large devices using our predefined grid classes. Those columns are centered in the page with the parent <code>.container</code>. &nbsp;</p>\r\n\r\n<p>&nbsp;</p>\r\n\r\n<div style=\"width:100%\">\r\n<p><img alt=\"\" class=\"img-fluid img-thumbnail\" src=\"http://smmplsc.edu.bd/public/uplodefile/page/banner-943866__340_1570271594.jpg\" /></p>\r\n</div>\r\n\r\n<p>&nbsp;</p>\r\n\r\n<p>The above example creates three equal-width columns on small, medium, large, and extra large devices using our predefined grid classes. Those columns are centered in the page with the parent <code>.container</code>. The above example creates three equal-width columns on small, medium, large, and extra large devices using our predefined grid classes. Those columns are centered in the page with the parent <code>.container</code>. The above example creates three equal-width columns on small, medium, large, and extra large devices using our predefined grid classes. Those columns are centered in the page with the parent <code>.container</code>. The above example creates three equal-width columns on small, medium, large, and extra large devices using our predefined grid classes. Those columns are centered in the page with the parent <code>.container</code>. &nbsp;</p>', NULL, NULL, 0, NULL, NULL, '2019-10-03 11:43:14', '2019-10-06 05:56:58'),
(6, 'TRANSPORT', '<div style=\"border-bottom:2px solid #f1f2f3; width:100% !important\">\r\n<h2>TRANSPORT</h2>\r\n</div>\r\n\r\n<p>&nbsp;</p>\r\n<div style=\"width:100%\">\r\n<p><img alt=\"\" class=\"img-fluid img-thumbnail\" src=\"http://smmplsc.edu.bd/public/uplodefile/page/banner-943866__340_1570271594.jpg\" /></p>\r\n</div>', NULL, NULL, 0, NULL, NULL, '2019-10-03 11:44:51', '2019-10-06 06:14:24'),
(7, 'COUNSELLING', '<div style=\"border-bottom:2px solid #f1f2f3; width:100% !important\">\r\n<h2>COUNSELLING</h2>\r\n</div>\r\n\r\n<p>&nbsp;</p>\r\n<div style=\"width:100%\">\r\n<p><img alt=\"\" class=\"img-fluid img-thumbnail\" src=\"http://smmplsc.edu.bd/public/uplodefile/page/banner-943866__340_1570271594.jpg\" /></p>\r\n</div>', NULL, NULL, 0, NULL, NULL, '2019-10-03 12:06:37', '2019-10-06 06:14:33'),
(8, 'LIBRARY', '<div style=\"border-bottom:2px solid #f1f2f3; width:100% !important\">\r\n<h2>TRANSPORT</h2>\r\n</div>\r\n\r\n<p>&nbsp;</p>\r\n<div style=\"width:100%\">\r\n<p><img alt=\"\" class=\"img-fluid img-thumbnail\" src=\"http://smmplsc.edu.bd/public/uplodefile/page/banner-943866__340_1570271594.jpg\" /></p>\r\n</div>', NULL, NULL, 0, NULL, NULL, '2019-10-03 12:22:55', '2019-10-06 06:14:45'),
(9, 'LABORATORIES', '<div style=\"border-bottom:2px solid #f1f2f3; width:100% !important\">\r\n<h2>LABORATORIES</h2>\r\n</div>\r\n\r\n<p>&nbsp;</p>\r\n<div style=\"width:100%\">\r\n<p><img alt=\"\" class=\"img-fluid img-thumbnail\" src=\"http://smmplsc.edu.bd/public/uplodefile/page/banner-943866__340_1570271594.jpg\" /></p>\r\n</div>', NULL, NULL, 0, NULL, NULL, '2019-10-03 12:24:02', '2019-10-06 06:16:20'),
(10, 'GURDIANSHIP', '<div style=\"border-bottom:2px solid #f1f2f3; width:100% !important\">\r\n<h2>GURDIANSHIP</h2>\r\n</div>\r\n\r\n<p>&nbsp;</p>\r\n<div style=\"width:100%\">\r\n<p><img alt=\"\" class=\"img-fluid img-thumbnail\" src=\"http://smmplsc.edu.bd/public/uplodefile/page/banner-943866__340_1570271594.jpg\" /></p>\r\n</div>', NULL, NULL, 0, NULL, NULL, '2019-10-06 05:41:46', '2019-10-06 06:14:56'),
(11, 'HOSTEL', '<div style=\"border-bottom:2px solid #f1f2f3; width:100% !important\">\r\n<h2>HOSTEL</h2>\r\n</div>\r\n\r\n<p>&nbsp;</p>\r\n<div style=\"width:100%\">\r\n<p><img alt=\"\" class=\"img-fluid img-thumbnail\" src=\"http://smmplsc.edu.bd/public/uplodefile/page/banner-943866__340_1570271594.jpg\" /></p>\r\n</div>', NULL, NULL, 0, NULL, NULL, '2019-10-06 05:41:56', '2019-10-06 06:15:05'),
(12, 'MEDICAL', '<div style=\"border-bottom:2px solid #f1f2f3; width:100% !important\">\r\n<h2>MEDICAL</h2>\r\n</div>\r\n\r\n<p>&nbsp;</p>\r\n<div style=\"width:100%\">\r\n<p><img alt=\"\" class=\"img-fluid img-thumbnail\" src=\"http://smmplsc.edu.bd/public/uplodefile/page/banner-943866__340_1570271594.jpg\" /></p>\r\n</div>', NULL, NULL, 0, NULL, NULL, '2019-10-06 05:42:05', '2019-10-06 06:15:15'),
(13, 'AUDITORIUM', '<div style=\"border-bottom:2px solid #f1f2f3; width:100% !important\">\r\n<h2>AUDITORIUM</h2>\r\n</div>\r\n\r\n<p>&nbsp;</p>\r\n\r\n<div style=\"width:100%\">\r\n<p><img alt=\"\" class=\"img-fluid img-thumbnail\" src=\"http://smmplsc.edu.bd/public/uplodefile/page/banner-943866__340_1570271594.jpg\" /></p>\r\n</div>', NULL, NULL, 0, NULL, NULL, '2019-10-06 05:42:18', '2019-10-06 21:10:30'),
(14, 'Employee Personal and Educational Information', '<p>&nbsp;</p>\r\n\r\n<h3>Personal Information</h3>\r\n\r\n<div class=\"table-responsive\">\r\n<table class=\"table table-bordered\" style=\"border-bottom:1px solid #dee2e6; border-left:1px solid #dee2e6; border-right:1px solid #dee2e6\">\r\n	<tbody>\r\n		<tr>\r\n			<td>Name</td>\r\n			<td>MD.&nbsp;</td>\r\n		</tr>\r\n		<tr>\r\n			<td>Father&#39;s Name</td>\r\n			<td>&nbsp;</td>\r\n		</tr>\r\n		<tr>\r\n			<td>Mather&#39;s Name</td>\r\n			<td>&nbsp;</td>\r\n		</tr>\r\n		<tr>\r\n			<td>&nbsp;</td>\r\n			<td>&nbsp;</td>\r\n		</tr>\r\n		<tr>\r\n			<td>Birth Date</td>\r\n			<td>&nbsp;</td>\r\n		</tr>\r\n		<tr>\r\n			<td>Gender</td>\r\n			<td>Male</td>\r\n		</tr>\r\n		<tr>\r\n			<td>Blood Group</td>\r\n			<td>B(+ve)</td>\r\n		</tr>\r\n		<tr>\r\n			<td>Spouse NID</td>\r\n			<td>&nbsp;</td>\r\n		</tr>\r\n	</tbody>\r\n</table>\r\n</div>\r\n\r\n<p>&nbsp;</p>\r\n\r\n<h3>Educational Information</h3>\r\n\r\n<div class=\"table-responsive\">\r\n<table class=\"table table-bordered\" style=\"border-bottom:1px solid #dee2e6; border-left:1px solid #dee2e6; border-right:1px solid #dee2e6\">\r\n	<thead>\r\n		<tr>\r\n			<th scope=\"col\">Exam</th>\r\n			<th scope=\"col\">Name of Institution</th>\r\n			<th scope=\"col\">Result</th>\r\n			<th scope=\"col\">Passing Year</th>\r\n			<th scope=\"col\">Board / University</th>\r\n		</tr>\r\n	</thead>\r\n	<tbody>\r\n		<tr>\r\n			<td>&nbsp;</td>\r\n			<td>&nbsp;</td>\r\n			<td>&nbsp;</td>\r\n			<td>&nbsp;</td>\r\n			<td>&nbsp;</td>\r\n		</tr>\r\n	</tbody>\r\n</table>\r\n\r\n<p>&nbsp;</p>\r\n\r\n<p><img alt=\"\" src=\"https://smmplsc.edu.bd/public/uplodefile/page/2019-12-05-12-47-21.png\" /></p>\r\n</div>', NULL, NULL, 0, NULL, 1, '2019-10-14 17:37:26', '2019-12-29 00:05:30');

-- --------------------------------------------------------

--
-- Table structure for table `password_resets`
--

DROP TABLE IF EXISTS `password_resets`;
CREATE TABLE IF NOT EXISTS `password_resets` (
  `email` varchar(191) CHARACTER SET utf8 COLLATE utf8_unicode_ci NOT NULL,
  `token` varchar(191) CHARACTER SET utf8 COLLATE utf8_unicode_ci NOT NULL,
  `created_at` timestamp NULL DEFAULT NULL,
  KEY `password_resets_email_index` (`email`)
) ENGINE=InnoDB DEFAULT CHARSET=utf8 COLLATE=utf8_unicode_ci;

--
-- Dumping data for table `password_resets`
--

INSERT INTO `password_resets` (`email`, `token`, `created_at`) VALUES
('smmplsc21@yahoo.com', '$2y$10$uUEP.xBbffwtOf/GSkVQxOJASJrgy2VffkZ4RHGJ.EqIdYTXVMiH6', '2020-01-07 08:53:37');

-- --------------------------------------------------------

--
-- Table structure for table `paymentamounts`
--

DROP TABLE IF EXISTS `paymentamounts`;
CREATE TABLE IF NOT EXISTS `paymentamounts` (
  `id` bigint UNSIGNED NOT NULL AUTO_INCREMENT,
  `class` varchar(25) CHARACTER SET utf8 COLLATE utf8_unicode_ci NOT NULL,
  `name` varchar(191) CHARACTER SET utf8 COLLATE utf8_unicode_ci DEFAULT NULL,
  `amount` int UNSIGNED DEFAULT NULL,
  `admission_date` datetime NOT NULL,
  `count` bigint UNSIGNED DEFAULT '0',
  `subject_set` tinyint DEFAULT '0',
  `input_mark` tinyint DEFAULT '0',
  `make_result` tinyint DEFAULT '0',
  `publish` tinyint DEFAULT '0',
  `input_mark1` tinyint NOT NULL DEFAULT '0',
  `make_result1` tinyint NOT NULL DEFAULT '0',
  `publish1` tinyint NOT NULL DEFAULT '0',
  `created_by` varchar(191) CHARACTER SET utf8 COLLATE utf8_unicode_ci DEFAULT NULL,
  `updated_by` varchar(191) CHARACTER SET utf8 COLLATE utf8_unicode_ci DEFAULT NULL,
  `deleted_by` varchar(191) CHARACTER SET utf8 COLLATE utf8_unicode_ci DEFAULT NULL,
  `created_at` timestamp NULL DEFAULT NULL,
  `updated_at` timestamp NULL DEFAULT NULL,
  `deleted_at` timestamp NULL DEFAULT NULL,
  PRIMARY KEY (`id`)
) ENGINE=InnoDB AUTO_INCREMENT=12 DEFAULT CHARSET=utf8 COLLATE=utf8_unicode_ci;

--
-- Dumping data for table `paymentamounts`
--

INSERT INTO `paymentamounts` (`id`, `class`, `name`, `amount`, `admission_date`, `count`, `subject_set`, `input_mark`, `make_result`, `publish`, `input_mark1`, `make_result1`, `publish1`, `created_by`, `updated_by`, `deleted_by`, `created_at`, `updated_at`, `deleted_at`) VALUES
(1, '0', 'Baby', 180, '2020-01-11 11:00:00', 6, 1, 1, 1, 1, 0, 0, 0, '1', NULL, '1', '2019-11-16 22:25:56', '2020-12-15 04:56:33', '2020-12-15 04:56:33'),
(2, '1', 'Class 1', 180, '2020-01-11 11:00:00', 6, 1, 1, 1, 1, 0, 0, 0, '1', '1', '1', '2019-11-16 22:26:19', '2020-12-15 04:56:42', '2020-12-15 04:56:42'),
(3, '2', 'Class 2', 180, '2020-01-11 11:00:00', 11, 1, 1, 1, 1, 0, 0, 0, '1', '1', '1', '2019-11-16 22:26:37', '2020-12-15 04:56:48', '2020-12-15 04:56:48'),
(4, '3', 'Class 3', 180, '2020-01-11 11:00:00', 41, 1, 1, 1, 1, 1, 1, 1, '1', NULL, '1', '2019-11-16 22:26:50', '2020-12-15 04:56:54', '2020-12-15 04:56:54'),
(5, '4', 'Class 4', 180, '2020-01-11 11:00:00', 18, 1, 1, 1, 1, 1, 1, 1, '1', NULL, '1', '2019-11-16 22:27:30', '2020-12-15 04:57:00', '2020-12-15 04:57:00'),
(6, '5', 'Class 5', 180, '2020-01-11 11:00:00', 11, 1, 1, 0, 0, 1, 1, 1, '1', NULL, '1', '2019-11-16 22:27:44', '2020-12-15 04:57:07', '2020-12-15 04:57:07'),
(7, '6', 'Class 6', 110, '2020-12-17 00:00:00', 158, 1, 1, 1, 1, 1, 0, 0, '1', '1', NULL, '2019-11-16 22:27:59', '2020-12-16 10:12:50', NULL),
(8, '7', 'Class 7', 180, '2020-01-11 11:00:00', 23, 1, 1, 1, 1, 1, 1, 1, '1', '3', '1', '2019-11-16 22:28:46', '2020-12-15 04:58:11', '2020-12-15 04:58:11'),
(9, '8', 'Class 8', 180, '2020-01-11 11:00:00', 33, 1, 1, 1, 1, 1, 1, 1, '1', NULL, '1', '2019-11-16 22:29:05', '2020-12-15 04:58:19', '2020-12-15 04:58:19'),
(10, '9', 'Class 9', 110, '2020-12-17 00:00:00', 75, 1, 1, 1, 1, 1, 1, 1, '1', '1', NULL, '2019-11-16 22:29:26', '2020-12-15 11:12:11', NULL),
(11, '9', 'Class 9 Vocational', 110, '2020-12-17 00:00:00', 0, 0, 0, 0, 0, 0, 0, 0, '1', '1', '1', '2020-12-15 05:05:52', '2020-12-15 06:51:02', '2020-12-15 06:51:02');

-- --------------------------------------------------------

--
-- Table structure for table `payment_completes`
--

DROP TABLE IF EXISTS `payment_completes`;
CREATE TABLE IF NOT EXISTS `payment_completes` (
  `id` bigint UNSIGNED NOT NULL AUTO_INCREMENT,
  `student_details_id` bigint UNSIGNED DEFAULT NULL,
  `paymentamounts_id` bigint UNSIGNED DEFAULT NULL,
  `transactions_id` bigint UNSIGNED DEFAULT NULL,
  `admission_id` varchar(191) CHARACTER SET utf8 COLLATE utf8_unicode_ci DEFAULT NULL,
  `complete` tinyint(1) DEFAULT '0',
  `created_by` varchar(191) CHARACTER SET utf8 COLLATE utf8_unicode_ci DEFAULT NULL,
  `updated_by` varchar(191) CHARACTER SET utf8 COLLATE utf8_unicode_ci DEFAULT NULL,
  `deleted_by` varchar(191) CHARACTER SET utf8 COLLATE utf8_unicode_ci DEFAULT NULL,
  `created_at` timestamp NULL DEFAULT NULL,
  `updated_at` timestamp NULL DEFAULT NULL,
  `deleted_at` timestamp NULL DEFAULT NULL,
  PRIMARY KEY (`id`)
) ENGINE=InnoDB AUTO_INCREMENT=384 DEFAULT CHARSET=utf8 COLLATE=utf8_unicode_ci;

--
-- Dumping data for table `payment_completes`
--

INSERT INTO `payment_completes` (`id`, `student_details_id`, `paymentamounts_id`, `transactions_id`, `admission_id`, `complete`, `created_by`, `updated_by`, `deleted_by`, `created_at`, `updated_at`, `deleted_at`) VALUES
(1, 5, 9, 1, '202008001', 1, NULL, NULL, NULL, '2019-11-27 20:06:23', '2019-11-27 20:06:23', NULL),
(2, 6, 7, 2, '202006001', 1, NULL, NULL, NULL, '2019-11-27 20:06:59', '2019-11-27 20:06:59', NULL),
(4, 8, 9, 4, '202008002', 1, NULL, NULL, NULL, '2019-11-28 15:22:26', '2019-11-28 15:22:26', NULL),
(5, 9, 9, 5, '202008003', 1, NULL, NULL, NULL, '2019-11-28 19:41:49', '2019-11-28 19:41:49', NULL),
(6, 10, 7, 6, '202006002', 1, NULL, NULL, NULL, '2019-11-28 20:12:09', '2019-11-28 20:12:09', NULL),
(7, 11, 4, 7, '202003001', 1, NULL, NULL, NULL, '2019-11-30 16:17:07', '2019-11-30 16:17:07', NULL),
(8, 12, 10, 8, '202009001', 1, NULL, NULL, NULL, '2019-12-01 17:49:29', '2019-12-01 17:49:29', NULL),
(9, 13, 8, 9, '202007001', 1, NULL, NULL, NULL, '2019-12-01 18:35:53', '2019-12-01 18:35:53', NULL),
(10, 14, 7, 10, '202006003', 1, NULL, NULL, NULL, '2019-12-02 01:41:03', '2019-12-02 01:41:03', NULL),
(11, 15, 8, 11, '202007002', 1, NULL, NULL, NULL, '2019-12-02 16:49:22', '2019-12-02 16:49:22', NULL),
(12, 16, 2, 12, '202001001', 1, NULL, NULL, NULL, '2019-12-02 17:27:06', '2019-12-02 17:27:06', NULL),
(13, 17, 10, 14, '202009002', 1, NULL, NULL, NULL, '2019-12-03 02:32:01', '2019-12-03 02:32:01', NULL),
(14, 18, 8, 15, '202007003', 1, NULL, NULL, NULL, '2019-12-03 20:07:10', '2019-12-03 20:07:10', NULL),
(15, 19, 4, 16, '202003002', 1, NULL, NULL, NULL, '2019-12-04 18:47:30', '2019-12-04 18:47:30', NULL),
(16, 20, 4, 17, '202003003', 1, NULL, NULL, NULL, '2019-12-05 15:57:41', '2019-12-05 15:57:41', NULL),
(17, 21, 10, 18, '202009003', 1, NULL, NULL, NULL, '2019-12-05 18:06:26', '2019-12-05 18:06:26', NULL),
(18, 22, 10, 19, '202009004', 1, NULL, NULL, NULL, '2019-12-05 18:44:59', '2019-12-05 18:44:59', NULL),
(19, 23, 8, 20, '202007004', 1, NULL, NULL, NULL, '2019-12-06 01:28:51', '2019-12-06 01:28:51', NULL),
(20, 24, 1, 22, '202000001', 1, NULL, NULL, NULL, '2019-12-06 05:34:08', '2019-12-06 05:34:08', NULL),
(21, 25, 7, 23, '202006004', 1, NULL, NULL, NULL, '2019-12-07 17:04:09', '2019-12-07 17:04:09', NULL),
(22, 26, 10, 24, '202009005', 1, NULL, NULL, NULL, '2019-12-07 17:37:16', '2019-12-07 17:37:16', NULL),
(23, 27, 10, 25, '202009006', 1, NULL, NULL, NULL, '2019-12-07 19:08:02', '2019-12-07 19:08:02', NULL),
(24, 28, 7, 26, '202006005', 1, NULL, NULL, NULL, '2019-12-08 19:10:36', '2019-12-08 19:10:36', NULL),
(25, 29, 7, 27, '202006006', 1, NULL, NULL, NULL, '2019-12-09 17:11:55', '2019-12-09 17:11:55', NULL),
(26, 30, 10, 28, '202009007', 1, NULL, NULL, NULL, '2019-12-09 17:23:55', '2019-12-09 17:23:55', NULL),
(27, 31, 7, 38, '202006007', 1, NULL, NULL, NULL, '2019-12-09 19:00:15', '2019-12-09 19:00:15', NULL),
(28, 32, 10, 39, '202009008', 1, NULL, NULL, NULL, '2019-12-09 23:07:29', '2019-12-09 23:07:29', NULL),
(29, 33, 7, 40, '202006008', 1, NULL, NULL, NULL, '2019-12-10 00:59:10', '2019-12-10 00:59:10', NULL),
(30, 34, 7, 41, '202006009', 1, NULL, NULL, NULL, '2019-12-10 16:19:38', '2019-12-10 16:19:38', NULL),
(31, 35, 7, 42, '202006010', 1, NULL, NULL, NULL, '2019-12-10 16:56:56', '2019-12-10 16:56:56', NULL),
(32, 36, 7, 43, '202006011', 1, NULL, NULL, NULL, '2019-12-10 17:08:14', '2019-12-10 17:08:14', NULL),
(33, 37, 7, 44, '202006012', 1, NULL, NULL, NULL, '2019-12-10 17:53:07', '2019-12-10 17:53:07', NULL),
(34, 38, 7, 45, '202006013', 1, NULL, NULL, NULL, '2019-12-10 18:05:31', '2019-12-10 18:05:31', NULL),
(35, 39, 7, 46, '202006014', 1, NULL, NULL, NULL, '2019-12-10 18:17:28', '2019-12-10 18:17:28', NULL),
(36, 40, 7, 47, '202006015', 1, NULL, NULL, NULL, '2019-12-10 18:25:23', '2019-12-10 18:25:23', NULL),
(37, 41, 4, 48, '202003004', 1, NULL, NULL, NULL, '2019-12-10 18:57:34', '2019-12-10 18:57:34', NULL),
(38, 42, 8, 49, '202007005', 1, NULL, NULL, NULL, '2019-12-11 15:42:11', '2019-12-11 15:42:11', NULL),
(39, 43, 3, 50, '202002001', 1, NULL, NULL, NULL, '2019-12-11 16:38:50', '2019-12-11 16:38:50', NULL),
(40, 44, 7, 51, '202006016', 1, NULL, NULL, NULL, '2019-12-11 16:46:08', '2019-12-11 16:46:08', NULL),
(41, 45, 5, 52, '202004001', 1, NULL, NULL, NULL, '2019-12-11 17:45:07', '2019-12-11 17:45:07', NULL),
(42, 46, 10, 53, '202009009', 1, NULL, NULL, NULL, '2019-12-11 18:02:45', '2019-12-11 18:02:45', NULL),
(43, 47, 4, 54, '202003005', 1, NULL, NULL, NULL, '2019-12-12 15:55:52', '2019-12-12 15:55:52', NULL),
(44, 48, 7, 55, '202006017', 1, NULL, NULL, NULL, '2019-12-12 17:15:33', '2019-12-12 17:15:33', NULL),
(45, 49, 10, 56, '202009010', 1, NULL, NULL, NULL, '2019-12-12 17:34:53', '2019-12-12 17:34:53', NULL),
(46, 50, 5, 57, '202004002', 1, NULL, NULL, NULL, '2019-12-12 18:58:20', '2019-12-12 18:58:20', NULL),
(47, 51, 7, 58, '202006018', 1, NULL, NULL, NULL, '2019-12-12 20:59:53', '2019-12-12 20:59:53', NULL),
(48, 52, 7, 59, '202006019', 1, NULL, NULL, NULL, '2019-12-13 01:46:37', '2019-12-13 01:46:37', NULL),
(49, 53, 4, 60, '202003006', 1, NULL, NULL, NULL, '2019-12-13 03:45:10', '2019-12-13 03:45:10', NULL),
(50, 54, 3, 61, '202002002', 1, NULL, NULL, NULL, '2019-12-13 17:31:12', '2019-12-13 17:31:12', NULL),
(51, 55, 10, 62, '202009011', 1, NULL, NULL, NULL, '2019-12-14 04:38:02', '2019-12-14 04:38:02', NULL),
(52, 56, 7, 63, '202006020', 1, NULL, NULL, NULL, '2019-12-14 15:56:06', '2019-12-14 15:56:06', NULL),
(53, 57, 7, 65, '202006021', 1, NULL, NULL, NULL, '2019-12-14 16:05:27', '2019-12-14 16:05:27', NULL),
(54, 58, 7, 66, '202006022', 1, NULL, NULL, NULL, '2019-12-14 16:46:17', '2019-12-14 16:46:17', NULL),
(55, 59, 7, 67, '202006023', 1, NULL, NULL, NULL, '2019-12-14 17:22:11', '2019-12-14 17:22:11', NULL),
(56, 60, 7, 68, '202006024', 1, NULL, NULL, NULL, '2019-12-14 17:59:32', '2019-12-14 17:59:32', NULL),
(57, 61, 7, 69, '202006025', 1, NULL, NULL, NULL, '2019-12-14 18:32:26', '2019-12-14 18:32:26', NULL),
(58, 62, 7, 70, '202006026', 1, NULL, NULL, NULL, '2019-12-14 18:42:29', '2019-12-14 18:42:29', NULL),
(59, 63, 4, 72, '202003007', 1, NULL, NULL, NULL, '2019-12-14 19:00:25', '2019-12-14 19:00:25', NULL),
(60, 64, 4, 73, '202003008', 1, NULL, NULL, NULL, '2019-12-14 19:24:08', '2019-12-14 19:24:08', NULL),
(61, 65, 5, 74, '202004003', 1, NULL, NULL, NULL, '2019-12-14 20:07:51', '2019-12-14 20:07:51', NULL),
(62, 66, 7, 75, '202006027', 1, NULL, NULL, NULL, '2019-12-14 22:18:06', '2019-12-14 22:18:06', NULL),
(63, 67, 9, 76, '202008004', 1, NULL, NULL, NULL, '2019-12-14 22:33:27', '2019-12-14 22:33:27', NULL),
(64, 68, 10, 77, '202009012', 1, NULL, NULL, NULL, '2019-12-15 00:17:44', '2019-12-15 00:17:44', NULL),
(65, 69, 7, 78, '202006028', 1, NULL, NULL, NULL, '2019-12-15 02:36:38', '2019-12-15 02:36:38', NULL),
(66, 70, 7, 79, '202006029', 1, NULL, NULL, NULL, '2019-12-15 16:38:44', '2019-12-15 16:38:44', NULL),
(67, 71, 7, 80, '202006030', 1, NULL, NULL, NULL, '2019-12-15 16:51:57', '2019-12-15 16:51:57', NULL),
(68, 72, 7, 81, '202006031', 1, NULL, NULL, NULL, '2019-12-15 17:03:55', '2019-12-15 17:03:55', NULL),
(69, 73, 10, 83, '202009013', 1, NULL, NULL, NULL, '2019-12-15 17:14:04', '2019-12-15 17:14:04', NULL),
(70, 74, 8, 84, '202007006', 1, NULL, NULL, NULL, '2019-12-15 17:34:03', '2019-12-15 17:34:03', NULL),
(71, 75, 7, 85, '202006032', 1, NULL, NULL, NULL, '2019-12-15 17:52:29', '2019-12-15 17:52:29', NULL),
(72, 76, 9, 86, '202008005', 1, NULL, NULL, NULL, '2019-12-15 18:12:50', '2019-12-15 18:12:50', NULL),
(73, 77, 7, 87, '202006033', 1, NULL, NULL, NULL, '2019-12-15 18:45:52', '2019-12-15 18:45:52', NULL),
(74, 78, 7, 88, '202006034', 1, NULL, NULL, NULL, '2019-12-15 20:00:08', '2019-12-15 20:00:08', NULL),
(75, 79, 4, 89, '202003009', 1, NULL, NULL, NULL, '2019-12-15 20:10:27', '2019-12-15 20:10:27', NULL),
(76, 80, 7, 90, '202006035', 1, NULL, NULL, NULL, '2019-12-16 00:04:29', '2019-12-16 00:04:29', NULL),
(77, 81, 7, 91, '202006036', 1, NULL, NULL, NULL, '2019-12-16 00:15:53', '2019-12-16 00:15:53', NULL),
(78, 82, 7, 92, '202006037', 1, NULL, NULL, NULL, '2019-12-17 16:34:24', '2019-12-17 16:34:24', NULL),
(79, 83, 7, 93, '202006038', 1, NULL, NULL, NULL, '2019-12-17 16:50:08', '2019-12-17 16:50:08', NULL),
(80, 84, 9, 94, '202008006', 1, NULL, NULL, NULL, '2019-12-17 17:43:35', '2019-12-17 17:43:35', NULL),
(81, 85, 7, 95, '202006039', 1, NULL, NULL, NULL, '2019-12-17 18:49:40', '2019-12-17 18:49:40', NULL),
(82, 86, 10, 96, '202009014', 1, NULL, NULL, NULL, '2019-12-17 19:48:53', '2019-12-17 19:48:53', NULL),
(83, 87, 7, 97, '202006040', 1, NULL, NULL, NULL, '2019-12-17 20:21:26', '2019-12-17 20:21:26', NULL),
(84, 88, 4, 98, '202003010', 1, NULL, NULL, NULL, '2019-12-17 20:31:46', '2019-12-17 20:31:46', NULL),
(85, 89, 10, 100, '202009015', 1, NULL, NULL, NULL, '2019-12-18 01:01:45', '2019-12-18 01:01:45', NULL),
(86, 90, 9, 101, '202008007', 1, NULL, NULL, NULL, '2019-12-18 03:19:13', '2019-12-18 03:19:13', NULL),
(87, 91, 7, 102, '202006041', 1, NULL, NULL, NULL, '2019-12-18 16:46:50', '2019-12-18 16:46:50', NULL),
(88, 92, 7, 103, '202006042', 1, NULL, NULL, NULL, '2019-12-18 17:05:13', '2019-12-18 17:05:13', NULL),
(89, 93, 10, 104, '202009016', 1, NULL, NULL, NULL, '2019-12-18 17:16:23', '2019-12-18 17:16:23', NULL),
(90, 94, 6, 105, '202005001', 1, NULL, NULL, NULL, '2019-12-18 17:26:24', '2019-12-18 17:26:24', NULL),
(91, 95, 9, 106, '202008008', 1, NULL, NULL, NULL, '2019-12-18 17:37:33', '2019-12-18 17:37:33', NULL),
(92, 96, 7, 107, '202006043', 1, NULL, NULL, NULL, '2019-12-18 17:44:49', '2019-12-18 17:44:49', NULL),
(93, 97, 7, 108, '202006044', 1, NULL, NULL, NULL, '2019-12-18 17:50:55', '2019-12-18 17:50:55', NULL),
(94, 98, 7, 109, '202006045', 1, NULL, NULL, NULL, '2019-12-18 18:01:16', '2019-12-18 18:01:16', NULL),
(95, 99, 7, 110, '202006046', 1, NULL, NULL, NULL, '2019-12-18 19:00:10', '2019-12-18 19:00:10', NULL),
(96, 100, 10, 111, '202009017', 1, NULL, NULL, NULL, '2019-12-18 19:10:53', '2019-12-18 19:10:53', NULL),
(97, 101, 8, 112, '202007007', 1, NULL, NULL, NULL, '2019-12-19 16:53:14', '2019-12-19 16:53:14', NULL),
(98, 102, 7, 113, '202006047', 1, NULL, NULL, NULL, '2019-12-19 17:24:49', '2019-12-19 17:24:49', NULL),
(99, 103, 10, 114, '202009018', 1, NULL, NULL, NULL, '2019-12-19 17:35:55', '2019-12-19 17:35:55', NULL),
(100, 104, 7, 115, '202006048', 1, NULL, NULL, NULL, '2019-12-19 18:00:27', '2019-12-19 18:00:27', NULL),
(101, 105, 7, 116, '202006049', 1, NULL, NULL, NULL, '2019-12-19 19:17:50', '2019-12-19 19:17:50', NULL),
(102, 106, 7, 117, '202006050', 1, NULL, NULL, NULL, '2019-12-19 20:04:42', '2019-12-19 20:04:42', NULL),
(103, 107, 6, 118, '202005002', 1, NULL, NULL, NULL, '2019-12-21 00:04:16', '2019-12-21 00:04:16', NULL),
(104, 108, 7, 121, '202006051', 1, NULL, NULL, NULL, '2019-12-21 16:55:21', '2019-12-21 16:55:21', NULL),
(105, 109, 3, 122, '202002003', 1, NULL, NULL, NULL, '2019-12-21 17:06:04', '2019-12-21 17:06:04', NULL),
(106, 110, 7, 123, '202006052', 1, NULL, NULL, NULL, '2019-12-21 17:16:33', '2019-12-21 17:16:33', NULL),
(107, 111, 6, 124, '202005003', 1, NULL, NULL, NULL, '2019-12-21 17:49:40', '2019-12-21 17:49:40', NULL),
(108, 112, 9, 125, '202008009', 1, NULL, NULL, NULL, '2019-12-21 18:18:27', '2019-12-21 18:18:27', NULL),
(109, 113, 10, 126, '202009019', 1, NULL, NULL, NULL, '2019-12-21 18:28:56', '2019-12-21 18:28:56', NULL),
(110, 114, 7, 127, '202006053', 1, NULL, NULL, NULL, '2019-12-21 19:10:11', '2019-12-21 19:10:11', NULL),
(111, 115, 10, 128, '202009020', 1, NULL, NULL, NULL, '2019-12-21 20:48:27', '2019-12-21 20:48:27', NULL),
(112, 116, 10, 129, '202009021', 1, NULL, NULL, NULL, '2019-12-22 01:25:38', '2019-12-22 01:25:38', NULL),
(113, 117, 9, 130, '202008010', 1, NULL, NULL, NULL, '2019-12-22 03:51:22', '2019-12-22 03:51:22', NULL),
(114, 118, 7, 132, '202006054', 1, NULL, NULL, NULL, '2019-12-22 15:58:06', '2019-12-22 15:58:06', NULL),
(115, 119, 5, 133, '202004004', 1, NULL, NULL, NULL, '2019-12-22 16:37:48', '2019-12-22 16:37:48', NULL),
(116, 120, 4, 134, '202003011', 1, NULL, NULL, NULL, '2019-12-22 16:40:27', '2019-12-22 16:40:27', NULL),
(117, 121, 7, 135, '202006055', 1, NULL, NULL, NULL, '2019-12-22 17:11:23', '2019-12-22 17:11:23', NULL),
(118, 122, 7, 136, '202006056', 1, NULL, NULL, NULL, '2019-12-22 17:24:42', '2019-12-22 17:24:42', NULL),
(119, 123, 7, 137, '202006057', 1, NULL, NULL, NULL, '2019-12-22 17:34:54', '2019-12-22 17:34:54', NULL),
(120, 124, 6, 138, '202005004', 1, NULL, NULL, NULL, '2019-12-22 18:26:45', '2019-12-22 18:26:45', NULL),
(121, 125, 7, 139, '202006058', 1, NULL, NULL, NULL, '2019-12-22 18:30:14', '2019-12-22 18:30:14', NULL),
(122, 126, 5, 140, '202004005', 1, NULL, NULL, NULL, '2019-12-22 18:37:56', '2019-12-22 18:37:56', NULL),
(123, 127, 6, 144, '202005005', 1, NULL, NULL, NULL, '2019-12-22 18:47:30', '2019-12-22 18:47:30', NULL),
(124, 128, 5, 145, '202004006', 1, NULL, NULL, NULL, '2019-12-22 18:48:45', '2019-12-22 18:48:45', NULL),
(125, 129, 9, 146, '202008011', 1, NULL, NULL, NULL, '2019-12-22 19:00:07', '2019-12-22 19:00:07', NULL),
(126, 130, 7, 149, '202006059', 1, NULL, NULL, NULL, '2019-12-22 19:03:03', '2019-12-22 19:03:03', NULL),
(127, 131, 10, 150, '202009022', 1, NULL, NULL, NULL, '2019-12-22 20:09:37', '2019-12-22 20:09:37', NULL),
(128, 132, 2, 152, '202001002', 1, NULL, NULL, NULL, '2019-12-22 21:22:29', '2019-12-22 21:22:29', NULL),
(129, 133, 7, 153, '202006060', 1, NULL, NULL, NULL, '2019-12-22 21:37:04', '2019-12-22 21:37:04', NULL),
(130, 134, 7, 154, '202006061', 1, NULL, NULL, NULL, '2019-12-22 21:43:30', '2019-12-22 21:43:30', NULL),
(131, 135, 7, 155, '202006062', 1, NULL, NULL, NULL, '2019-12-22 22:51:52', '2019-12-22 22:51:52', NULL),
(132, 136, 7, 156, '202006063', 1, NULL, NULL, NULL, '2019-12-22 23:30:43', '2019-12-22 23:30:43', NULL),
(133, 137, 4, 157, '202003012', 1, NULL, NULL, NULL, '2019-12-23 06:21:12', '2019-12-23 06:21:12', NULL),
(134, 138, 7, 159, '202006064', 1, NULL, NULL, NULL, '2019-12-23 17:17:45', '2019-12-23 17:17:45', NULL),
(135, 139, 7, 160, '202006065', 1, NULL, NULL, NULL, '2019-12-23 18:18:07', '2019-12-23 18:18:07', NULL),
(136, 140, 5, 161, '202004007', 1, NULL, NULL, NULL, '2019-12-23 21:18:57', '2019-12-23 21:18:57', NULL),
(137, 141, 10, 163, '202009023', 1, NULL, NULL, NULL, '2019-12-23 21:21:13', '2019-12-23 21:21:13', NULL),
(138, 142, 7, 164, '202006066', 1, NULL, NULL, NULL, '2019-12-24 02:31:06', '2019-12-24 02:31:06', NULL),
(139, 143, 8, 167, '202007008', 1, NULL, NULL, NULL, '2019-12-24 16:45:16', '2019-12-24 16:45:16', NULL),
(140, 144, 7, 168, '202006067', 1, NULL, NULL, NULL, '2019-12-24 16:54:52', '2019-12-24 16:54:52', NULL),
(141, 145, 4, 169, '202003013', 1, NULL, NULL, NULL, '2019-12-24 17:21:29', '2019-12-24 17:21:29', NULL),
(142, 146, 7, 170, '202006068', 1, NULL, NULL, NULL, '2019-12-24 17:22:29', '2019-12-24 17:22:29', NULL),
(143, 147, 8, 171, '202007009', 1, NULL, NULL, NULL, '2019-12-24 17:51:47', '2019-12-24 17:51:47', NULL),
(144, 148, 6, 175, '202005006', 1, NULL, NULL, NULL, '2019-12-24 18:02:14', '2019-12-24 18:02:14', NULL),
(145, 149, 7, 176, '202006069', 1, NULL, NULL, NULL, '2019-12-25 02:13:27', '2019-12-25 02:13:27', NULL),
(146, 150, 10, 177, '202009024', 1, NULL, NULL, NULL, '2019-12-25 03:25:10', '2019-12-25 03:25:10', NULL),
(147, 151, 10, 178, '202009025', 1, NULL, NULL, NULL, '2019-12-25 03:48:41', '2019-12-25 03:48:41', NULL),
(148, 152, 10, 179, '202009026', 1, NULL, NULL, NULL, '2019-12-25 04:06:14', '2019-12-25 04:06:14', NULL),
(149, 153, 7, 180, '202006070', 1, NULL, NULL, NULL, '2019-12-25 16:58:00', '2019-12-25 16:58:00', NULL),
(150, 154, 4, 181, '202003014', 1, NULL, NULL, NULL, '2019-12-25 17:07:48', '2019-12-25 17:07:48', NULL),
(151, 155, 9, 182, '202008012', 1, NULL, NULL, NULL, '2019-12-25 18:36:51', '2019-12-25 18:36:51', NULL),
(152, 156, 10, 183, '202009027', 1, NULL, NULL, NULL, '2019-12-25 23:24:55', '2019-12-25 23:24:55', NULL),
(153, 157, 10, 184, '202009028', 1, NULL, NULL, NULL, '2019-12-26 16:02:09', '2019-12-26 16:02:09', NULL),
(154, 158, 7, 185, '202006071', 1, NULL, NULL, NULL, '2019-12-26 16:24:55', '2019-12-26 16:24:55', NULL),
(155, 159, 10, 188, '202009029', 1, NULL, NULL, NULL, '2019-12-26 16:36:24', '2019-12-26 16:36:24', NULL),
(156, 160, 10, 189, '202009030', 1, NULL, NULL, NULL, '2019-12-26 16:47:47', '2019-12-26 16:47:47', NULL),
(157, 161, 7, 192, '202006072', 1, NULL, NULL, NULL, '2019-12-26 16:57:59', '2019-12-26 16:57:59', NULL),
(158, 162, 4, 196, '202003015', 1, NULL, NULL, NULL, '2019-12-26 17:08:28', '2019-12-26 17:08:28', NULL),
(159, 163, 7, 197, '202006073', 1, NULL, NULL, NULL, '2019-12-26 17:10:02', '2019-12-26 17:10:02', NULL),
(160, 164, 7, 198, '202006074', 1, NULL, NULL, NULL, '2019-12-26 17:19:57', '2019-12-26 17:19:57', NULL),
(161, 165, 7, 200, '202006075', 1, NULL, NULL, NULL, '2019-12-26 17:31:36', '2019-12-26 17:31:36', NULL),
(162, 166, 9, 203, '202008013', 1, NULL, NULL, NULL, '2019-12-26 17:45:51', '2019-12-26 17:45:51', NULL),
(163, 167, 9, 206, '202008014', 1, NULL, NULL, NULL, '2019-12-26 17:56:58', '2019-12-26 17:56:58', NULL),
(164, 168, 4, 212, '202003016', 1, NULL, NULL, NULL, '2019-12-26 18:07:04', '2019-12-26 18:07:04', NULL),
(165, 169, 7, 215, '202006076', 1, NULL, NULL, NULL, '2019-12-26 18:17:59', '2019-12-26 18:17:59', NULL),
(166, 170, 8, 216, '202007010', 1, NULL, NULL, NULL, '2019-12-26 18:34:54', '2019-12-26 18:34:54', NULL),
(167, 171, 5, 217, '202004008', 1, NULL, NULL, NULL, '2019-12-26 18:35:33', '2019-12-26 18:35:33', NULL),
(168, 172, 7, 220, '202006077', 1, NULL, NULL, NULL, '2019-12-26 18:44:59', '2019-12-26 18:44:59', NULL),
(169, 173, 10, 221, '202009031', 1, NULL, NULL, NULL, '2019-12-26 19:03:37', '2019-12-26 19:03:37', NULL),
(170, 174, 7, 222, '202006078', 1, NULL, NULL, NULL, '2019-12-26 20:37:50', '2019-12-26 20:37:50', NULL),
(171, 175, 7, 223, '202006079', 1, NULL, NULL, NULL, '2019-12-26 20:47:10', '2019-12-26 20:47:10', NULL),
(172, 176, 2, 224, '202001003', 1, NULL, NULL, NULL, '2019-12-26 20:56:06', '2019-12-26 20:56:06', NULL),
(173, 177, 9, 226, '202008015', 1, NULL, NULL, NULL, '2019-12-27 00:42:34', '2019-12-27 00:42:34', NULL),
(174, 178, 7, 227, '202006080', 1, NULL, NULL, NULL, '2019-12-27 01:56:15', '2019-12-27 01:56:15', NULL),
(175, 179, 7, 228, '202006081', 1, NULL, NULL, NULL, '2019-12-27 02:42:27', '2019-12-27 02:42:27', NULL),
(176, 180, 9, 229, '202008016', 1, NULL, NULL, NULL, '2019-12-27 05:19:33', '2019-12-27 05:19:33', NULL),
(177, 181, 7, 230, '202006082', 1, NULL, NULL, NULL, '2019-12-27 16:37:30', '2019-12-27 16:37:30', NULL),
(178, 182, 10, 234, '202009032', 1, NULL, NULL, NULL, '2019-12-27 16:49:43', '2019-12-27 16:49:43', NULL),
(179, 183, 6, 237, '202005007', 1, NULL, NULL, NULL, '2019-12-27 17:00:13', '2019-12-27 17:00:13', NULL),
(180, 184, 9, 241, '202008017', 1, NULL, NULL, NULL, '2019-12-27 17:14:51', '2019-12-27 17:14:51', NULL),
(181, 185, 4, 244, '202003017', 1, NULL, NULL, NULL, '2019-12-27 17:25:01', '2019-12-27 17:25:01', NULL),
(182, 186, 5, 245, '202004009', 1, NULL, NULL, NULL, '2019-12-27 17:45:28', '2019-12-27 17:45:28', NULL),
(183, 187, 8, 247, '202007011', 1, NULL, NULL, NULL, '2019-12-27 17:55:49', '2019-12-27 17:55:49', NULL),
(184, 188, 7, 250, '202006083', 1, NULL, NULL, NULL, '2019-12-27 18:28:22', '2019-12-27 18:28:22', NULL),
(185, 189, 2, 254, '202001004', 1, NULL, NULL, NULL, '2019-12-27 18:41:12', '2019-12-27 18:41:12', NULL),
(186, 190, 1, 255, '202000002', 1, NULL, NULL, NULL, '2019-12-28 17:32:28', '2019-12-28 17:32:28', NULL),
(187, 191, 10, 256, '202009033', 1, NULL, NULL, NULL, '2019-12-28 18:37:38', '2019-12-28 18:37:38', NULL),
(188, 192, 7, 257, '202006084', 1, NULL, NULL, NULL, '2019-12-28 18:51:28', '2019-12-28 18:51:28', NULL),
(189, 193, 7, 258, '202006085', 1, NULL, NULL, NULL, '2019-12-28 19:26:08', '2019-12-28 19:26:08', NULL),
(190, 194, 7, 259, '202006086', 1, NULL, NULL, NULL, '2019-12-28 19:54:49', '2019-12-28 19:54:49', NULL),
(191, 195, 8, 261, '202007012', 1, NULL, NULL, NULL, '2019-12-28 20:10:36', '2019-12-28 20:10:36', NULL),
(192, 196, 10, 264, '202009034', 1, NULL, NULL, NULL, '2019-12-28 20:24:04', '2019-12-28 20:24:04', NULL),
(193, 197, 10, 266, '202009035', 1, NULL, NULL, NULL, '2019-12-28 20:36:38', '2019-12-28 20:36:38', NULL),
(194, 198, 5, 268, '202004010', 1, NULL, NULL, NULL, '2019-12-28 20:48:08', '2019-12-28 20:48:08', NULL),
(195, 199, 10, 271, '202009036', 1, NULL, NULL, NULL, '2019-12-28 21:09:47', '2019-12-28 21:09:47', NULL),
(196, 200, 4, 273, '202003018', 1, NULL, NULL, NULL, '2019-12-28 21:38:32', '2019-12-28 21:38:32', NULL),
(197, 201, 7, 274, '202006087', 1, NULL, NULL, NULL, '2019-12-28 21:44:51', '2019-12-28 21:44:51', NULL),
(198, 202, 4, 275, '202003019', 1, NULL, NULL, NULL, '2019-12-29 02:47:51', '2019-12-29 02:47:51', NULL),
(199, 203, 7, 276, '202006088', 1, NULL, NULL, NULL, '2019-12-29 16:32:39', '2019-12-29 16:32:39', NULL),
(200, 204, 7, 281, '202006089', 1, NULL, NULL, NULL, '2019-12-29 16:50:24', '2019-12-29 16:50:24', NULL),
(201, 205, 10, 283, '202009037', 1, NULL, NULL, NULL, '2019-12-29 17:00:28', '2019-12-29 17:00:28', NULL),
(202, 206, 7, 285, '202006090', 1, NULL, NULL, NULL, '2019-12-31 19:02:59', '2019-12-31 19:02:59', NULL),
(203, 207, 7, 286, '202006091', 1, NULL, NULL, NULL, '2020-01-01 18:26:29', '2020-01-01 18:26:29', NULL),
(204, 208, 4, 287, '202003020', 1, NULL, NULL, NULL, '2020-01-01 18:44:21', '2020-01-01 18:44:21', NULL),
(205, 209, 7, 288, '202006092', 1, NULL, NULL, NULL, '2020-01-01 18:46:14', '2020-01-01 18:46:14', NULL),
(206, 210, 7, 289, '202006093', 1, NULL, NULL, NULL, '2020-01-01 19:02:59', '2020-01-01 19:02:59', NULL),
(207, 211, 1, 290, '202000003', 1, NULL, NULL, NULL, '2020-01-01 19:13:53', '2020-01-01 19:13:53', NULL),
(208, 212, 7, 291, '202006094', 1, NULL, NULL, NULL, '2020-01-01 19:16:42', '2020-01-01 19:16:42', NULL),
(209, 213, 7, 292, '202006095', 1, NULL, NULL, NULL, '2020-01-01 19:23:57', '2020-01-01 19:23:57', NULL),
(210, 214, 7, 293, '202006096', 1, NULL, NULL, NULL, '2020-01-01 19:36:38', '2020-01-01 19:36:38', NULL),
(211, 215, 7, 294, '202006097', 1, NULL, NULL, NULL, '2020-01-01 20:02:33', '2020-01-01 20:02:33', NULL),
(212, 216, 10, 295, '202009038', 1, NULL, NULL, NULL, '2020-01-02 15:52:24', '2020-01-02 15:52:24', NULL),
(213, 217, 7, 296, '202006098', 1, NULL, NULL, NULL, '2020-01-02 16:07:52', '2020-01-02 16:07:52', NULL),
(214, 218, 7, 297, '202006099', 1, NULL, NULL, NULL, '2020-01-02 16:25:46', '2020-01-02 16:25:46', NULL),
(215, 219, 4, 298, '202003021', 1, NULL, NULL, NULL, '2020-01-02 16:36:03', '2020-01-02 16:36:03', NULL),
(216, 220, 4, 299, '202003022', 1, NULL, NULL, NULL, '2020-01-02 16:47:20', '2020-01-02 16:47:20', NULL),
(217, 221, 10, 300, '202009039', 1, NULL, NULL, NULL, '2020-01-02 16:58:55', '2020-01-02 16:58:55', NULL),
(218, 222, 9, 301, '202008018', 1, NULL, NULL, NULL, '2020-01-02 16:59:17', '2020-01-02 16:59:17', NULL),
(219, 223, 4, 302, '202003023', 1, NULL, NULL, NULL, '2020-01-02 17:09:43', '2020-01-02 17:09:43', NULL),
(220, 224, 7, 303, '202006100', 1, NULL, NULL, NULL, '2020-01-02 17:22:16', '2020-01-02 17:22:16', NULL),
(221, 225, 10, 304, '202009040', 1, NULL, NULL, NULL, '2020-01-02 17:44:18', '2020-01-02 17:44:18', NULL),
(222, 226, 7, 305, '202006101', 1, NULL, NULL, NULL, '2020-01-02 17:54:48', '2020-01-02 17:54:48', NULL),
(223, 227, 5, 306, '202004011', 1, NULL, NULL, NULL, '2020-01-02 18:05:12', '2020-01-02 18:05:12', NULL),
(224, 228, 7, 307, '202006102', 1, NULL, NULL, NULL, '2020-01-02 18:06:32', '2020-01-02 18:06:32', NULL),
(225, 229, 7, 308, '202006103', 1, NULL, NULL, NULL, '2020-01-02 18:15:00', '2020-01-02 18:15:00', NULL),
(226, 230, 10, 309, '202009041', 1, NULL, NULL, NULL, '2020-01-02 18:20:59', '2020-01-02 18:20:59', NULL),
(227, 231, 7, 310, '202006104', 1, NULL, NULL, NULL, '2020-01-02 18:27:50', '2020-01-02 18:27:50', NULL),
(228, 232, 10, 311, '202009042', 1, NULL, NULL, NULL, '2020-01-02 18:33:59', '2020-01-02 18:33:59', NULL),
(229, 233, 8, 312, '202007013', 1, NULL, NULL, NULL, '2020-01-02 18:44:58', '2020-01-02 18:44:58', NULL),
(230, 234, 7, 313, '202006105', 1, NULL, NULL, NULL, '2020-01-02 19:07:19', '2020-01-02 19:07:19', NULL),
(231, 235, 5, 314, '202004012', 1, NULL, NULL, NULL, '2020-01-02 19:36:47', '2020-01-02 19:36:47', NULL),
(232, 236, 7, 315, '202006106', 1, NULL, NULL, NULL, '2020-01-02 19:47:04', '2020-01-02 19:47:04', NULL),
(233, 237, 7, 316, '202006107', 1, NULL, NULL, NULL, '2020-01-02 20:10:35', '2020-01-02 20:10:35', NULL),
(234, 238, 7, 317, '202006108', 1, NULL, NULL, NULL, '2020-01-02 20:11:30', '2020-01-02 20:11:30', NULL),
(235, 239, 9, 318, '202008019', 1, NULL, NULL, NULL, '2020-01-02 20:35:31', '2020-01-02 20:35:31', NULL),
(236, 240, 3, 319, '202002004', 1, NULL, NULL, NULL, '2020-01-02 20:45:47', '2020-01-02 20:45:47', NULL),
(237, 241, 10, 320, '202009043', 1, NULL, NULL, NULL, '2020-01-02 20:59:53', '2020-01-02 20:59:53', NULL),
(238, 242, 7, 321, '202006109', 1, NULL, NULL, NULL, '2020-01-03 00:24:57', '2020-01-03 00:24:57', NULL),
(239, 243, 7, 322, '202006110', 1, NULL, NULL, NULL, '2020-01-03 17:44:13', '2020-01-03 17:44:13', NULL),
(240, 244, 4, 323, '202003024', 1, NULL, NULL, NULL, '2020-01-04 16:18:02', '2020-01-04 16:18:02', NULL),
(241, 245, 10, 324, '202009044', 1, NULL, NULL, NULL, '2020-01-04 16:28:32', '2020-01-04 16:28:32', NULL),
(242, 246, 7, 325, '202006111', 1, NULL, NULL, NULL, '2020-01-04 17:08:04', '2020-01-04 17:08:04', NULL),
(243, 247, 4, 327, '202003025', 1, NULL, NULL, NULL, '2020-01-04 17:11:30', '2020-01-04 17:11:30', NULL),
(244, 248, 7, 328, '202006112', 1, NULL, NULL, NULL, '2020-01-04 17:34:25', '2020-01-04 17:34:25', NULL),
(245, 249, 6, 330, '202005008', 1, NULL, NULL, NULL, '2020-01-04 18:09:39', '2020-01-04 18:09:39', NULL),
(246, 250, 5, 331, '202004013', 1, NULL, NULL, NULL, '2020-01-04 18:23:59', '2020-01-04 18:23:59', NULL),
(247, 251, 10, 332, '202009045', 1, NULL, NULL, NULL, '2020-01-04 18:31:01', '2020-01-04 18:31:01', NULL),
(248, 252, 10, 333, '202009046', 1, NULL, NULL, NULL, '2020-01-04 18:41:15', '2020-01-04 18:41:15', NULL),
(249, 253, 7, 334, '202006113', 1, NULL, NULL, NULL, '2020-01-04 18:51:14', '2020-01-04 18:51:14', NULL),
(250, 254, 10, 335, '202009047', 1, NULL, NULL, NULL, '2020-01-04 18:58:15', '2020-01-04 18:58:15', NULL),
(251, 255, 7, 337, '202006114', 1, NULL, NULL, NULL, '2020-01-04 19:06:04', '2020-01-04 19:06:04', NULL),
(252, 256, 7, 338, '202006115', 1, NULL, NULL, NULL, '2020-01-04 19:17:14', '2020-01-04 19:17:14', NULL),
(253, 257, 8, 339, '202007014', 1, NULL, NULL, NULL, '2020-01-04 19:22:33', '2020-01-04 19:22:33', NULL),
(254, 258, 3, 340, '202002005', 1, NULL, NULL, NULL, '2020-01-04 19:43:44', '2020-01-04 19:43:44', NULL),
(255, 259, 7, 341, '202006116', 1, NULL, NULL, NULL, '2020-01-04 19:45:21', '2020-01-04 19:45:21', NULL),
(256, 260, 7, 342, '202006117', 1, NULL, NULL, NULL, '2020-01-04 19:53:23', '2020-01-04 19:53:23', NULL),
(257, 261, 10, 344, '202009048', 1, NULL, NULL, NULL, '2020-01-04 19:54:12', '2020-01-04 19:54:12', NULL),
(258, 262, 8, 346, '202007015', 1, NULL, NULL, NULL, '2020-01-04 20:04:11', '2020-01-04 20:04:11', NULL),
(259, 263, 9, 347, '202008020', 1, NULL, NULL, NULL, '2020-01-04 20:09:17', '2020-01-04 20:09:17', NULL),
(260, 264, 10, 348, '202009049', 1, NULL, NULL, NULL, '2020-01-04 20:14:56', '2020-01-04 20:14:56', NULL),
(261, 265, 10, 350, '202009050', 1, NULL, NULL, NULL, '2020-01-04 20:20:09', '2020-01-04 20:20:09', NULL),
(262, 266, 10, 352, '202009051', 1, NULL, NULL, NULL, '2020-01-04 20:42:15', '2020-01-04 20:42:15', NULL),
(263, 267, 9, 353, '202008021', 1, NULL, NULL, NULL, '2020-01-04 21:00:06', '2020-01-04 21:00:06', NULL),
(264, 268, 8, 354, '202007016', 1, NULL, NULL, NULL, '2020-01-04 21:18:49', '2020-01-04 21:18:49', NULL),
(265, 269, 6, 355, '202005009', 1, NULL, NULL, NULL, '2020-01-04 21:36:26', '2020-01-04 21:36:26', NULL),
(266, 270, 7, 357, '202006118', 1, NULL, NULL, NULL, '2020-01-04 21:51:49', '2020-01-04 21:51:49', NULL),
(267, 271, 4, 358, '202003026', 1, NULL, NULL, NULL, '2020-01-04 22:05:31', '2020-01-04 22:05:31', NULL),
(268, 272, 9, 359, '202008022', 1, NULL, NULL, NULL, '2020-01-04 22:18:51', '2020-01-04 22:18:51', NULL),
(269, 273, 4, 361, '202003027', 1, NULL, NULL, NULL, '2020-01-04 22:34:04', '2020-01-04 22:34:04', NULL),
(270, 274, 4, 362, '202003028', 1, NULL, NULL, NULL, '2020-01-04 22:43:45', '2020-01-04 22:43:45', NULL),
(271, 275, 7, 363, '202006119', 1, NULL, NULL, NULL, '2020-01-04 22:54:55', '2020-01-04 22:54:55', NULL),
(272, 276, 7, 364, '202006120', 1, NULL, NULL, NULL, '2020-01-04 23:12:01', '2020-01-04 23:12:01', NULL),
(273, 277, 8, 365, '202007017', 1, NULL, NULL, NULL, '2020-01-05 16:37:02', '2020-01-05 16:37:02', NULL),
(274, 278, 1, 366, '202000004', 1, NULL, NULL, NULL, '2020-01-05 16:49:40', '2020-01-05 16:49:40', NULL),
(275, 279, 3, 367, '202002006', 1, NULL, NULL, NULL, '2020-01-05 17:32:38', '2020-01-05 17:32:38', NULL),
(276, 280, 10, 368, '202009052', 1, NULL, NULL, NULL, '2020-01-05 17:33:37', '2020-01-05 17:33:37', NULL),
(277, 281, 9, 370, '202008023', 1, NULL, NULL, NULL, '2020-01-05 17:43:24', '2020-01-05 17:43:24', NULL),
(278, 282, 8, 371, '202007018', 1, NULL, NULL, NULL, '2020-01-05 17:44:27', '2020-01-05 17:44:27', NULL),
(279, 283, 7, 376, '202006121', 1, NULL, NULL, NULL, '2020-01-05 18:06:11', '2020-01-05 18:06:11', NULL),
(280, 284, 5, 377, '202004014', 1, NULL, NULL, NULL, '2020-01-05 18:10:00', '2020-01-05 18:10:00', NULL),
(281, 285, 5, 382, '202004015', 1, NULL, NULL, NULL, '2020-01-05 18:24:11', '2020-01-05 18:24:11', NULL),
(282, 286, 7, 383, '202006122', 1, NULL, NULL, NULL, '2020-01-05 18:25:37', '2020-01-05 18:25:37', NULL),
(283, 287, 10, 386, '202009053', 1, NULL, NULL, NULL, '2020-01-05 18:38:37', '2020-01-05 18:38:37', NULL),
(284, 288, 10, 387, '202009054', 1, NULL, NULL, NULL, '2020-01-05 18:49:19', '2020-01-05 18:49:19', NULL),
(285, 289, 7, 388, '202006123', 1, NULL, NULL, NULL, '2020-01-05 19:51:00', '2020-01-05 19:51:00', NULL),
(286, 290, 9, 389, '202008024', 1, NULL, NULL, NULL, '2020-01-05 20:02:41', '2020-01-05 20:02:41', NULL),
(287, 291, 7, 390, '202006124', 1, NULL, NULL, NULL, '2020-01-05 21:32:28', '2020-01-05 21:32:28', NULL),
(288, 292, 9, 391, '202008025', 1, NULL, NULL, NULL, '2020-01-05 21:52:16', '2020-01-05 21:52:16', NULL),
(289, 293, 7, 393, '202006125', 1, NULL, NULL, NULL, '2020-01-05 22:04:45', '2020-01-05 22:04:45', NULL),
(290, 294, 3, 394, '202002007', 1, NULL, NULL, NULL, '2020-01-06 15:55:11', '2020-01-06 15:55:11', NULL),
(291, 295, 7, 395, '202006126', 1, NULL, NULL, NULL, '2020-01-06 16:33:11', '2020-01-06 16:33:11', NULL),
(292, 296, 7, 396, '202006127', 1, NULL, NULL, NULL, '2020-01-06 17:49:24', '2020-01-06 17:49:24', NULL),
(293, 297, 10, 397, '202009055', 1, NULL, NULL, NULL, '2020-01-06 18:11:22', '2020-01-06 18:11:22', NULL),
(294, 298, 9, 398, '202008026', 1, NULL, NULL, NULL, '2020-01-06 18:22:34', '2020-01-06 18:22:34', NULL),
(295, 299, 8, 399, '202007019', 1, NULL, NULL, NULL, '2020-01-06 18:33:04', '2020-01-06 18:33:04', NULL),
(296, 300, 10, 400, '202009056', 1, NULL, NULL, NULL, '2020-01-06 18:47:38', '2020-01-06 18:47:38', NULL),
(297, 301, 10, 401, '202009057', 1, NULL, NULL, NULL, '2020-01-06 18:58:28', '2020-01-06 18:58:28', NULL),
(298, 302, 4, 402, '202003029', 1, NULL, NULL, NULL, '2020-01-06 19:09:05', '2020-01-06 19:09:05', NULL),
(299, 303, 10, 404, '202009058', 1, NULL, NULL, NULL, '2020-01-06 19:20:12', '2020-01-06 19:20:12', NULL),
(300, 304, 7, 405, '202006128', 1, NULL, NULL, NULL, '2020-01-06 19:37:07', '2020-01-06 19:37:07', NULL),
(301, 305, 4, 406, '202003030', 1, NULL, NULL, NULL, '2020-01-06 20:07:17', '2020-01-06 20:07:17', NULL),
(302, 306, 7, 408, '202006129', 1, NULL, NULL, NULL, '2020-01-06 20:37:57', '2020-01-06 20:37:57', NULL),
(303, 307, 8, 409, '202007020', 1, NULL, NULL, NULL, '2020-01-06 20:53:31', '2020-01-06 20:53:31', NULL),
(304, 308, 7, 410, '202006130', 1, NULL, NULL, NULL, '2020-01-06 21:17:44', '2020-01-06 21:17:44', NULL),
(305, 309, 8, 411, '202007021', 1, NULL, NULL, NULL, '2020-01-06 21:32:34', '2020-01-06 21:32:34', NULL),
(306, 310, 10, 412, '202009059', 1, NULL, NULL, NULL, '2020-01-06 21:47:38', '2020-01-06 21:47:38', NULL),
(307, 311, 7, 413, '202006131', 1, NULL, NULL, NULL, '2020-01-07 01:23:04', '2020-01-07 01:23:04', NULL),
(308, 312, 7, 415, '202006132', 1, NULL, NULL, NULL, '2020-01-07 17:02:31', '2020-01-07 17:02:31', NULL),
(309, 313, 4, 417, '202003031', 1, NULL, NULL, NULL, '2020-01-07 17:13:16', '2020-01-07 17:13:16', NULL),
(310, 314, 7, 418, '202006133', 1, NULL, NULL, NULL, '2020-01-07 17:47:23', '2020-01-07 17:47:23', NULL),
(311, 315, 5, 420, '202004016', 1, NULL, NULL, NULL, '2020-01-07 17:57:54', '2020-01-07 17:57:54', NULL),
(312, 316, 4, 421, '202003032', 1, NULL, NULL, NULL, '2020-01-07 18:07:34', '2020-01-07 18:07:34', NULL),
(313, 317, 7, 422, '202006134', 1, NULL, NULL, NULL, '2020-01-07 18:22:44', '2020-01-07 18:22:44', NULL),
(314, 318, 9, 423, '202008027', 1, NULL, NULL, NULL, '2020-01-07 18:33:27', '2020-01-07 18:33:27', NULL),
(315, 319, 4, 425, '202003033', 1, NULL, NULL, NULL, '2020-01-07 18:43:41', '2020-01-07 18:43:41', NULL),
(316, 320, 10, 427, '202009060', 1, NULL, NULL, NULL, '2020-01-07 18:54:13', '2020-01-07 18:54:13', NULL),
(317, 321, 8, 428, '202007022', 1, NULL, NULL, NULL, '2020-01-07 18:59:39', '2020-01-07 18:59:39', NULL),
(318, 322, 7, 430, '202006135', 1, NULL, NULL, NULL, '2020-01-07 19:04:38', '2020-01-07 19:04:38', NULL),
(319, 323, 3, 431, '202002008', 1, NULL, NULL, NULL, '2020-01-07 19:12:19', '2020-01-07 19:12:19', NULL),
(320, 324, 7, 432, '202006136', 1, NULL, NULL, NULL, '2020-01-07 19:18:42', '2020-01-07 19:18:42', NULL),
(321, 325, 9, 433, '202008028', 1, NULL, NULL, NULL, '2020-01-07 19:26:30', '2020-01-07 19:26:30', NULL),
(322, 326, 7, 435, '202006137', 1, NULL, NULL, NULL, '2020-01-07 19:36:51', '2020-01-07 19:36:51', NULL),
(323, 327, 10, 437, '202009061', 1, NULL, NULL, NULL, '2020-01-07 19:46:52', '2020-01-07 19:46:52', NULL),
(324, 328, 7, 439, '202006138', 1, NULL, NULL, NULL, '2020-01-07 19:57:56', '2020-01-07 19:57:56', NULL),
(325, 329, 9, 442, '202008029', 1, NULL, NULL, NULL, '2020-01-07 20:24:30', '2020-01-07 20:24:30', NULL),
(326, 330, 8, 443, '202007023', 1, NULL, NULL, NULL, '2020-01-08 16:24:00', '2020-01-08 16:24:00', NULL),
(327, 331, 5, 444, '202004017', 1, NULL, NULL, NULL, '2020-01-08 16:34:56', '2020-01-08 16:34:56', NULL),
(328, 332, 7, 445, '202006139', 1, NULL, NULL, NULL, '2020-01-08 16:46:04', '2020-01-08 16:46:04', NULL),
(329, 333, 10, 440, '202009062', 1, NULL, NULL, NULL, '2020-01-08 22:46:04', '2020-01-08 22:46:04', NULL),
(330, 334, 10, 447, '202009063', 1, NULL, NULL, NULL, '2020-01-08 17:34:40', '2020-01-08 17:34:40', NULL),
(331, 335, 10, 450, '202009064', 1, NULL, NULL, NULL, '2020-01-08 17:46:28', '2020-01-08 17:46:28', NULL),
(332, 336, 10, 452, '202009065', 1, NULL, NULL, NULL, '2020-01-08 17:59:17', '2020-01-08 17:59:17', NULL),
(333, 337, 7, 453, '202006140', 1, NULL, NULL, NULL, '2020-01-08 18:10:11', '2020-01-08 18:10:11', NULL),
(334, 338, 7, 454, '202006141', 1, NULL, NULL, NULL, '2020-01-08 18:26:15', '2020-01-08 18:26:15', NULL),
(335, 339, 10, 455, '202009066', 1, NULL, NULL, NULL, '2020-01-08 19:06:10', '2020-01-08 19:06:10', NULL),
(336, 340, 10, 456, '202009067', 1, NULL, NULL, NULL, '2020-01-08 20:51:18', '2020-01-08 20:51:18', NULL),
(337, 341, 4, 457, '202003034', 1, NULL, NULL, NULL, '2020-01-09 03:36:09', '2020-01-09 03:36:09', NULL),
(338, 342, 4, 458, '202003035', 1, NULL, NULL, NULL, '2020-01-09 16:08:24', '2020-01-09 16:08:24', NULL),
(339, 343, 4, 460, '202003036', 1, NULL, NULL, NULL, '2020-01-09 16:20:30', '2020-01-09 16:20:30', NULL),
(340, 344, 7, 461, '202006142', 1, NULL, NULL, NULL, '2020-01-09 17:29:25', '2020-01-09 17:29:25', NULL),
(341, 345, 2, 462, '202001005', 1, NULL, NULL, NULL, '2020-01-09 17:59:13', '2020-01-09 17:59:13', NULL),
(342, 346, 3, 463, '202002009', 1, NULL, NULL, NULL, '2020-01-09 19:14:24', '2020-01-09 19:14:24', NULL),
(343, 347, 4, 464, '202003037', 1, NULL, NULL, NULL, '2020-01-09 22:37:28', '2020-01-09 22:37:28', NULL),
(344, 348, 6, 467, '202005010', 1, NULL, NULL, NULL, '2020-01-09 22:51:22', '2020-01-09 22:51:22', NULL),
(345, 349, 9, 468, '202008030', 1, NULL, NULL, NULL, '2020-01-10 01:30:43', '2020-01-10 01:30:43', NULL),
(346, 350, 9, 469, '202008031', 1, NULL, NULL, NULL, '2020-01-10 01:44:52', '2020-01-10 01:44:52', NULL),
(347, 351, 7, 470, '202006143', 1, NULL, NULL, NULL, '2020-01-10 22:12:36', '2020-01-10 22:12:36', NULL),
(348, 352, 7, 471, '202006144', 1, NULL, NULL, NULL, '2020-01-11 15:43:56', '2020-01-11 15:43:56', NULL),
(349, 353, 10, 473, '202009068', 1, NULL, NULL, NULL, '2020-01-11 16:03:47', '2020-01-11 16:03:47', NULL),
(350, 354, 4, 475, '202003038', 1, NULL, NULL, NULL, '2020-01-11 16:17:27', '2020-01-11 16:17:27', NULL),
(351, 355, 1, 476, '202000005', 1, NULL, NULL, NULL, '2020-01-11 18:43:09', '2020-01-11 18:43:09', NULL),
(352, 356, 3, 477, '202002010', 1, NULL, NULL, NULL, '2020-01-11 19:09:16', '2020-01-11 19:09:16', NULL),
(353, 357, 1, 478, '202000006', 1, NULL, NULL, NULL, '2020-01-11 19:21:58', '2020-01-11 19:21:58', NULL),
(354, 358, 7, 479, '202006145', 1, NULL, NULL, NULL, '2020-01-11 22:36:36', '2020-01-11 22:36:36', NULL),
(355, 359, 7, 480, '202006146', 1, NULL, NULL, NULL, '2020-01-11 22:46:56', '2020-01-11 22:46:56', NULL),
(356, 360, 7, 481, '202006147', 1, NULL, NULL, NULL, '2020-01-12 15:56:59', '2020-01-12 15:56:59', NULL),
(357, 361, 9, 482, '202008032', 1, NULL, NULL, NULL, '2020-01-12 18:25:01', '2020-01-12 18:25:01', NULL),
(358, 362, 10, 483, '202009069', 1, NULL, NULL, NULL, '2020-01-12 19:08:46', '2020-01-12 19:08:46', NULL),
(359, 363, 4, 484, '202003039', 1, NULL, NULL, NULL, '2020-01-14 17:29:50', '2020-01-14 17:29:50', NULL),
(360, 364, 10, 485, '202009070', 1, NULL, NULL, NULL, '2020-01-14 17:56:58', '2020-01-14 17:56:58', NULL),
(361, 365, 10, 486, '202009071', 1, NULL, NULL, NULL, '2020-01-14 18:23:13', '2020-01-14 18:23:13', NULL),
(362, 366, 4, 487, '202003040', 1, NULL, NULL, NULL, '2020-01-14 18:37:15', '2020-01-14 18:37:15', NULL),
(363, 367, 6, 488, '202005011', 1, NULL, NULL, NULL, '2020-01-14 19:27:54', '2020-01-14 19:27:54', NULL),
(364, 368, 10, 489, '202009072', 1, NULL, NULL, NULL, '2020-01-15 17:01:00', '2020-01-15 17:01:00', NULL),
(365, 369, 4, 491, '202003041', 1, NULL, NULL, NULL, '2020-01-15 17:11:29', '2020-01-15 17:11:29', NULL),
(366, 370, 2, 492, '202001006', 1, NULL, NULL, NULL, '2020-01-19 17:05:43', '2020-01-19 17:05:43', NULL),
(367, 371, 10, 493, '202009073', 1, NULL, NULL, NULL, '2020-01-28 19:01:32', '2020-01-28 19:01:32', NULL),
(368, 372, 7, 494, '202006148', 1, NULL, NULL, NULL, '2020-01-29 18:28:45', '2020-01-29 18:28:45', NULL),
(369, 373, 5, 495, '202004018', 1, NULL, NULL, NULL, '2020-01-29 18:47:23', '2020-01-29 18:47:23', NULL),
(370, 374, 7, 496, '202006149', 1, NULL, NULL, NULL, '2020-01-29 21:10:03', '2020-01-29 21:10:03', NULL),
(371, 375, 9, 497, '202008033', 1, NULL, NULL, NULL, '2020-02-02 19:22:17', '2020-02-02 19:22:17', NULL),
(372, 376, 7, 498, '202006150', 1, NULL, NULL, NULL, '2020-02-02 20:37:14', '2020-02-02 20:37:14', NULL),
(373, 377, 3, 499, '202002011', 1, NULL, NULL, NULL, '2020-02-09 18:52:51', '2020-02-09 18:52:51', NULL),
(374, 378, 7, 500, '202006151', 1, NULL, NULL, NULL, '2020-12-15 05:27:16', '2020-12-15 05:27:16', NULL),
(375, 379, 7, 501, '202006152', 1, NULL, NULL, NULL, '2020-12-15 07:55:12', '2020-12-15 07:55:12', NULL),
(376, 380, 10, 502, '202009074', 1, NULL, NULL, NULL, '2020-12-15 08:48:25', '2020-12-15 08:48:25', NULL),
(377, 381, 7, 503, '202006153', 1, NULL, NULL, NULL, '2020-12-15 09:31:39', '2020-12-15 09:31:39', NULL),
(378, 382, 7, 504, '202006154', 1, NULL, NULL, NULL, '2020-12-15 10:14:46', '2020-12-15 10:14:46', NULL),
(379, 383, 7, 505, '202006155', 1, NULL, NULL, NULL, '2020-12-15 11:06:24', '2020-12-15 11:06:24', NULL),
(380, 384, 10, 506, '202109075', 1, NULL, NULL, NULL, '2020-12-15 11:12:12', '2020-12-15 11:12:12', NULL),
(381, 385, 7, 507, '202106156', 1, NULL, NULL, NULL, '2020-12-16 07:30:01', '2020-12-16 07:30:01', NULL),
(382, 386, 7, 508, '202106157', 1, NULL, NULL, NULL, '2020-12-16 08:08:29', '2020-12-16 08:08:29', NULL),
(383, 1, 7, 2, '202106158', 1, NULL, NULL, NULL, '2020-12-16 10:12:51', '2020-12-16 10:12:51', NULL);

-- --------------------------------------------------------

--
-- Table structure for table `permissions`
--

DROP TABLE IF EXISTS `permissions`;
CREATE TABLE IF NOT EXISTS `permissions` (
  `id` int UNSIGNED NOT NULL AUTO_INCREMENT,
  `title` varchar(191) CHARACTER SET utf8 COLLATE utf8_unicode_ci DEFAULT NULL,
  `created_at` timestamp NULL DEFAULT NULL,
  `updated_at` timestamp NULL DEFAULT NULL,
  `deleted_at` timestamp NULL DEFAULT NULL,
  PRIMARY KEY (`id`)
) ENGINE=InnoDB AUTO_INCREMENT=84 DEFAULT CHARSET=utf8 COLLATE=utf8_unicode_ci;

--
-- Dumping data for table `permissions`
--

INSERT INTO `permissions` (`id`, `title`, `created_at`, `updated_at`, `deleted_at`) VALUES
(1, 'user_management_access', '2019-04-15 07:14:42', '2019-04-15 07:14:42', NULL),
(2, 'permission_create', '2019-04-15 07:14:42', '2019-04-15 07:14:42', NULL),
(3, 'permission_edit', '2019-04-15 07:14:42', '2019-04-15 07:14:42', NULL),
(4, 'permission_show', '2019-04-15 07:14:42', '2019-04-15 07:14:42', NULL),
(5, 'permission_delete', '2019-04-15 07:14:42', '2019-04-15 07:14:42', NULL),
(6, 'permission_access', '2019-04-15 07:14:42', '2019-04-15 07:14:42', NULL),
(7, 'role_create', '2019-04-15 07:14:42', '2019-04-15 07:14:42', NULL),
(8, 'role_edit', '2019-04-15 07:14:42', '2019-04-15 07:14:42', NULL),
(9, 'role_show', '2019-04-15 07:14:42', '2019-04-15 07:14:42', NULL),
(10, 'role_delete', '2019-04-15 07:14:42', '2019-04-15 07:14:42', NULL),
(11, 'role_access', '2019-04-15 07:14:42', '2019-04-15 07:14:42', NULL),
(12, 'user_create', '2019-04-15 07:14:42', '2019-04-15 07:14:42', NULL),
(13, 'user_edit', '2019-04-15 07:14:42', '2019-04-15 07:14:42', NULL),
(14, 'user_show', '2019-04-15 07:14:42', '2019-04-15 07:14:42', NULL),
(15, 'user_delete', '2019-04-15 07:14:42', '2019-04-15 07:14:42', NULL),
(16, 'user_access', '2019-04-15 07:14:42', '2019-04-15 07:14:42', NULL),
(17, 'product_create', '2019-04-15 07:14:42', '2019-04-15 07:14:42', NULL),
(18, 'product_edit', '2019-04-15 07:14:42', '2019-04-15 07:14:42', NULL),
(19, 'product_show', '2019-04-15 07:14:42', '2019-04-15 07:14:42', NULL),
(20, 'product_delete', '2019-04-15 07:14:42', '2019-04-15 07:14:42', NULL),
(21, 'product_access', '2019-04-15 07:14:42', '2019-04-15 07:14:42', NULL),
(22, 'news_access', '2019-09-08 17:00:45', '2019-09-08 17:00:45', NULL),
(23, 'news_create', '2019-08-26 18:12:01', '2019-08-26 18:12:01', NULL),
(24, 'news_show', '2019-09-01 17:18:19', '2019-09-01 17:18:19', NULL),
(25, 'news_edit', '2019-09-01 17:18:30', '2019-09-01 17:18:30', NULL),
(26, 'news_delete', '2019-09-01 17:18:42', '2019-09-01 17:18:42', NULL),
(27, 'notice_create', '2019-09-02 20:26:39', '2019-09-02 20:26:39', NULL),
(28, 'notice_show', '2019-09-02 23:06:05', '2019-09-02 23:06:05', NULL),
(29, 'notice_edit', '2019-09-02 23:06:13', '2019-09-02 23:06:13', NULL),
(30, 'notice_delete', '2019-09-02 23:06:25', '2019-09-02 23:06:25', NULL),
(31, 'notice_access', '2019-09-04 16:47:38', '2019-09-04 16:47:38', NULL),
(32, 'photo_access', '2019-09-04 16:47:54', '2019-09-04 16:47:54', NULL),
(34, 'academic_access', '2019-09-04 17:34:58', '2019-09-04 17:34:58', NULL),
(35, 'news_category_create', '2019-09-04 16:59:23', '2019-09-04 16:59:23', NULL),
(36, 'photo_uplode', '2019-09-04 16:59:37', '2019-09-04 16:59:37', NULL),
(37, 'academic_create', '2019-09-04 17:35:08', '2019-09-04 17:35:08', NULL),
(38, 'academic_edit', '2019-09-04 17:35:36', '2019-09-04 17:35:36', NULL),
(39, 'academic_show', '2019-09-04 17:35:46', '2019-09-04 17:35:46', NULL),
(40, 'academic_delete', '2019-09-04 17:35:57', '2019-09-04 17:35:57', NULL),
(41, 'academic_category_access', '2019-09-04 17:58:35', '2019-09-04 17:58:35', NULL),
(42, 'academic_category_create', '2019-09-04 18:00:55', '2019-09-04 18:00:55', NULL),
(43, 'academic_category_edit', '2019-09-04 18:01:08', '2019-09-04 18:01:08', NULL),
(44, 'academic_category_show', '2019-09-04 18:01:18', '2019-09-04 18:01:18', NULL),
(45, 'academic_category_delete', '2019-09-04 18:01:28', '2019-09-04 18:01:28', NULL),
(46, 'importantsitelink_create', '2019-09-06 16:52:16', '2019-09-06 16:52:16', NULL),
(47, 'importantsitelink_access', '2019-09-06 16:52:29', '2019-09-06 16:52:29', NULL),
(48, 'importantsitelink_edit', '2019-09-06 16:52:42', '2019-09-06 16:52:42', NULL),
(49, 'importantsitelink_delete', '2019-09-06 16:52:56', '2019-09-06 16:52:56', NULL),
(50, 'employee_access', '2019-09-08 16:57:56', '2019-09-08 16:57:56', NULL),
(51, 'employee_create', '2019-09-08 16:58:08', '2019-09-08 16:58:08', NULL),
(52, 'employee_show', '2019-09-08 16:58:28', '2019-09-08 16:58:28', NULL),
(53, 'employee_edit', '2019-09-08 16:58:38', '2019-09-08 16:58:38', NULL),
(54, 'employee_delete', '2019-09-08 16:58:53', '2019-09-08 16:58:53', NULL),
(55, 'employee_designation_access', '2019-09-08 16:59:07', '2019-09-08 16:59:07', NULL),
(56, 'employee_designation_create', '2019-09-08 16:59:16', '2019-09-08 16:59:16', NULL),
(57, 'employee_designation_edit', '2019-09-08 17:00:10', '2019-09-08 17:00:10', NULL),
(58, 'employee_designation_delete', '2019-09-08 17:00:45', '2019-09-08 17:00:45', NULL),
(59, 'general_update', '2019-09-13 20:42:42', '2019-09-13 20:42:42', NULL),
(60, 'general_access', '2019-09-13 20:42:52', '2019-09-13 20:42:52', NULL),
(61, 'homeslider_access', '2019-09-14 16:26:34', '2019-09-14 16:26:34', NULL),
(62, 'homeslider_create', '2019-09-14 16:26:45', '2019-09-14 16:26:45', NULL),
(63, 'homeslider_edit', '2019-09-14 16:26:53', '2019-09-14 16:26:53', NULL),
(64, 'homeslider_delete', '2019-09-14 16:27:03', '2019-09-14 16:27:03', NULL),
(65, 'page_access', '2019-09-15 00:27:56', '2019-09-15 00:27:56', NULL),
(66, 'page_create', '2019-09-15 00:28:07', '2019-09-15 00:28:07', NULL),
(67, 'page_edit', '2019-09-15 00:28:15', '2019-09-15 00:28:15', NULL),
(68, 'page_delete', '2019-09-15 00:28:24', '2019-09-15 00:28:24', NULL),
(69, 'sociallink_access', '2019-09-15 00:32:13', '2019-09-15 00:32:13', NULL),
(70, 'sociallink_create', '2019-09-15 00:32:21', '2019-09-15 00:32:21', NULL),
(71, 'sociallink_edit', '2019-09-15 00:32:29', '2019-09-15 00:32:29', NULL),
(72, 'sociallink_delete', '2019-09-15 00:32:37', '2019-09-15 00:32:37', NULL),
(73, 'speech_access', '2019-09-18 00:05:56', '2019-09-18 00:05:56', NULL),
(74, 'speech_show', '2019-09-18 00:06:11', '2019-09-18 00:06:11', NULL),
(75, 'speech_edit', '2019-09-18 00:06:30', '2019-09-18 00:06:30', NULL),
(76, 'speech_edit', '2019-09-22 17:10:26', '2019-09-22 17:12:29', '2019-09-22 17:12:29'),
(77, 'email_access', '2019-09-29 20:39:10', '2019-09-29 20:39:10', NULL),
(78, 'email_show', '2019-09-29 20:39:21', '2019-09-29 20:39:21', NULL),
(79, 'visitor_access', '2019-09-29 21:55:09', '2019-09-29 21:55:09', NULL),
(80, 'admission', '2019-11-03 18:33:38', '2019-11-03 18:33:38', NULL),
(81, 'admission', '2019-11-16 22:05:45', '2019-11-16 22:09:22', '2019-11-16 22:09:22'),
(82, 'admission_start', '2019-11-16 22:05:55', '2019-11-16 22:05:55', NULL),
(83, 'admission_reset', '2019-11-17 18:07:10', '2019-11-17 18:07:10', NULL);

-- --------------------------------------------------------

--
-- Table structure for table `permission_role`
--

DROP TABLE IF EXISTS `permission_role`;
CREATE TABLE IF NOT EXISTS `permission_role` (
  `role_id` int UNSIGNED NOT NULL,
  `permission_id` int UNSIGNED NOT NULL,
  KEY `permission_role_role_id_foreign` (`role_id`),
  KEY `permission_role_permission_id_foreign` (`permission_id`)
) ENGINE=InnoDB DEFAULT CHARSET=utf8 COLLATE=utf8_unicode_ci;

--
-- Dumping data for table `permission_role`
--

INSERT INTO `permission_role` (`role_id`, `permission_id`) VALUES
(1, 14),
(1, 16),
(1, 22),
(1, 23),
(1, 24),
(1, 25),
(1, 26),
(1, 27),
(1, 28),
(1, 29),
(1, 30),
(1, 31),
(1, 32),
(1, 34),
(1, 35),
(1, 36),
(1, 37),
(1, 38),
(1, 39),
(1, 40),
(1, 41),
(1, 42),
(1, 43),
(1, 44),
(1, 45),
(1, 47),
(1, 48),
(1, 50),
(1, 51),
(1, 52),
(1, 53),
(1, 54),
(1, 55),
(1, 56),
(1, 57),
(1, 58),
(2, 17),
(2, 18),
(2, 19),
(2, 20),
(2, 21),
(2, 22),
(2, 23),
(2, 24),
(2, 25),
(2, 26),
(2, 27),
(2, 28),
(2, 29),
(2, 30),
(2, 31),
(2, 32),
(2, 34),
(2, 35),
(2, 36),
(2, 37),
(2, 38),
(2, 39),
(2, 40),
(2, 41),
(2, 42),
(2, 43),
(2, 44),
(2, 45),
(2, 46),
(2, 47),
(2, 48),
(2, 49),
(2, 50),
(2, 51),
(2, 52),
(2, 53),
(2, 54),
(2, 55),
(2, 56),
(2, 57),
(2, 58),
(1, 59),
(1, 60),
(1, 61),
(1, 62),
(1, 63),
(1, 64),
(1, 69),
(1, 71),
(3, 1),
(3, 2),
(3, 3),
(3, 4),
(3, 5),
(3, 6),
(3, 7),
(3, 8),
(3, 9),
(3, 10),
(3, 11),
(3, 12),
(3, 13),
(3, 14),
(3, 15),
(3, 16),
(3, 17),
(3, 18),
(3, 19),
(3, 20),
(3, 21),
(3, 22),
(3, 23),
(3, 24),
(3, 25),
(3, 26),
(3, 27),
(3, 28),
(3, 29),
(3, 30),
(3, 31),
(3, 32),
(3, 34),
(3, 35),
(3, 36),
(3, 37),
(3, 38),
(3, 39),
(3, 40),
(3, 41),
(3, 42),
(3, 43),
(3, 44),
(3, 45),
(3, 46),
(3, 47),
(3, 48),
(3, 49),
(3, 50),
(3, 51),
(3, 52),
(3, 53),
(3, 54),
(3, 55),
(3, 56),
(3, 57),
(3, 58),
(3, 59),
(3, 60),
(3, 61),
(3, 62),
(3, 63),
(3, 64),
(3, 65),
(3, 66),
(3, 67),
(3, 68),
(3, 69),
(3, 70),
(3, 71),
(3, 72),
(1, 73),
(1, 74),
(1, 75),
(3, 73),
(3, 74),
(3, 75),
(1, 13),
(3, 77),
(3, 78),
(3, 79),
(1, 65),
(1, 66),
(1, 67),
(1, 77),
(1, 78),
(3, 80),
(3, 82),
(1, 80),
(1, 82),
(3, 83);

-- --------------------------------------------------------

--
-- Table structure for table `photos`
--

DROP TABLE IF EXISTS `photos`;
CREATE TABLE IF NOT EXISTS `photos` (
  `id` bigint UNSIGNED NOT NULL AUTO_INCREMENT,
  `gallery_id` bigint UNSIGNED NOT NULL,
  `photo` varchar(191) CHARACTER SET utf8 COLLATE utf8_unicode_ci NOT NULL,
  `active` tinyint(1) NOT NULL DEFAULT '0',
  `created_by` int UNSIGNED DEFAULT NULL,
  `updated_by` int UNSIGNED DEFAULT NULL,
  `created_at` timestamp NULL DEFAULT NULL,
  `updated_at` timestamp NULL DEFAULT NULL,
  PRIMARY KEY (`id`),
  KEY `photos_gallery_id_foreign` (`gallery_id`)
) ENGINE=InnoDB AUTO_INCREMENT=26 DEFAULT CHARSET=utf8 COLLATE=utf8_unicode_ci;

--
-- Dumping data for table `photos`
--

INSERT INTO `photos` (`id`, `gallery_id`, `photo`, `active`, `created_by`, `updated_by`, `created_at`, `updated_at`) VALUES
(12, 1, '2019-09-19-09-01-46-IMG_2727.JPG', 0, NULL, NULL, '2019-09-19 03:01:46', '2019-09-19 03:01:46'),
(13, 1, '2019-09-19-09-01-46-IMG_2729.JPG', 0, NULL, NULL, '2019-09-19 03:01:46', '2019-09-19 03:01:46'),
(14, 1, '2019-09-19-09-01-46-IMG_2730.JPG', 0, NULL, NULL, '2019-09-19 03:01:46', '2019-09-19 03:01:46'),
(15, 1, '2019-09-19-09-01-46-IMG_2726.JPG', 0, NULL, NULL, '2019-09-19 03:01:46', '2019-09-19 03:01:46'),
(16, 1, '2019-09-19-09-01-46-IMG_2728.JPG', 0, NULL, NULL, '2019-09-19 03:01:46', '2019-09-19 03:01:46'),
(17, 1, '2019-09-19-09-01-46-IMG_2731.JPG', 0, NULL, NULL, '2019-09-19 03:01:46', '2019-09-19 03:01:46'),
(18, 1, '2019-09-19-09-01-46-IMG_2718.JPG', 0, NULL, NULL, '2019-09-19 03:01:46', '2019-09-19 03:01:46'),
(19, 1, '2019-09-19-09-01-46-IMG_2719.JPG', 0, NULL, NULL, '2019-09-19 03:01:46', '2019-09-19 03:01:46'),
(20, 1, '2019-09-19-09-01-47-IMG_2721.JPG', 0, NULL, NULL, '2019-09-19 03:01:47', '2019-09-19 03:01:47'),
(21, 1, '2019-09-19-09-01-48-IMG_2720.JPG', 0, NULL, NULL, '2019-09-19 03:01:48', '2019-09-19 03:01:48'),
(22, 1, '2019-09-19-09-01-48-IMG_2723.JPG', 0, NULL, NULL, '2019-09-19 03:01:48', '2019-09-19 03:01:48'),
(23, 1, '2019-09-19-09-01-48-IMG_2725.JPG', 0, NULL, NULL, '2019-09-19 03:01:48', '2019-09-19 03:01:48'),
(24, 1, '2019-09-19-09-01-48-IMG_2722.JPG', 0, NULL, NULL, '2019-09-19 03:01:48', '2019-09-19 03:01:48'),
(25, 1, '2019-09-19-09-01-48-IMG_2724.JPG', 0, NULL, NULL, '2019-09-19 03:01:48', '2019-09-19 03:01:48');

-- --------------------------------------------------------

--
-- Table structure for table `products`
--

DROP TABLE IF EXISTS `products`;
CREATE TABLE IF NOT EXISTS `products` (
  `id` int UNSIGNED NOT NULL AUTO_INCREMENT,
  `name` varchar(191) CHARACTER SET utf8 COLLATE utf8_unicode_ci NOT NULL,
  `description` longtext CHARACTER SET utf8 COLLATE utf8_unicode_ci,
  `price` decimal(15,2) DEFAULT NULL,
  `created_at` timestamp NULL DEFAULT NULL,
  `updated_at` timestamp NULL DEFAULT NULL,
  `deleted_at` timestamp NULL DEFAULT NULL,
  PRIMARY KEY (`id`)
) ENGINE=InnoDB DEFAULT CHARSET=utf8 COLLATE=utf8_unicode_ci;

-- --------------------------------------------------------

--
-- Table structure for table `religions`
--

DROP TABLE IF EXISTS `religions`;
CREATE TABLE IF NOT EXISTS `religions` (
  `id` int UNSIGNED NOT NULL AUTO_INCREMENT,
  `title` varchar(191) CHARACTER SET utf8 COLLATE utf8_unicode_ci NOT NULL,
  `created_by` int UNSIGNED DEFAULT NULL,
  `updated_by` int UNSIGNED DEFAULT NULL,
  `created_at` timestamp NULL DEFAULT NULL,
  `updated_at` timestamp NULL DEFAULT NULL,
  PRIMARY KEY (`id`)
) ENGINE=InnoDB AUTO_INCREMENT=6 DEFAULT CHARSET=utf8 COLLATE=utf8_unicode_ci;

--
-- Dumping data for table `religions`
--

INSERT INTO `religions` (`id`, `title`, `created_by`, `updated_by`, `created_at`, `updated_at`) VALUES
(1, 'ইসলাম', NULL, NULL, '2019-04-15 07:14:42', '2019-04-15 07:14:42'),
(2, 'হিন্দু', NULL, NULL, '2019-04-15 07:15:42', '2019-04-15 07:15:42'),
(3, 'খ্রিস্টান', NULL, NULL, '2019-04-15 07:16:42', '2019-04-15 07:16:42'),
(4, 'বৌদ্ধ', NULL, NULL, '2019-04-15 07:16:42', '2019-04-15 07:16:42'),
(5, 'অন্য', NULL, NULL, '2019-04-15 07:16:42', '2019-04-15 07:16:42');

-- --------------------------------------------------------

--
-- Table structure for table `roles`
--

DROP TABLE IF EXISTS `roles`;
CREATE TABLE IF NOT EXISTS `roles` (
  `id` int UNSIGNED NOT NULL AUTO_INCREMENT,
  `title` varchar(191) CHARACTER SET utf8 COLLATE utf8_unicode_ci DEFAULT NULL,
  `created_at` timestamp NULL DEFAULT NULL,
  `updated_at` timestamp NULL DEFAULT NULL,
  `deleted_at` timestamp NULL DEFAULT NULL,
  PRIMARY KEY (`id`)
) ENGINE=InnoDB AUTO_INCREMENT=4 DEFAULT CHARSET=utf8 COLLATE=utf8_unicode_ci;

--
-- Dumping data for table `roles`
--

INSERT INTO `roles` (`id`, `title`, `created_at`, `updated_at`, `deleted_at`) VALUES
(1, 'Admin', '2019-04-15 07:13:32', '2019-04-15 07:13:32', NULL),
(2, 'User', '2019-04-15 07:13:32', '2019-09-15 00:28:49', '2019-09-15 00:28:49'),
(3, 'Super Admin', '2019-09-17 19:06:01', '2019-10-15 19:14:11', NULL);

-- --------------------------------------------------------

--
-- Table structure for table `role_user`
--

DROP TABLE IF EXISTS `role_user`;
CREATE TABLE IF NOT EXISTS `role_user` (
  `user_id` int UNSIGNED NOT NULL,
  `role_id` int UNSIGNED NOT NULL,
  KEY `role_user_user_id_foreign` (`user_id`),
  KEY `role_user_role_id_foreign` (`role_id`)
) ENGINE=InnoDB DEFAULT CHARSET=utf8 COLLATE=utf8_unicode_ci;

--
-- Dumping data for table `role_user`
--

INSERT INTO `role_user` (`user_id`, `role_id`) VALUES
(1, 3),
(2, 1),
(3, 1);

-- --------------------------------------------------------

--
-- Table structure for table `sms`
--

DROP TABLE IF EXISTS `sms`;
CREATE TABLE IF NOT EXISTS `sms` (
  `id` bigint UNSIGNED NOT NULL AUTO_INCREMENT,
  `sms_subject` varchar(191) CHARACTER SET utf8 COLLATE utf8_unicode_ci DEFAULT NULL,
  `message` text CHARACTER SET utf8 COLLATE utf8_unicode_ci,
  `created_at` timestamp NULL DEFAULT NULL,
  `updated_at` timestamp NULL DEFAULT NULL,
  PRIMARY KEY (`id`)
) ENGINE=InnoDB AUTO_INCREMENT=2 DEFAULT CHARSET=utf8 COLLATE=utf8_unicode_ci;

--
-- Dumping data for table `sms`
--

INSERT INTO `sms` (`id`, `sms_subject`, `message`, `created_at`, `updated_at`) VALUES
(1, 'smmplsc', 'Welcome', '2020-01-14 17:05:47', '2020-01-14 17:05:47');

-- --------------------------------------------------------

--
-- Table structure for table `sms_stores`
--

DROP TABLE IF EXISTS `sms_stores`;
CREATE TABLE IF NOT EXISTS `sms_stores` (
  `id` bigint UNSIGNED NOT NULL AUTO_INCREMENT,
  `subject` varchar(191) CHARACTER SET utf8 COLLATE utf8_unicode_ci DEFAULT NULL,
  `message` text CHARACTER SET utf8 COLLATE utf8_unicode_ci,
  `number` varchar(191) CHARACTER SET utf8 COLLATE utf8_unicode_ci DEFAULT NULL,
  `date_time` varchar(191) CHARACTER SET utf8 COLLATE utf8_unicode_ci DEFAULT NULL,
  `catagory` varchar(191) CHARACTER SET utf8 COLLATE utf8_unicode_ci DEFAULT NULL,
  `status` longtext CHARACTER SET utf8 COLLATE utf8_unicode_ci,
  `created_by` int DEFAULT NULL,
  `created_at` timestamp NULL DEFAULT NULL,
  `updated_at` timestamp NULL DEFAULT NULL,
  PRIMARY KEY (`id`)
) ENGINE=InnoDB AUTO_INCREMENT=71 DEFAULT CHARSET=utf8 COLLATE=utf8_unicode_ci;

--
-- Dumping data for table `sms_stores`
--

INSERT INTO `sms_stores` (`id`, `subject`, `message`, `number`, `date_time`, `catagory`, `status`, `created_by`, `created_at`, `updated_at`) VALUES
(1, '', 'Congratulations\'Md. Shahriar Sayem\', You are passed id \'202005002\' and position \'1st\'. visit  for details http://smmplsc.edu.bd/admission/student/result', '01739411277', NULL, 'After Admission SMS', NULL, 1, '2019-12-29 23:37:49', '2019-12-29 23:37:49'),
(2, '', 'Congratulations\'Faria Tuz Johra\', You are passed id \'202005004\' and position \'2nd\'. visit  for details http://smmplsc.edu.bd/admission/student/result', '01701777560', NULL, 'After Admission SMS', NULL, 1, '2019-12-29 23:37:50', '2019-12-29 23:37:50'),
(3, '', 'Congratulations\'Khondokar Md. Nafis Hasan\', You are passed id \'202005005\' and position \'3rd\'. visit  for details http://smmplsc.edu.bd/admission/student/result', '01724035858', NULL, 'After Admission SMS', NULL, 1, '2019-12-29 23:37:51', '2019-12-29 23:37:51'),
(4, '', 'Congratulations\'Mst. Antora Islam\', You are passed id \'202005001\' and position \'4th\'. visit  for details http://smmplsc.edu.bd/admission/student/result', '01788122680', NULL, 'After Admission SMS', NULL, 1, '2019-12-29 23:37:51', '2019-12-29 23:37:51'),
(5, '', 'Congratulations\'Mohammad Labib Ahammed\', You are passed id \'202004001\' and position \'1st\'. visit  for details http://smmplsc.edu.bd/admission/student/result', '01780650599', NULL, 'After Admission SMS', NULL, 1, '2019-12-29 23:38:17', '2019-12-29 23:38:17'),
(6, '', 'Congratulations\'Md. Firoj Ahmmed Khan (Siyam)\', You are passed id \'202004003\' and position \'2nd\'. visit  for details http://smmplsc.edu.bd/admission/student/result', '01757266775', NULL, 'After Admission SMS', NULL, 1, '2019-12-29 23:38:18', '2019-12-29 23:38:18'),
(7, '', 'Congratulations\'Mst. Sanjida sultana Mim\', You are passed id \'202004007\' and position \'3rd\'. visit  for details http://smmplsc.edu.bd/admission/student/result', '01716301595', NULL, 'After Admission SMS', NULL, 1, '2019-12-29 23:38:19', '2019-12-29 23:38:19'),
(8, '', 'Congratulations\'Md. Ruhul Amin\', You are passed id \'202008003\' and position \'1st\'. visit  for details http://smmplsc.edu.bd/admission/student/result', '01747829144', NULL, 'After Admission SMS', NULL, 1, '2019-12-29 23:38:59', '2019-12-29 23:38:59'),
(9, '', 'Congratulations\'Md. Mahir Shahriar Tonay\', You are passed id \'202009016\' and position \'1st\'. visit  for details http://smmplsc.edu.bd/admission/student/result', '01718858349', NULL, 'After Admission SMS', NULL, 1, '2019-12-29 23:39:05', '2019-12-29 23:39:05'),
(10, '', 'Congratulations\'Sabiha Sultana Ria\', You are passed id \'202009012\' and position \'2nd\'. visit  for details http://smmplsc.edu.bd/admission/student/result', '01714559988', NULL, 'After Admission SMS', NULL, 1, '2019-12-29 23:39:06', '2019-12-29 23:39:06'),
(11, '', 'Congratulations\'MD. AL RAIYAN RAJ\', You are passed id \'202009022\' and position \'3rd\'. visit  for details http://smmplsc.edu.bd/admission/student/result', '01552542135', NULL, 'After Admission SMS', NULL, 1, '2019-12-29 23:39:07', '2019-12-29 23:39:07'),
(12, '', 'Congratulations\'Sultan Mahmud\', You are passed id \'202009005\' and position \'4th\'. visit  for details http://smmplsc.edu.bd/admission/student/result', '01911128425', NULL, 'After Admission SMS', NULL, 1, '2019-12-29 23:39:08', '2019-12-29 23:39:08'),
(13, '', 'Congratulations\'AHMED ADIB AHSAN\', You are passed id \'202009015\' and position \'5th\'. visit  for details http://smmplsc.edu.bd/admission/student/result', '01717380155', NULL, 'After Admission SMS', NULL, 1, '2019-12-29 23:39:08', '2019-12-29 23:39:08'),
(14, '', 'Congratulations\'Bidushi Kadir\', You are passed id \'202009028\' and position \'6th\'. visit  for details http://smmplsc.edu.bd/admission/student/result', '01711376886', NULL, 'After Admission SMS', NULL, 1, '2019-12-29 23:39:09', '2019-12-29 23:39:09'),
(15, '', 'Congratulations\'Sadia Islam Mou\', You are passed id \'202009023\' and position \'7th\'. visit  for details http://smmplsc.edu.bd/admission/student/result', '01716301595', NULL, 'After Admission SMS', NULL, 1, '2019-12-29 23:39:10', '2019-12-29 23:39:10'),
(16, '', 'Congratulations\'Shahariar Parvej\', You are passed id \'202009035\' and position \'8th\'. visit  for details http://smmplsc.edu.bd/admission/student/result', '01720614740', NULL, 'After Admission SMS', NULL, 1, '2019-12-29 23:39:10', '2019-12-29 23:39:10'),
(17, '', 'Congratulations\'Nadia Jahan\', You are passed id \'202009010\' and position \'9th\'. visit  for details http://smmplsc.edu.bd/admission/student/result', '01718241650', NULL, 'After Admission SMS', NULL, 1, '2019-12-29 23:39:11', '2019-12-29 23:39:11'),
(18, '', 'Congratulations\'MD. TANVIR ANZUM ABIR\', You are passed id \'202009011\' and position \'10th\'. visit  for details http://smmplsc.edu.bd/admission/student/result', '01712803752', NULL, 'After Admission SMS', NULL, 1, '2019-12-29 23:39:12', '2019-12-29 23:39:12'),
(19, '', 'Congratulations\'Tawsif Al Taskin\', You are passed id \'202009036\' and position \'12th\'. visit  for details http://smmplsc.edu.bd/admission/student/result', '01741152733', NULL, 'After Admission SMS', NULL, 1, '2019-12-29 23:39:12', '2019-12-29 23:39:12'),
(20, '', 'Congratulations\'MD. TANVIR TALHA OTHY\', You are passed id \'202009025\' and position \'13th\'. visit  for details http://smmplsc.edu.bd/admission/student/result', '01715844027', NULL, 'After Admission SMS', NULL, 1, '2019-12-29 23:39:13', '2019-12-29 23:39:13'),
(21, '', 'Congratulations\'Md. Shahriar Kollol Shishir\', You are passed id \'202009031\' and position \'14th\'. visit  for details http://smmplsc.edu.bd/admission/student/result', '01729462986', NULL, 'After Admission SMS', NULL, 1, '2019-12-29 23:39:14', '2019-12-29 23:39:14'),
(22, '', 'Congratulations\'SHAHRIAR ZAMAN SHAHI\', You are passed id \'202009024\' and position \'15th\'. visit  for details http://smmplsc.edu.bd/admission/student/result', '01725669613', NULL, 'After Admission SMS', NULL, 1, '2019-12-29 23:39:14', '2019-12-29 23:39:14'),
(23, '', 'Congratulations\'mst. Sumaiya Khatun Shoshi\', You are passed id \'202006072\' and position \'1st\'. visit  for details http://smmplsc.edu.bd/admission/student/result', '01714232487', NULL, 'After Admission SMS', NULL, 1, '2019-12-29 23:39:22', '2019-12-29 23:39:22'),
(24, '', 'Congratulations\'Md. Aminul Karim\', You are passed id \'202006022\' and position \'2nd\'. visit  for details http://smmplsc.edu.bd/admission/student/result', '01720245622', NULL, 'After Admission SMS', NULL, 1, '2019-12-29 23:39:22', '2019-12-29 23:39:22'),
(25, '', 'Congratulations\'MD. ABDUR ROB RAFI\', You are passed id \'202006061\' and position \'3rd\'. visit  for details http://smmplsc.edu.bd/admission/student/result', '01715772676', NULL, 'After Admission SMS', NULL, 1, '2019-12-29 23:39:23', '2019-12-29 23:39:23'),
(26, '', 'Congratulations\'JETHRO BAIDYA\', You are passed id \'202006053\' and position \'4th\'. visit  for details http://smmplsc.edu.bd/admission/student/result', '01714961094', NULL, 'After Admission SMS', NULL, 1, '2019-12-29 23:39:24', '2019-12-29 23:39:24'),
(27, '', 'Congratulations\'Md. Tamim Ikbal\', You are passed id \'202006089\' and position \'5th\'. visit  for details http://smmplsc.edu.bd/admission/student/result', '01721569318', NULL, 'After Admission SMS', NULL, 1, '2019-12-29 23:39:24', '2019-12-29 23:39:24'),
(28, '', 'Congratulations\'Md. Sazedur Rahman\', You are passed id \'202006042\' and position \'6th\'. visit  for details http://smmplsc.edu.bd/admission/student/result', '01709451055', NULL, 'After Admission SMS', NULL, 1, '2019-12-29 23:39:25', '2019-12-29 23:39:25'),
(29, '', 'Congratulations\'Md. Foridul Islam Surat\', You are passed id \'202006052\' and position \'7th\'. visit  for details http://smmplsc.edu.bd/admission/student/result', '01919264531', NULL, 'After Admission SMS', NULL, 1, '2019-12-29 23:39:25', '2019-12-29 23:39:25'),
(30, '', 'Congratulations\'Md. Mahamudur Rahman\', You are passed id \'202006038\' and position \'8th\'. visit  for details http://smmplsc.edu.bd/admission/student/result', '01521419319', NULL, 'After Admission SMS', NULL, 1, '2019-12-29 23:39:26', '2019-12-29 23:39:26'),
(31, '', 'Congratulations\'ABDULLA AL MASRAFE\', You are passed id \'202006081\' and position \'9th\'. visit  for details http://smmplsc.edu.bd/admission/student/result', '01726192222', NULL, 'After Admission SMS', NULL, 1, '2019-12-29 23:39:27', '2019-12-29 23:39:27'),
(32, '', 'Congratulations\'Sibgatulla Onkon\', You are passed id \'202006058\' and position \'10th\'. visit  for details http://smmplsc.edu.bd/admission/student/result', '01712648605', NULL, 'After Admission SMS', NULL, 1, '2019-12-29 23:39:27', '2019-12-29 23:39:27'),
(33, '', 'Congratulations\'Hitoyshi Kadir\', You are passed id \'202006075\' and position \'11th\'. visit  for details http://smmplsc.edu.bd/admission/student/result', '01711376886', NULL, 'After Admission SMS', NULL, 1, '2019-12-29 23:39:28', '2019-12-29 23:39:28'),
(34, '', 'Congratulations\'Md. Salman Kolim Khan\', You are passed id \'202006077\' and position \'12th\'. visit  for details http://smmplsc.edu.bd/admission/student/result', '01716334492', NULL, 'After Admission SMS', NULL, 1, '2019-12-29 23:39:28', '2019-12-29 23:39:28'),
(35, '', 'Congratulations\'Md. Shihab Hossain\', You are passed id \'202006033\' and position \'13th\'. visit  for details http://smmplsc.edu.bd/admission/student/result', '01727514480', NULL, 'After Admission SMS', NULL, 1, '2019-12-29 23:39:29', '2019-12-29 23:39:29'),
(36, '', 'Congratulations\'Srabon Kumar Ray\', You are passed id \'202006021\' and position \'14th\'. visit  for details http://smmplsc.edu.bd/admission/student/result', '01729537524', NULL, 'After Admission SMS', NULL, 1, '2019-12-29 23:39:30', '2019-12-29 23:39:30'),
(37, '', 'Congratulations\'Md. Jarif Al Sami\', You are passed id \'202006039\' and position \'15th\'. visit  for details http://smmplsc.edu.bd/admission/student/result', '01913367518', NULL, 'After Admission SMS', NULL, 1, '2019-12-29 23:39:30', '2019-12-29 23:39:30'),
(38, '', 'Congratulations\'Salman Sadat Saad\', You are passed id \'202006064\' and position \'16th\'. visit  for details http://smmplsc.edu.bd/admission/student/result', '01744707064', NULL, 'After Admission SMS', NULL, 1, '2019-12-29 23:39:31', '2019-12-29 23:39:31'),
(39, '', 'Congratulations\'Md. Tanvir Islam\', You are passed id \'202006020\' and position \'17th\'. visit  for details http://smmplsc.edu.bd/admission/student/result', '01740994386', NULL, 'After Admission SMS', NULL, 1, '2019-12-29 23:39:31', '2019-12-29 23:39:31'),
(40, '', 'Congratulations\'Md. Arafat Hossain\', You are passed id \'202006083\' and position \'18th\'. visit  for details http://smmplsc.edu.bd/admission/student/result', '0131755594', NULL, 'After Admission SMS', NULL, 1, '2019-12-29 23:39:32', '2019-12-29 23:39:32'),
(41, '', 'Congratulations\'Md. Nasim Babu\', You are passed id \'202006012\' and position \'19th\'. visit  for details http://smmplsc.edu.bd/admission/student/result', '01753521730', NULL, 'After Admission SMS', NULL, 1, '2019-12-29 23:39:32', '2019-12-29 23:39:32'),
(42, '', 'Congratulations\'Md. Ibrahim Hossen (Saad)\', You are passed id \'202006029\' and position \'20th\'. visit  for details http://smmplsc.edu.bd/admission/student/result', '01724442424', NULL, 'After Admission SMS', NULL, 1, '2019-12-29 23:39:33', '2019-12-29 23:39:33'),
(43, '', 'Congratulations\'Mst. Mahe Jannat\', You are passed id \'202006015\' and position \'21th\'. visit  for details http://smmplsc.edu.bd/admission/student/result', '01787535738', NULL, 'After Admission SMS', NULL, 1, '2019-12-29 23:39:34', '2019-12-29 23:39:34'),
(44, '', 'Congratulations\'Md. Abu Sayem\', You are passed id \'202006082\' and position \'22th\'. visit  for details http://smmplsc.edu.bd/admission/student/result', '01715519732', NULL, 'After Admission SMS', NULL, 1, '2019-12-29 23:39:34', '2019-12-29 23:39:34'),
(45, '', 'Congratulations\'MD. FAHIM ANJUM\', You are passed id \'202006065\' and position \'23th\'. visit  for details http://smmplsc.edu.bd/admission/student/result', '01725737530', NULL, 'After Admission SMS', NULL, 1, '2019-12-29 23:39:35', '2019-12-29 23:39:35'),
(46, '', 'Congratulations\'MD. MESBAUL HAQUE TUSHAR\', You are passed id \'202006036\' and position \'24th\'. visit  for details http://smmplsc.edu.bd/admission/student/result', '01770115240', NULL, 'After Admission SMS', NULL, 1, '2019-12-29 23:39:35', '2019-12-29 23:39:35'),
(47, '', 'Congratulations\'Kumari Urmila Rani (Sneha)\', You are passed id \'202006047\' and position \'25th\'. visit  for details http://smmplsc.edu.bd/admission/student/result', '01732653926', NULL, 'After Admission SMS', NULL, 1, '2019-12-29 23:39:36', '2019-12-29 23:39:36'),
(48, '', 'Congratulations\'Mst. Sadia Sultana Zitu\', You are passed id \'202006030\' and position \'26th\'. visit  for details http://smmplsc.edu.bd/admission/student/result', '01753228708', NULL, 'After Admission SMS', NULL, 1, '2019-12-29 23:39:36', '2019-12-29 23:39:36'),
(49, '', 'Congratulations\'Md. Abdullah Al Nahin\', You are passed id \'202006007\' and position \'27th\'. visit  for details http://smmplsc.edu.bd/admission/student/result', '01773555031', NULL, 'After Admission SMS', NULL, 1, '2019-12-29 23:39:37', '2019-12-29 23:39:37'),
(50, '', 'Congratulations\'FOYSAL MAHAMUD RIDOY\', You are passed id \'202006044\' and position \'28th\'. visit  for details http://smmplsc.edu.bd/admission/student/result', '01721462336', NULL, 'After Admission SMS', NULL, 1, '2019-12-29 23:39:38', '2019-12-29 23:39:38'),
(51, '', 'Congratulations\'Md. Ridoy Hossain Eidul\', You are passed id \'202006010\' and position \'29th\'. visit  for details http://smmplsc.edu.bd/admission/student/result', '01942485250', NULL, 'After Admission SMS', NULL, 1, '2019-12-29 23:39:38', '2019-12-29 23:39:38'),
(52, '', 'Congratulations\'SAYED MUBASSIR SOUTH\', You are passed id \'202006066\' and position \'30th\'. visit  for details http://smmplsc.edu.bd/admission/student/result', '01959063802', NULL, 'After Admission SMS', NULL, 1, '2019-12-29 23:39:39', '2019-12-29 23:39:39'),
(53, '', 'Congratulations\'Mohammad Tamim Ikbal\', You are passed id \'202006088\' and position \'31th\'. visit  for details http://smmplsc.edu.bd/admission/student/result', '01716150819', NULL, 'After Admission SMS', NULL, 1, '2019-12-29 23:39:40', '2019-12-29 23:39:40'),
(54, '', 'Congratulations\'Md. Anan Hossen Setu\', You are passed id \'202006079\' and position \'32th\'. visit  for details http://smmplsc.edu.bd/admission/student/result', '01709001465', NULL, 'After Admission SMS', NULL, 1, '2019-12-29 23:39:41', '2019-12-29 23:39:41'),
(55, '', 'Congratulations\'Md. Rafiad Alam\', You are passed id \'202006062\' and position \'33th\'. visit  for details http://smmplsc.edu.bd/admission/student/result', '01796218492', NULL, 'After Admission SMS', NULL, 1, '2019-12-29 23:39:41', '2019-12-29 23:39:41'),
(56, '', 'Congratulations\'Md. Sifat\', You are passed id \'202006026\' and position \'34th\'. visit  for details http://smmplsc.edu.bd/admission/student/result', '01738181069', NULL, 'After Admission SMS', NULL, 1, '2019-12-29 23:39:43', '2019-12-29 23:39:43'),
(57, '', 'Congratulations\'MD ABID HASAN\', You are passed id \'202006023\' and position \'35th\'. visit  for details http://smmplsc.edu.bd/admission/student/result', '01767414244', NULL, 'After Admission SMS', NULL, 1, '2019-12-29 23:39:43', '2019-12-29 23:39:43'),
(58, '', 'Congratulations\'Tanvir Ahmmed Tamim\', You are passed id \'202006056\' and position \'36th\'. visit  for details http://smmplsc.edu.bd/admission/student/result', '01722778168', NULL, 'After Admission SMS', NULL, 1, '2019-12-29 23:39:45', '2019-12-29 23:39:45'),
(59, '', 'Congratulations\'MD. WASIK HASAN NIHAL\', You are passed id \'202006069\' and position \'37th\'. visit  for details http://smmplsc.edu.bd/admission/student/result', '01772521385', NULL, 'After Admission SMS', NULL, 1, '2019-12-29 23:39:45', '2019-12-29 23:39:45'),
(60, '', 'Congratulations\'Lingkon Kumar Talukder\', You are passed id \'202006057\' and position \'38th\'. visit  for details http://smmplsc.edu.bd/admission/student/result', '01768910871', NULL, 'After Admission SMS', NULL, 1, '2019-12-29 23:39:46', '2019-12-29 23:39:46'),
(61, '', 'Congratulations\'Md. Sakib Al Hasan Surjo\', You are passed id \'202006041\' and position \'39th\'. visit  for details http://smmplsc.edu.bd/admission/student/result', '01720192653', NULL, 'After Admission SMS', NULL, 1, '2019-12-29 23:39:46', '2019-12-29 23:39:46'),
(62, '', 'Congratulations\'ADIB MAHMUD\', You are passed id \'202006068\' and position \'40th\'. visit  for details http://smmplsc.edu.bd/admission/student/result', '01920721135', NULL, 'After Admission SMS', NULL, 1, '2019-12-29 23:39:47', '2019-12-29 23:39:47'),
(63, '', 'Congratulations\'Md. Tasbir Ahmmed Bappi\', You are passed id \'202006005\' and position \'41th\'. visit  for details http://smmplsc.edu.bd/admission/student/result', '01716902441', NULL, 'After Admission SMS', NULL, 1, '2019-12-29 23:39:48', '2019-12-29 23:39:48'),
(64, '', 'Congratulations\'Md. Shoriful Islam Sagor\', You are passed id \'202006001\' and position \'42th\'. visit  for details http://smmplsc.edu.bd/admission/student/result', '01767689885', NULL, 'After Admission SMS', NULL, 1, '2019-12-29 23:39:48', '2019-12-29 23:39:48'),
(65, '', 'Congratulations\'MD RAFI BIN AZIZ\', You are passed id \'202006070\' and position \'44th\'. visit  for details http://smmplsc.edu.bd/admission/student/result', '0171862553', NULL, 'After Admission SMS', NULL, 1, '2019-12-29 23:39:49', '2019-12-29 23:39:49'),
(66, '', 'Congratulations\'Md. Siamul Islam\', You are passed id \'202006063\' and position \'46th\'. visit  for details http://smmplsc.edu.bd/admission/student/result', '01734609820', NULL, 'After Admission SMS', NULL, 1, '2019-12-29 23:39:49', '2019-12-29 23:39:49'),
(67, '', 'Congratulations\'Md. Mahim Hossain\', You are passed id \'202006017\' and position \'48th\'. visit  for details http://smmplsc.edu.bd/admission/student/result', '01707533153', NULL, 'After Admission SMS', NULL, 1, '2019-12-29 23:39:50', '2019-12-29 23:39:50'),
(68, '', 'Congratulations\'Md. Mahi Bin Rashid\', You are passed id \'202006076\' and position \'53th\'. visit  for details http://smmplsc.edu.bd/admission/student/result', '01706030029', NULL, 'After Admission SMS', NULL, 1, '2019-12-29 23:39:50', '2019-12-29 23:39:50'),
(69, '', 'Congratulations\'MD. RAKIBUL HASAN SHAKIB\', You are passed id \'202006067\' and position \'54th\'. visit  for details http://smmplsc.edu.bd/admission/student/result', '01723153466', NULL, 'After Admission SMS', NULL, 1, '2019-12-29 23:39:51', '2019-12-29 23:39:51'),
(70, 'Class 1', 'Congratulations\'Mst. Tahrima Khatun Toma\', You are passed id \'202001005\' and position \'1st\'. visit  for details http://smmplsc.edu.bd/admission/student/result', '8801515228613', NULL, 'After 2nd Time Admission SMS', '<?xml version=\'1.0\' encoding=\'ISO-8859-1\' ?><REPLY><PARAMETER>OK</PARAMETER><LOGIN>SUCCESSFULL</LOGIN><PUSHAPI>ACTIVE</PUSHAPI><STAKEHOLDERID>OK</STAKEHOLDERID><PERMITTED>OK</PERMITTED><SMSINFO><MSISDN>8801515228613</MSISDN><SMSTEXT>Congratulations%27Mst.+Tahrima+Khatun+Toma%27%2C+You+are+passed+id+%27202001005%27+and+position+%271st%27.+visit++for+details+http%3A%2F%2Fsmmplsc.edu.bd%2Fadmission%2Fstudent%2Fresult</SMSTEXT><CSMSID>1578743202</CSMSID><REFERENCEID>202001111746471078228613</REFERENCEID></SMSINFO></REPLY>', 1, '2020-01-11 23:46:43', '2020-01-11 23:46:43');

-- --------------------------------------------------------

--
-- Table structure for table `sociallinks`
--

DROP TABLE IF EXISTS `sociallinks`;
CREATE TABLE IF NOT EXISTS `sociallinks` (
  `id` bigint UNSIGNED NOT NULL AUTO_INCREMENT,
  `title` varchar(191) CHARACTER SET utf8 COLLATE utf8_unicode_ci NOT NULL,
  `link` varchar(191) CHARACTER SET utf8 COLLATE utf8_unicode_ci NOT NULL,
  `logo` varchar(191) CHARACTER SET utf8 COLLATE utf8_unicode_ci DEFAULT NULL,
  `active` tinyint(1) NOT NULL DEFAULT '0',
  `created_by` int UNSIGNED DEFAULT NULL,
  `updated_by` int UNSIGNED DEFAULT NULL,
  `created_at` timestamp NULL DEFAULT NULL,
  `updated_at` timestamp NULL DEFAULT NULL,
  PRIMARY KEY (`id`)
) ENGINE=InnoDB AUTO_INCREMENT=3 DEFAULT CHARSET=utf8 COLLATE=utf8_unicode_ci;

--
-- Dumping data for table `sociallinks`
--

INSERT INTO `sociallinks` (`id`, `title`, `link`, `logo`, `active`, `created_by`, `updated_by`, `created_at`, `updated_at`) VALUES
(1, 'Facebook', 'https://www.facebook.com', NULL, 1, NULL, NULL, '2019-09-17 21:26:32', '2019-09-24 08:57:58'),
(2, 'Twitter', 'https://twitter.com', NULL, 1, NULL, NULL, '2019-09-17 21:27:21', '2019-09-17 21:27:32');

-- --------------------------------------------------------

--
-- Table structure for table `speeches`
--

DROP TABLE IF EXISTS `speeches`;
CREATE TABLE IF NOT EXISTS `speeches` (
  `id` bigint UNSIGNED NOT NULL AUTO_INCREMENT,
  `name` varchar(191) CHARACTER SET utf8 COLLATE utf8_unicode_ci NOT NULL,
  `designation` varchar(191) CHARACTER SET utf8 COLLATE utf8_unicode_ci NOT NULL,
  `sortSpeech` longtext CHARACTER SET utf8 COLLATE utf8_unicode_ci NOT NULL,
  `speech` longtext CHARACTER SET utf8 COLLATE utf8_unicode_ci NOT NULL,
  `files` varchar(191) CHARACTER SET utf8 COLLATE utf8_unicode_ci NOT NULL,
  `created_by` int UNSIGNED DEFAULT NULL,
  `updated_by` int UNSIGNED DEFAULT NULL,
  `created_at` timestamp NULL DEFAULT NULL,
  `updated_at` timestamp NULL DEFAULT NULL,
  PRIMARY KEY (`id`)
) ENGINE=InnoDB AUTO_INCREMENT=4 DEFAULT CHARSET=utf8 COLLATE=utf8_unicode_ci;

--
-- Dumping data for table `speeches`
--

INSERT INTO `speeches` (`id`, `name`, `designation`, `sortSpeech`, `speech`, `files`, `created_by`, `updated_by`, `created_at`, `updated_at`) VALUES
(1, 'প্রশান্ত কুমার চৌধুরী', 'প্রধান শিক্ষক', 'প্রধান শিক্ষকের বাণী', '<p>চট্টগ্রামের খান বাহাদুর আব্দুল আজিজ রোডে মামুন মাহমুদ ১৯২৮ সালের ১৭ নভেম্বর জন্মগ্রহণ করেন । পিতা ডা. ওয়াহিদ উদ্দীন মাহমুদ এবং মাতা বেগম শামসুন্নাহার মাহমুদ । তাঁর জন্মলগ্নে কবি নজরুল তাঁকে &ldquo;শিশু যাদুকর&rdquo; কবিতা দিয়ে আশীর্বাদ করেছিলেন । মামুন মাহমুদ ১৯৪৩ সালে কলকাতা বালিগঞ্জ গভর্ণমেন্ট হাইস্কুল থেকে প্রবেশিকা, ১৯৪৫ সালে কলকাতা প্রেসিডেন্সী কলেজ থেকে আই.এ, ১৯৪৭ সালে আলীগড় বিশ্ববিদ্যালয় থেকে বি.এ এবং ১৯৪৯ সালে ঢাকা বিশ্ববিদ্যালয় থেকে আন্তর্জাতিক সম্পর্ক বিষয়ে এম.এ পাস করেন । বিশ্ববিদ্যালয় থেকে বেরিয়ে সেন্ট্রাল সুপিরিয়র সার্ভিসে পরীক্ষা দিয়ে&nbsp; পুলিশ সার্ভিস লাভ করেন । ১৯৫২ সালের ফেব্রুয়ারি মাসে পুলিশ প্রশাসনে যোগদান করে ১৯৫৬ সালের ২৬ ডিসেম্বর পুলিশ সুপার পদে পদোন্নতি পান । তিনি সাড়ে পাঁচ বছর বয়সে রবীন্দ্রনাথ ঠাকুরকে চিঠি লিখেছিলেন ।<br />উল্লেখ্য,বিশ্ব কবি রবীন্দ্রনাথ ঠাকুর তাঁর চিঠির জবাবও পাঠিয়েছিলেন । তাঁর সেই চিঠি রবীন্দ্রনাথের মৃত্যু বছর ১৯৪১ সালে &ldquo;সওগাত&rdquo; পত্রিকায় প্রকাশিত হয় । তিনি &ldquo;ডিটেকটিভ&rdquo; পত্রিকার সম্পাদক ছিলেন । ঢাকা বিশ্ববিদ্যালয়ে ভর্তি হয়ে তিনি নাট্যাভিনয়,খেলাধুলা ও ছাত্র আন্দোলনে সক্রিয় অংশগ্রহণ করেন । ফজলুল হক হল ফুটবল টীমে খেলা ছাড়াও তিনি ওয়ারী ক্লাব ও পুলিশ দলের পক্ষে খেলেছেন । ক্রীড়া সংগঠক হিসেবেও তিনি ছিলেন সুপরিচিত । ১৯৫৪ সালে তিনি কে.সি.সি প্রতিষ্ঠা করেন । তিনি তদানীন্তন পাকিস্তান ফুটবল ফেডারেশন রেফারিজ বোর্ডের চেয়ারম্যান ছিলেন । ১৯৪৮ সালের ভাষা আন্দোলনের প্রথম পর্যায়ে তিনি মিছিলের পুরোভাগে থাকার সময় পুলিশের লাঠির আঘাতে গুরুতরভাবে আহত হন । স্বাধীনতাকামী এই মহান ব্যক্তিত্ব ১৯৬২ সাল থেকেই পাকিস্তান কর্তৃপক্ষের বিরাগভাজন হন । ১৯৬৯ সালের ১ নভেম্বরে ঢাকায় পুলিশ সুপার হিসেবে কর্মরত থাকা অবস্থায় মিরপুরে বিহারী কর্তৃক আঘাতপ্রাপ্ত হন এবং পাক বাহিনীর নজরে আসেন । ১৯৭১ সালে ৩ মার্চ রাজশাহীতে পাকিস্তানি সৈন্যরা কয়েকজন বাঙ্গালিকে গুলি করে হত্যা করলে তিনি ডি.আই.জি হয়েও প্রতিবাদ স্বরূপ তাঁর সরকারি বাসভবনে কালো পতাকা উত্তোলন করেন । ১৯৭১ এর ২৫ মার্চ ভয়াবহ কিছু ঘটতে পারে অনুমান করেই তিনি পুলিশ বাহিনীকে সতর্ক রেখেছিলেন । তিনি স্থানীয় রাজনৈতিক নেতাদের কাছে পাকিস্তানি সেনাবাহিনী মোকাবেলা করার জন্য দশ হাজার স্বেচ্ছাসেবক চেয়েছিলেন । ১৯৭১ সালের ২৬ মার্চ সন্ধ্যা সাতটায় রংপুর থেকে ব্রিহেডিয়ার আব্দুল্লাহ্ ওয়ারলেসে তাঁর সাথে কথা বলতে চায়- এই বলে দেশপ্রেমে উজ্জীবিত মহান মানুসটিকে বাসা থেকে ডেকে নিয়ে যাওয়া হয় । প্রাণপ্রিয় স্ত্রী মোশফেকা মাহমুদ,মেয়ে ডা. যেবা মাহমুদ ও ছেলে জাভেদ মাহমুদকে রেখে সেইযে হায়েনাদের ডাকে গিয়েছিলেন তারপর তিনি আর ফিরে আসেন নি । সেটাই তাঁর শেষ যাত্রা । তাঁরপর তাঁর আর কোন খোঁজ পাওয়া যায়নি । মৃত্যু বা নিখোঁজ হওয়ার তারিখ ২৬ মার্চ,১৯৭১ । উল্লেখ্য, ২৬ মার্চই ছিলো তাঁর সতেরোতম বিবাহ বার্ষিকী ।<br />এই স্বনামধন্য শিক্ষা প্রতিষ্ঠানটি ১৯৫৯ খ্রিস্টাব্দে শুধুমাত্র প্রাথমিক শাখা নিয়ে &ldquo; রাজশাহী পুলিশ লাইন স্কুল&rdquo; নামে প্রতিষ্ঠিত হয় । মহান মুক্তিযুদ্ধে দেশপ্রেমিক ও বীরযোদ্ধা শহীদ মামুন মাহমুদ- এর আত&oelig;ত্যাগ স্বীকৃতিস্বরূপ বর্তমানে &ldquo;শহীদ মামুন মাহমুদ পুলিশ লাইনস স্কুল এ্যান্ড কলেজ&rdquo; রাজশাহী নামকরণ করা হয় । এই মহান ব্যক্তিত্ব আজ আর আমাদের মাঝে বেঁচে নেই । কিন্তু দেশ মাতৃকার স্বাধীনতার জন্য তাঁর যে আত&oelig;ত্যাগ তা আমরা কোনদিন ভুলবোনা । তাঁর এই আত&oelig;ত্যাগের স্বীকৃতিস্বরূপ গনপ্রজাতন্ত্রী বাংলাদেশ সরকার ২০১৫ সালে তাঁকে মহান স্বধীনতা পদকে ভূষিত করেন । জাতীয় জীবনে তাঁর অনন্য অবদানের কথা ইতিহাসের পাতায় স্বর্ণাক্ষরে লেখা থাকবে । সেই সঙ্গে তাঁর নামে প্রতিষ্ঠিত এই বিদ্যাপীটি যুগ যুগ ধরে আমাদের মনে জাগিয়ে দেবে তাঁর প্রতি অকুন্ঠ শ্রদ্ধা ও ভালোবাসা ।</p><p>&nbsp;&nbsp;&nbsp;&nbsp;&nbsp; গ্রন্থনা<br />প্রশান্ত কুমার চৌধুরী<br />&nbsp; &nbsp; &nbsp;প্রধান শিক্ষক</p>', 'প্রশান্ত কুমার চৌধুরী.jpg', NULL, 1, '2019-09-14 00:16:37', '2020-12-15 09:22:48'),
(2, 'প্রশান্ত কুমার চৌধুরী', 'প্রধান শিক্ষক', 'প্রধান শিক্ষকের বাণী', '<p>চট্টগ্রামের খান বাহাদুর আব্দুল আজিজ রোডে মামুন মাহমুদ ১৯২৮ সালের ১৭ নভেম্বর জন্মগ্রহণ করেন । পিতা ডা. ওয়াহিদ উদ্দীন মাহমুদ এবং মাতা বেগম শামসুন্নাহার মাহমুদ । তাঁর জন্মলগ্নে কবি নজরুল তাঁকে &ldquo;শিশু যাদুকর&rdquo; কবিতা দিয়ে আশীর্বাদ করেছিলেন । মামুন মাহমুদ ১৯৪৩ সালে কলকাতা বালিগঞ্জ গভর্ণমেন্ট হাইস্কুল থেকে প্রবেশিকা, ১৯৪৫ সালে কলকাতা প্রেসিডেন্সী কলেজ থেকে আই.এ, ১৯৪৭ সালে আলীগড় বিশ্ববিদ্যালয় থেকে বি.এ এবং ১৯৪৯ সালে ঢাকা বিশ্ববিদ্যালয় থেকে আন্তর্জাতিক সম্পর্ক বিষয়ে এম.এ পাস করেন । বিশ্ববিদ্যালয় থেকে বেরিয়ে সেন্ট্রাল সুপিরিয়র সার্ভিসে পরীক্ষা দিয়ে&nbsp; পুলিশ সার্ভিস লাভ করেন । ১৯৫২ সালের ফেব্রুয়ারি মাসে পুলিশ প্রশাসনে যোগদান করে ১৯৫৬ সালের ২৬ ডিসেম্বর পুলিশ সুপার পদে পদোন্নতি পান । তিনি সাড়ে পাঁচ বছর বয়সে রবীন্দ্রনাথ ঠাকুরকে চিঠি লিখেছিলেন ।<br />উল্লেখ্য,বিশ্ব কবি রবীন্দ্রনাথ ঠাকুর তাঁর চিঠির জবাবও পাঠিয়েছিলেন । তাঁর সেই চিঠি রবীন্দ্রনাথের মৃত্যু বছর ১৯৪১ সালে &ldquo;সওগাত&rdquo; পত্রিকায় প্রকাশিত হয় । তিনি &ldquo;ডিটেকটিভ&rdquo; পত্রিকার সম্পাদক ছিলেন । ঢাকা বিশ্ববিদ্যালয়ে ভর্তি হয়ে তিনি নাট্যাভিনয়,খেলাধুলা ও ছাত্র আন্দোলনে সক্রিয় অংশগ্রহণ করেন । ফজলুল হক হল ফুটবল টীমে খেলা ছাড়াও তিনি ওয়ারী ক্লাব ও পুলিশ দলের পক্ষে খেলেছেন । ক্রীড়া সংগঠক হিসেবেও তিনি ছিলেন সুপরিচিত । ১৯৫৪ সালে তিনি কে.সি.সি প্রতিষ্ঠা করেন । তিনি তদানীন্তন পাকিস্তান ফুটবল ফেডারেশন রেফারিজ বোর্ডের চেয়ারম্যান ছিলেন । ১৯৪৮ সালের ভাষা আন্দোলনের প্রথম পর্যায়ে তিনি মিছিলের পুরোভাগে থাকার সময় পুলিশের লাঠির আঘাতে গুরুতরভাবে আহত হন । স্বাধীনতাকামী এই মহান ব্যক্তিত্ব ১৯৬২ সাল থেকেই পাকিস্তান কর্তৃপক্ষের বিরাগভাজন হন । ১৯৬৯ সালের ১ নভেম্বরে ঢাকায় পুলিশ সুপার হিসেবে কর্মরত থাকা অবস্থায় মিরপুরে বিহারী কর্তৃক আঘাতপ্রাপ্ত হন এবং পাক বাহিনীর নজরে আসেন । ১৯৭১ সালে ৩ মার্চ রাজশাহীতে পাকিস্তানি সৈন্যরা কয়েকজন বাঙ্গালিকে গুলি করে হত্যা করলে তিনি ডি.আই.জি হয়েও প্রতিবাদ স্বরূপ তাঁর সরকারি বাসভবনে কালো পতাকা উত্তোলন করেন । ১৯৭১ এর ২৫ মার্চ ভয়াবহ কিছু ঘটতে পারে অনুমান করেই তিনি পুলিশ বাহিনীকে সতর্ক রেখেছিলেন । তিনি স্থানীয় রাজনৈতিক নেতাদের কাছে পাকিস্তানি সেনাবাহিনী মোকাবেলা করার জন্য দশ হাজার স্বেচ্ছাসেবক চেয়েছিলেন । ১৯৭১ সালের ২৬ মার্চ সন্ধ্যা সাতটায় রংপুর থেকে ব্রিহেডিয়ার আব্দুল্লাহ্ ওয়ারলেসে তাঁর সাথে কথা বলতে চায়- এই বলে দেশপ্রেমে উজ্জীবিত মহান মানুসটিকে বাসা থেকে ডেকে নিয়ে যাওয়া হয় । প্রাণপ্রিয় স্ত্রী মোশফেকা মাহমুদ,মেয়ে ডা. যেবা মাহমুদ ও ছেলে জাভেদ মাহমুদকে রেখে সেইযে হায়েনাদের ডাকে গিয়েছিলেন তারপর তিনি আর ফিরে আসেন নি । সেটাই তাঁর শেষ যাত্রা । তাঁরপর তাঁর আর কোন খোঁজ পাওয়া যায়নি । মৃত্যু বা নিখোঁজ হওয়ার তারিখ ২৬ মার্চ,১৯৭১ । উল্লেখ্য, ২৬ মার্চই ছিলো তাঁর সতেরোতম বিবাহ বার্ষিকী ।<br />এই স্বনামধন্য শিক্ষা প্রতিষ্ঠানটি ১৯৫৯ খ্রিস্টাব্দে শুধুমাত্র প্রাথমিক শাখা নিয়ে &ldquo; রাজশাহী পুলিশ লাইন স্কুল&rdquo; নামে প্রতিষ্ঠিত হয় । মহান মুক্তিযুদ্ধে দেশপ্রেমিক ও বীরযোদ্ধা শহীদ মামুন মাহমুদ- এর আত&oelig;ত্যাগ স্বীকৃতিস্বরূপ বর্তমানে &ldquo;শহীদ মামুন মাহমুদ পুলিশ লাইনস স্কুল এ্যান্ড কলেজ&rdquo; রাজশাহী নামকরণ করা হয় । এই মহান ব্যক্তিত্ব আজ আর আমাদের মাঝে বেঁচে নেই । কিন্তু দেশ মাতৃকার স্বাধীনতার জন্য তাঁর যে আত&oelig;ত্যাগ তা আমরা কোনদিন ভুলবোনা । তাঁর এই আত&oelig;ত্যাগের স্বীকৃতিস্বরূপ গনপ্রজাতন্ত্রী বাংলাদেশ সরকার ২০১৫ সালে তাঁকে মহান স্বধীনতা পদকে ভূষিত করেন । জাতীয় জীবনে তাঁর অনন্য অবদানের কথা ইতিহাসের পাতায় স্বর্ণাক্ষরে লেখা থাকবে । সেই সঙ্গে তাঁর নামে প্রতিষ্ঠিত এই বিদ্যাপীটি যুগ যুগ ধরে আমাদের মনে জাগিয়ে দেবে তাঁর প্রতি অকুন্ঠ শ্রদ্ধা ও ভালোবাসা ।</p><p>&nbsp;&nbsp;&nbsp;&nbsp;&nbsp; গ্রন্থনা<br />মো: গোলাম মাওলা<br />&nbsp;&nbsp;&nbsp;&nbsp; অধ্যক্ষ</p>', 'প্রশান্ত কুমার চৌধুরী.jpg', NULL, 1, '2019-10-02 09:32:12', '2020-12-15 09:23:02'),
(3, '', 'বাণী', 'বাণী', '<p>চট্টগ্রামের খান বাহাদুর আব্দুল আজিজ রোডে মামুন মাহমুদ ১৯২৮ সালের ১৭ নভেম্বর জন্মগ্রহণ করেন । পিতা ডা. ওয়াহিদ উদ্দীন মাহমুদ এবং মাতা বেগম শামসুন্নাহার মাহমুদ । তাঁর জন্মলগ্নে কবি নজরুল তাঁকে &ldquo;শিশু যাদুকর&rdquo; কবিতা দিয়ে আশীর্বাদ করেছিলেন । মামুন মাহমুদ ১৯৪৩ সালে কলকাতা বালিগঞ্জ গভর্ণমেন্ট হাইস্কুল থেকে প্রবেশিকা, ১৯৪৫ সালে কলকাতা প্রেসিডেন্সী কলেজ থেকে আই.এ, ১৯৪৭ সালে আলীগড় বিশ্ববিদ্যালয় থেকে বি.এ এবং ১৯৪৯ সালে ঢাকা বিশ্ববিদ্যালয় থেকে আন্তর্জাতিক সম্পর্ক বিষয়ে এম.এ পাস করেন । বিশ্ববিদ্যালয় থেকে বেরিয়ে সেন্ট্রাল সুপিরিয়র সার্ভিসে পরীক্ষা দিয়ে&nbsp; পুলিশ সার্ভিস লাভ করেন । ১৯৫২ সালের ফেব্রুয়ারি মাসে পুলিশ প্রশাসনে যোগদান করে ১৯৫৬ সালের ২৬ ডিসেম্বর পুলিশ সুপার পদে পদোন্নতি পান । তিনি সাড়ে পাঁচ বছর বয়সে রবীন্দ্রনাথ ঠাকুরকে চিঠি লিখেছিলেন ।<br />উল্লেখ্য,বিশ্ব কবি রবীন্দ্রনাথ ঠাকুর তাঁর চিঠির জবাবও পাঠিয়েছিলেন । তাঁর সেই চিঠি রবীন্দ্রনাথের মৃত্যু বছর ১৯৪১ সালে &ldquo;সওগাত&rdquo; পত্রিকায় প্রকাশিত হয় । তিনি &ldquo;ডিটেকটিভ&rdquo; পত্রিকার সম্পাদক ছিলেন । ঢাকা বিশ্ববিদ্যালয়ে ভর্তি হয়ে তিনি নাট্যাভিনয়,খেলাধুলা ও ছাত্র আন্দোলনে সক্রিয় অংশগ্রহণ করেন । ফজলুল হক হল ফুটবল টীমে খেলা ছাড়াও তিনি ওয়ারী ক্লাব ও পুলিশ দলের পক্ষে খেলেছেন । ক্রীড়া সংগঠক হিসেবেও তিনি ছিলেন সুপরিচিত । ১৯৫৪ সালে তিনি কে.সি.সি প্রতিষ্ঠা করেন । তিনি তদানীন্তন পাকিস্তান ফুটবল ফেডারেশন রেফারিজ বোর্ডের চেয়ারম্যান ছিলেন । ১৯৪৮ সালের ভাষা আন্দোলনের প্রথম পর্যায়ে তিনি মিছিলের পুরোভাগে থাকার সময় পুলিশের লাঠির আঘাতে গুরুতরভাবে আহত হন । স্বাধীনতাকামী এই মহান ব্যক্তিত্ব ১৯৬২ সাল থেকেই পাকিস্তান কর্তৃপক্ষের বিরাগভাজন হন । ১৯৬৯ সালের ১ নভেম্বরে ঢাকায় পুলিশ সুপার হিসেবে কর্মরত থাকা অবস্থায় মিরপুরে বিহারী কর্তৃক আঘাতপ্রাপ্ত হন এবং পাক বাহিনীর নজরে আসেন । ১৯৭১ সালে ৩ মার্চ রাজশাহীতে পাকিস্তানি সৈন্যরা কয়েকজন বাঙ্গালিকে গুলি করে হত্যা করলে তিনি ডি.আই.জি হয়েও প্রতিবাদ স্বরূপ তাঁর সরকারি বাসভবনে কালো পতাকা উত্তোলন করেন । ১৯৭১ এর ২৫ মার্চ ভয়াবহ কিছু ঘটতে পারে অনুমান করেই তিনি পুলিশ বাহিনীকে সতর্ক রেখেছিলেন । তিনি স্থানীয় রাজনৈতিক নেতাদের কাছে পাকিস্তানি সেনাবাহিনী মোকাবেলা করার জন্য দশ হাজার স্বেচ্ছাসেবক চেয়েছিলেন । ১৯৭১ সালের ২৬ মার্চ সন্ধ্যা সাতটায় রংপুর থেকে ব্রিহেডিয়ার আব্দুল্লাহ্ ওয়ারলেসে তাঁর সাথে কথা বলতে চায়- এই বলে দেশপ্রেমে উজ্জীবিত মহান মানুসটিকে বাসা থেকে ডেকে নিয়ে যাওয়া হয় । প্রাণপ্রিয় স্ত্রী মোশফেকা মাহমুদ,মেয়ে ডা. যেবা মাহমুদ ও ছেলে জাভেদ মাহমুদকে রেখে সেইযে হায়েনাদের ডাকে গিয়েছিলেন তারপর তিনি আর ফিরে আসেন নি । সেটাই তাঁর শেষ যাত্রা । তাঁরপর তাঁর আর কোন খোঁজ পাওয়া যায়নি । মৃত্যু বা নিখোঁজ হওয়ার তারিখ ২৬ মার্চ,১৯৭১ । উল্লেখ্য, ২৬ মার্চই ছিলো তাঁর সতেরোতম বিবাহ বার্ষিকী ।<br />এই স্বনামধন্য শিক্ষা প্রতিষ্ঠানটি ১৯৫৯ খ্রিস্টাব্দে শুধুমাত্র প্রাথমিক শাখা নিয়ে &ldquo; রাজশাহী পুলিশ লাইন স্কুল&rdquo; নামে প্রতিষ্ঠিত হয় । মহান মুক্তিযুদ্ধে দেশপ্রেমিক ও বীরযোদ্ধা শহীদ মামুন মাহমুদ- এর আত&oelig;ত্যাগ স্বীকৃতিস্বরূপ বর্তমানে &ldquo;শহীদ মামুন মাহমুদ পুলিশ লাইনস স্কুল এ্যান্ড কলেজ&rdquo; রাজশাহী নামকরণ করা হয় । এই মহান ব্যক্তিত্ব আজ আর আমাদের মাঝে বেঁচে নেই । কিন্তু দেশ মাতৃকার স্বাধীনতার জন্য তাঁর যে আত&oelig;ত্যাগ তা আমরা কোনদিন ভুলবোনা । তাঁর এই আত&oelig;ত্যাগের স্বীকৃতিস্বরূপ গনপ্রজাতন্ত্রী বাংলাদেশ সরকার ২০১৫ সালে তাঁকে মহান স্বধীনতা পদকে ভূষিত করেন । জাতীয় জীবনে তাঁর অনন্য অবদানের কথা ইতিহাসের পাতায় স্বর্ণাক্ষরে লেখা থাকবে । সেই সঙ্গে তাঁর নামে প্রতিষ্ঠিত এই বিদ্যাপীটি যুগ যুগ ধরে আমাদের মনে জাগিয়ে দেবে তাঁর প্রতি অকুন্ঠ শ্রদ্ধা ও ভালোবাসা ।</p><p>&nbsp;&nbsp;&nbsp;&nbsp;&nbsp; গ্রন্থনা<br />মো: গোলাম মাওলা<br />&nbsp;&nbsp;&nbsp;&nbsp; অধ্যক্ষ</p>', 'নাম.png', NULL, NULL, '2019-10-02 09:32:21', '2019-10-02 09:49:23');

-- --------------------------------------------------------

--
-- Table structure for table `student_details`
--

DROP TABLE IF EXISTS `student_details`;
CREATE TABLE IF NOT EXISTS `student_details` (
  `id` bigint UNSIGNED NOT NULL AUTO_INCREMENT,
  `educationType` varchar(35) CHARACTER SET utf8 COLLATE utf8_unicode_ci DEFAULT NULL,
  `name` varchar(191) CHARACTER SET utf8 COLLATE utf8_unicode_ci NOT NULL,
  `birth` varchar(191) CHARACTER SET utf8 COLLATE utf8_unicode_ci NOT NULL,
  `birth_certificate` varchar(191) CHARACTER SET utf8 COLLATE utf8_unicode_ci NOT NULL,
  `gender` varchar(191) CHARACTER SET utf8 COLLATE utf8_unicode_ci NOT NULL,
  `blood` varchar(191) CHARACTER SET utf8 COLLATE utf8_unicode_ci DEFAULT NULL,
  `religion` varchar(191) CHARACTER SET utf8 COLLATE utf8_unicode_ci NOT NULL,
  `nationality` varchar(191) CHARACTER SET utf8 COLLATE utf8_unicode_ci DEFAULT NULL,
  `image` varchar(191) CHARACTER SET utf8 COLLATE utf8_unicode_ci DEFAULT NULL,
  `previousInstretute` varchar(191) CHARACTER SET utf8 COLLATE utf8_unicode_ci DEFAULT NULL,
  `previousRoll` varchar(191) CHARACTER SET utf8 COLLATE utf8_unicode_ci DEFAULT NULL,
  `hasQouta` varchar(1) CHARACTER SET utf8 COLLATE utf8_unicode_ci DEFAULT NULL,
  `qoutaName` varchar(35) CHARACTER SET utf8 COLLATE utf8_unicode_ci DEFAULT NULL,
  `father_name` varchar(191) CHARACTER SET utf8 COLLATE utf8_unicode_ci NOT NULL,
  `father_nid` varchar(191) CHARACTER SET utf8 COLLATE utf8_unicode_ci DEFAULT NULL,
  `father_phone` varchar(191) CHARACTER SET utf8 COLLATE utf8_unicode_ci NOT NULL,
  `father_profession` varchar(191) CHARACTER SET utf8 COLLATE utf8_unicode_ci NOT NULL,
  `father_email` varchar(191) CHARACTER SET utf8 COLLATE utf8_unicode_ci DEFAULT NULL,
  `mother_name` varchar(191) CHARACTER SET utf8 COLLATE utf8_unicode_ci NOT NULL,
  `mother_nid` varchar(191) CHARACTER SET utf8 COLLATE utf8_unicode_ci DEFAULT NULL,
  `mother_phone` varchar(191) CHARACTER SET utf8 COLLATE utf8_unicode_ci DEFAULT NULL,
  `mother_profession` varchar(191) CHARACTER SET utf8 COLLATE utf8_unicode_ci NOT NULL,
  `mother_email` varchar(191) CHARACTER SET utf8 COLLATE utf8_unicode_ci DEFAULT NULL,
  `present_address` varchar(191) CHARACTER SET utf8 COLLATE utf8_unicode_ci NOT NULL,
  `present_village` varchar(191) CHARACTER SET utf8 COLLATE utf8_unicode_ci DEFAULT NULL,
  `present_road` varchar(191) CHARACTER SET utf8 COLLATE utf8_unicode_ci DEFAULT NULL,
  `present_post_office` varchar(191) CHARACTER SET utf8 COLLATE utf8_unicode_ci DEFAULT NULL,
  `present_post_code` varchar(191) CHARACTER SET utf8 COLLATE utf8_unicode_ci DEFAULT NULL,
  `present_thana` varchar(191) CHARACTER SET utf8 COLLATE utf8_unicode_ci DEFAULT NULL,
  `present_district` varchar(191) CHARACTER SET utf8 COLLATE utf8_unicode_ci DEFAULT NULL,
  `same_as_present` tinyint(1) DEFAULT NULL,
  `permananent_address` varchar(191) CHARACTER SET utf8 COLLATE utf8_unicode_ci DEFAULT NULL,
  `permananent_village` varchar(191) CHARACTER SET utf8 COLLATE utf8_unicode_ci DEFAULT NULL,
  `permananent_road` varchar(191) CHARACTER SET utf8 COLLATE utf8_unicode_ci DEFAULT NULL,
  `permananent_post_office` varchar(191) CHARACTER SET utf8 COLLATE utf8_unicode_ci DEFAULT NULL,
  `permananent_post_code` varchar(191) CHARACTER SET utf8 COLLATE utf8_unicode_ci DEFAULT NULL,
  `permananent_thana` varchar(191) CHARACTER SET utf8 COLLATE utf8_unicode_ci DEFAULT NULL,
  `permananent_district` varchar(191) CHARACTER SET utf8 COLLATE utf8_unicode_ci DEFAULT NULL,
  `PrimaryContact` tinyint(1) NOT NULL DEFAULT '0',
  `localGurdian_name` varchar(191) CHARACTER SET utf8 COLLATE utf8_unicode_ci DEFAULT NULL,
  `localGurdian_relation` varchar(191) CHARACTER SET utf8 COLLATE utf8_unicode_ci DEFAULT NULL,
  `localGurdian_phone` varchar(191) CHARACTER SET utf8 COLLATE utf8_unicode_ci DEFAULT NULL,
  `localGurdian_email` varchar(191) CHARACTER SET utf8 COLLATE utf8_unicode_ci DEFAULT NULL,
  `localGurdian_address` varchar(191) CHARACTER SET utf8 COLLATE utf8_unicode_ci DEFAULT NULL,
  `localGurdian_village` varchar(191) CHARACTER SET utf8 COLLATE utf8_unicode_ci DEFAULT NULL,
  `localGurdian_road` varchar(191) CHARACTER SET utf8 COLLATE utf8_unicode_ci DEFAULT NULL,
  `localGurdian_post_office` varchar(191) CHARACTER SET utf8 COLLATE utf8_unicode_ci DEFAULT NULL,
  `localGurdian_postCode` varchar(191) CHARACTER SET utf8 COLLATE utf8_unicode_ci DEFAULT NULL,
  `localGurdian_thana` varchar(191) CHARACTER SET utf8 COLLATE utf8_unicode_ci DEFAULT NULL,
  `localGurdian_district` varchar(191) CHARACTER SET utf8 COLLATE utf8_unicode_ci DEFAULT NULL,
  `paymentamounts_id` bigint UNSIGNED DEFAULT NULL,
  `transactions_id` bigint UNSIGNED DEFAULT NULL,
  `complete` tinyint(1) DEFAULT '0',
  `created_at` timestamp NULL DEFAULT NULL,
  `updated_at` timestamp NULL DEFAULT NULL,
  `deleted_at` varchar(191) CHARACTER SET utf8 COLLATE utf8_unicode_ci DEFAULT NULL,
  PRIMARY KEY (`id`)
) ENGINE=InnoDB AUTO_INCREMENT=2 DEFAULT CHARSET=utf8 COLLATE=utf8_unicode_ci;

--
-- Dumping data for table `student_details`
--

INSERT INTO `student_details` (`id`, `educationType`, `name`, `birth`, `birth_certificate`, `gender`, `blood`, `religion`, `nationality`, `image`, `previousInstretute`, `previousRoll`, `hasQouta`, `qoutaName`, `father_name`, `father_nid`, `father_phone`, `father_profession`, `father_email`, `mother_name`, `mother_nid`, `mother_phone`, `mother_profession`, `mother_email`, `present_address`, `present_village`, `present_road`, `present_post_office`, `present_post_code`, `present_thana`, `present_district`, `same_as_present`, `permananent_address`, `permananent_village`, `permananent_road`, `permananent_post_office`, `permananent_post_code`, `permananent_thana`, `permananent_district`, `PrimaryContact`, `localGurdian_name`, `localGurdian_relation`, `localGurdian_phone`, `localGurdian_email`, `localGurdian_address`, `localGurdian_village`, `localGurdian_road`, `localGurdian_post_office`, `localGurdian_postCode`, `localGurdian_thana`, `localGurdian_district`, `paymentamounts_id`, `transactions_id`, `complete`, `created_at`, `updated_at`, `deleted_at`) VALUES
(1, 'General', 'Jakir Hasan', '12/10/2010', '252500', 'male', 'a(+ve)', 'Islam', NULL, '2020-12-16-16-10-31.png', 'Seroil', '14', '1', 'Freedom Fighter', 'Fahim', '123456', '123456', 'Business', NULL, 'Jamila', '123456', NULL, 'Service Holder', NULL, 'Rajshahi', NULL, NULL, NULL, '6000', '500', '1', 1, NULL, NULL, NULL, NULL, NULL, NULL, NULL, 3, 'Hasib', 'Uncle', '123456', 'hasib@mail.com', 'Rajshahi', NULL, NULL, NULL, '2000', '402', '26', 7, 2, 1, '2020-12-16 10:12:50', '2020-12-16 10:10:34', NULL);

-- --------------------------------------------------------

--
-- Table structure for table `subjects`
--

DROP TABLE IF EXISTS `subjects`;
CREATE TABLE IF NOT EXISTS `subjects` (
  `id` bigint UNSIGNED NOT NULL AUTO_INCREMENT,
  `class_id` bigint UNSIGNED DEFAULT NULL,
  `subject_list_id` bigint UNSIGNED DEFAULT NULL,
  `checkbox` varchar(191) CHARACTER SET utf8 COLLATE utf8_unicode_ci DEFAULT NULL,
  `subject_marks` varchar(191) CHARACTER SET utf8 COLLATE utf8_unicode_ci DEFAULT NULL,
  `subject_pass_marks` varchar(191) CHARACTER SET utf8 COLLATE utf8_unicode_ci DEFAULT NULL,
  `created_by` varchar(191) CHARACTER SET utf8 COLLATE utf8_unicode_ci DEFAULT NULL,
  `updated_by` varchar(191) CHARACTER SET utf8 COLLATE utf8_unicode_ci DEFAULT NULL,
  `deleted_by` varchar(191) CHARACTER SET utf8 COLLATE utf8_unicode_ci DEFAULT NULL,
  `created_at` timestamp NULL DEFAULT NULL,
  `updated_at` timestamp NULL DEFAULT NULL,
  `deleted_at` timestamp NULL DEFAULT NULL,
  PRIMARY KEY (`id`),
  KEY `subjects_class_id_foreign` (`class_id`),
  KEY `subjects_subject_list_id_foreign` (`subject_list_id`)
) ENGINE=InnoDB AUTO_INCREMENT=25 DEFAULT CHARSET=utf8 COLLATE=utf8_unicode_ci;

--
-- Dumping data for table `subjects`
--

INSERT INTO `subjects` (`id`, `class_id`, `subject_list_id`, `checkbox`, `subject_marks`, `subject_pass_marks`, `created_by`, `updated_by`, `deleted_by`, `created_at`, `updated_at`, `deleted_at`) VALUES
(1, 1, 4, 'on', '20', '7', NULL, NULL, NULL, '2019-11-16 22:31:19', '2019-11-16 22:31:19', NULL),
(2, 2, 4, 'on', '20', '7', NULL, NULL, NULL, '2019-11-16 22:31:45', '2019-11-16 22:31:45', NULL),
(3, 3, 4, 'on', '20', '7', NULL, NULL, NULL, '2019-11-16 22:32:02', '2019-11-16 22:32:02', NULL),
(4, 4, 1, 'on', '15', '5', NULL, NULL, NULL, '2019-11-16 22:32:24', '2019-11-16 22:32:24', NULL),
(5, 4, 2, 'on', '15', '5', NULL, NULL, NULL, '2019-11-16 22:32:24', '2019-11-16 22:32:24', NULL),
(6, 4, 3, 'on', '20', '7', NULL, NULL, NULL, '2019-11-16 22:32:24', '2019-11-16 22:32:24', NULL),
(7, 5, 1, 'on', '15', '5', NULL, NULL, NULL, '2019-11-16 22:32:45', '2019-11-16 22:32:45', NULL),
(8, 5, 2, 'on', '15', '5', NULL, NULL, NULL, '2019-11-16 22:32:45', '2019-11-16 22:32:45', NULL),
(9, 5, 3, 'on', '20', '7', NULL, NULL, NULL, '2019-11-16 22:32:45', '2019-11-16 22:32:45', NULL),
(10, 6, 1, 'on', '15', '5', NULL, NULL, NULL, '2019-11-16 22:33:09', '2019-11-16 22:33:09', NULL),
(11, 6, 2, 'on', '15', '5', NULL, NULL, NULL, '2019-11-16 22:33:09', '2019-11-16 22:33:09', NULL),
(12, 6, 3, 'on', '20', '7', NULL, NULL, NULL, '2019-11-16 22:33:09', '2019-11-16 22:33:09', NULL),
(13, 7, 1, 'on', '30', '10', NULL, NULL, NULL, '2019-11-16 22:33:33', '2019-11-16 22:33:33', NULL),
(14, 7, 2, 'on', '30', '10', NULL, NULL, NULL, '2019-11-16 22:33:33', '2019-11-16 22:33:33', NULL),
(15, 7, 3, 'on', '40', '14', NULL, NULL, NULL, '2019-11-16 22:33:33', '2019-11-16 22:33:33', NULL),
(16, 8, 1, 'on', '30', '10', NULL, NULL, NULL, '2019-11-16 22:33:55', '2019-11-16 22:33:55', NULL),
(17, 8, 2, 'on', '30', '10', NULL, NULL, NULL, '2019-11-16 22:33:55', '2019-11-16 22:33:55', NULL),
(18, 8, 3, 'on', '40', '14', NULL, NULL, NULL, '2019-11-16 22:33:55', '2019-11-16 22:33:55', NULL),
(19, 9, 1, 'on', '30', '10', NULL, NULL, NULL, '2019-11-16 22:34:23', '2019-11-16 22:34:23', NULL),
(20, 9, 2, 'on', '30', '10', NULL, NULL, NULL, '2019-11-16 22:34:23', '2019-11-16 22:34:23', NULL),
(21, 9, 3, 'on', '40', '14', NULL, NULL, NULL, '2019-11-16 22:34:23', '2019-11-16 22:34:23', NULL),
(22, 10, 1, 'on', '30', '10', NULL, NULL, NULL, '2019-11-16 22:35:26', '2019-11-16 22:35:26', NULL),
(23, 10, 2, 'on', '30', '10', NULL, NULL, NULL, '2019-11-16 22:35:26', '2019-11-16 22:35:26', NULL),
(24, 10, 3, 'on', '40', '14', NULL, NULL, NULL, '2019-11-16 22:35:26', '2019-11-16 22:35:26', NULL);

-- --------------------------------------------------------

--
-- Table structure for table `subject_lists`
--

DROP TABLE IF EXISTS `subject_lists`;
CREATE TABLE IF NOT EXISTS `subject_lists` (
  `id` bigint UNSIGNED NOT NULL AUTO_INCREMENT,
  `subject_code` varchar(191) CHARACTER SET utf8 COLLATE utf8_unicode_ci DEFAULT NULL,
  `subject_name` varchar(191) CHARACTER SET utf8 COLLATE utf8_unicode_ci DEFAULT NULL,
  `created_by` varchar(191) CHARACTER SET utf8 COLLATE utf8_unicode_ci DEFAULT NULL,
  `updated_by` varchar(191) CHARACTER SET utf8 COLLATE utf8_unicode_ci DEFAULT NULL,
  `deleted_by` varchar(191) CHARACTER SET utf8 COLLATE utf8_unicode_ci DEFAULT NULL,
  `created_at` timestamp NULL DEFAULT NULL,
  `updated_at` timestamp NULL DEFAULT NULL,
  `deleted_at` timestamp NULL DEFAULT NULL,
  PRIMARY KEY (`id`)
) ENGINE=InnoDB AUTO_INCREMENT=5 DEFAULT CHARSET=utf8 COLLATE=utf8_unicode_ci;

--
-- Dumping data for table `subject_lists`
--

INSERT INTO `subject_lists` (`id`, `subject_code`, `subject_name`, `created_by`, `updated_by`, `deleted_by`, `created_at`, `updated_at`, `deleted_at`) VALUES
(1, NULL, 'Bangla', NULL, NULL, NULL, '2019-11-04 06:34:16', '2019-11-04 06:46:25', NULL),
(2, NULL, 'English', NULL, NULL, NULL, '2019-11-04 07:45:47', '2019-11-04 07:45:47', NULL),
(3, NULL, 'Mathematics', NULL, NULL, NULL, '2019-11-04 11:05:58', '2019-11-04 11:05:58', NULL),
(4, NULL, 'Viva', NULL, NULL, NULL, '2019-11-11 06:57:04', '2019-11-11 06:57:04', NULL);

-- --------------------------------------------------------

--
-- Table structure for table `temp_students`
--

DROP TABLE IF EXISTS `temp_students`;
CREATE TABLE IF NOT EXISTS `temp_students` (
  `id` bigint UNSIGNED NOT NULL AUTO_INCREMENT,
  `educationType` varchar(35) CHARACTER SET utf8 COLLATE utf8_unicode_ci DEFAULT NULL,
  `name` varchar(191) CHARACTER SET utf8 COLLATE utf8_unicode_ci NOT NULL,
  `birth` varchar(191) CHARACTER SET utf8 COLLATE utf8_unicode_ci NOT NULL,
  `birth_certificate` varchar(191) CHARACTER SET utf8 COLLATE utf8_unicode_ci NOT NULL,
  `gender` varchar(191) CHARACTER SET utf8 COLLATE utf8_unicode_ci NOT NULL,
  `blood` varchar(191) CHARACTER SET utf8 COLLATE utf8_unicode_ci DEFAULT NULL,
  `religion` varchar(191) CHARACTER SET utf8 COLLATE utf8_unicode_ci NOT NULL,
  `nationality` varchar(191) CHARACTER SET utf8 COLLATE utf8_unicode_ci DEFAULT NULL,
  `image` varchar(191) CHARACTER SET utf8 COLLATE utf8_unicode_ci DEFAULT NULL,
  `previousInstretute` varchar(191) CHARACTER SET utf8 COLLATE utf8_unicode_ci DEFAULT NULL,
  `previousRoll` varchar(191) CHARACTER SET utf8 COLLATE utf8_unicode_ci DEFAULT NULL,
  `hasQouta` varchar(1) CHARACTER SET utf8 COLLATE utf8_unicode_ci DEFAULT NULL,
  `qoutaName` varchar(25) CHARACTER SET utf8 COLLATE utf8_unicode_ci DEFAULT NULL,
  `father_name` varchar(191) CHARACTER SET utf8 COLLATE utf8_unicode_ci NOT NULL,
  `father_nid` varchar(191) CHARACTER SET utf8 COLLATE utf8_unicode_ci DEFAULT NULL,
  `father_phone` varchar(191) CHARACTER SET utf8 COLLATE utf8_unicode_ci NOT NULL,
  `father_profession` varchar(191) CHARACTER SET utf8 COLLATE utf8_unicode_ci NOT NULL,
  `father_email` varchar(191) CHARACTER SET utf8 COLLATE utf8_unicode_ci DEFAULT NULL,
  `mother_name` varchar(191) CHARACTER SET utf8 COLLATE utf8_unicode_ci NOT NULL,
  `mother_nid` varchar(191) CHARACTER SET utf8 COLLATE utf8_unicode_ci DEFAULT NULL,
  `mother_phone` varchar(191) CHARACTER SET utf8 COLLATE utf8_unicode_ci DEFAULT NULL,
  `mother_profession` varchar(191) CHARACTER SET utf8 COLLATE utf8_unicode_ci NOT NULL,
  `mother_email` varchar(191) CHARACTER SET utf8 COLLATE utf8_unicode_ci DEFAULT NULL,
  `present_address` varchar(191) CHARACTER SET utf8 COLLATE utf8_unicode_ci NOT NULL,
  `present_village` varchar(191) CHARACTER SET utf8 COLLATE utf8_unicode_ci DEFAULT NULL,
  `present_road` varchar(191) CHARACTER SET utf8 COLLATE utf8_unicode_ci DEFAULT NULL,
  `present_post_office` varchar(191) CHARACTER SET utf8 COLLATE utf8_unicode_ci DEFAULT NULL,
  `present_post_code` varchar(191) CHARACTER SET utf8 COLLATE utf8_unicode_ci DEFAULT NULL,
  `present_thana` varchar(191) CHARACTER SET utf8 COLLATE utf8_unicode_ci DEFAULT NULL,
  `present_district` varchar(191) CHARACTER SET utf8 COLLATE utf8_unicode_ci DEFAULT NULL,
  `same_as_present` tinyint(1) DEFAULT NULL,
  `permananent_address` varchar(191) CHARACTER SET utf8 COLLATE utf8_unicode_ci DEFAULT NULL,
  `permananent_village` varchar(191) CHARACTER SET utf8 COLLATE utf8_unicode_ci DEFAULT NULL,
  `permananent_road` varchar(191) CHARACTER SET utf8 COLLATE utf8_unicode_ci DEFAULT NULL,
  `permananent_post_office` varchar(191) CHARACTER SET utf8 COLLATE utf8_unicode_ci DEFAULT NULL,
  `permananent_post_code` varchar(191) CHARACTER SET utf8 COLLATE utf8_unicode_ci DEFAULT NULL,
  `permananent_thana` varchar(191) CHARACTER SET utf8 COLLATE utf8_unicode_ci DEFAULT NULL,
  `permananent_district` varchar(191) CHARACTER SET utf8 COLLATE utf8_unicode_ci DEFAULT NULL,
  `PrimaryContact` tinyint(1) NOT NULL DEFAULT '0',
  `localGurdian_name` varchar(191) CHARACTER SET utf8 COLLATE utf8_unicode_ci DEFAULT NULL,
  `localGurdian_relation` varchar(191) CHARACTER SET utf8 COLLATE utf8_unicode_ci DEFAULT NULL,
  `localGurdian_phone` varchar(191) CHARACTER SET utf8 COLLATE utf8_unicode_ci DEFAULT NULL,
  `localGurdian_email` varchar(191) CHARACTER SET utf8 COLLATE utf8_unicode_ci DEFAULT NULL,
  `localGurdian_address` varchar(191) CHARACTER SET utf8 COLLATE utf8_unicode_ci DEFAULT NULL,
  `localGurdian_village` varchar(191) CHARACTER SET utf8 COLLATE utf8_unicode_ci DEFAULT NULL,
  `localGurdian_road` varchar(191) CHARACTER SET utf8 COLLATE utf8_unicode_ci DEFAULT NULL,
  `localGurdian_post_office` varchar(191) CHARACTER SET utf8 COLLATE utf8_unicode_ci DEFAULT NULL,
  `localGurdian_postCode` varchar(191) CHARACTER SET utf8 COLLATE utf8_unicode_ci DEFAULT NULL,
  `localGurdian_thana` varchar(191) CHARACTER SET utf8 COLLATE utf8_unicode_ci DEFAULT NULL,
  `localGurdian_district` varchar(191) CHARACTER SET utf8 COLLATE utf8_unicode_ci DEFAULT NULL,
  `paymentamounts_id` bigint UNSIGNED DEFAULT NULL,
  `transactions_id` bigint UNSIGNED DEFAULT NULL,
  `complete` tinyint(1) DEFAULT '0',
  `created_at` timestamp NULL DEFAULT NULL,
  `updated_at` timestamp NULL DEFAULT NULL,
  `deleted_at` timestamp NULL DEFAULT NULL,
  PRIMARY KEY (`id`)
) ENGINE=InnoDB AUTO_INCREMENT=2 DEFAULT CHARSET=utf8 COLLATE=utf8_unicode_ci;

--
-- Dumping data for table `temp_students`
--

INSERT INTO `temp_students` (`id`, `educationType`, `name`, `birth`, `birth_certificate`, `gender`, `blood`, `religion`, `nationality`, `image`, `previousInstretute`, `previousRoll`, `hasQouta`, `qoutaName`, `father_name`, `father_nid`, `father_phone`, `father_profession`, `father_email`, `mother_name`, `mother_nid`, `mother_phone`, `mother_profession`, `mother_email`, `present_address`, `present_village`, `present_road`, `present_post_office`, `present_post_code`, `present_thana`, `present_district`, `same_as_present`, `permananent_address`, `permananent_village`, `permananent_road`, `permananent_post_office`, `permananent_post_code`, `permananent_thana`, `permananent_district`, `PrimaryContact`, `localGurdian_name`, `localGurdian_relation`, `localGurdian_phone`, `localGurdian_email`, `localGurdian_address`, `localGurdian_village`, `localGurdian_road`, `localGurdian_post_office`, `localGurdian_postCode`, `localGurdian_thana`, `localGurdian_district`, `paymentamounts_id`, `transactions_id`, `complete`, `created_at`, `updated_at`, `deleted_at`) VALUES
(1, 'General', 'Jakir Hasan', '12/10/2010', '252500', 'male', 'a(+ve)', 'Islam', NULL, '2020-12-16-16-10-31.png', 'Seroil', '14', '1', 'Freedom Fighter', 'Fahim', '123456', '123456', 'Business', NULL, 'Jamila', '123456', NULL, 'Service Holder', NULL, 'Rajshahi', NULL, NULL, NULL, '6000', '500', '1', 1, NULL, NULL, NULL, NULL, NULL, NULL, NULL, 3, 'Hasib', 'Uncle', '123456', 'hasib@mail.com', 'Rajshahi', NULL, NULL, NULL, '2000', '402', '26', 7, NULL, 0, '2020-12-16 10:10:31', '2020-12-16 10:12:51', '2020-12-16 10:12:51');

-- --------------------------------------------------------

--
-- Table structure for table `transactions`
--

DROP TABLE IF EXISTS `transactions`;
CREATE TABLE IF NOT EXISTS `transactions` (
  `id` bigint UNSIGNED NOT NULL AUTO_INCREMENT,
  `tran_id` varchar(30) CHARACTER SET utf8 COLLATE utf8_unicode_ci DEFAULT NULL,
  `val_id` varchar(50) CHARACTER SET utf8 COLLATE utf8_unicode_ci DEFAULT NULL,
  `amount` double(16,2) UNSIGNED DEFAULT NULL,
  `card_type` varchar(50) CHARACTER SET utf8 COLLATE utf8_unicode_ci DEFAULT NULL,
  `store_amount` double(16,2) UNSIGNED DEFAULT NULL,
  `card_no` varchar(30) CHARACTER SET utf8 COLLATE utf8_unicode_ci DEFAULT NULL,
  `bank_tran_id` varchar(50) CHARACTER SET utf8 COLLATE utf8_unicode_ci DEFAULT NULL,
  `status` varchar(255) CHARACTER SET utf8 COLLATE utf8_unicode_ci DEFAULT NULL,
  `tran_date` varchar(255) CHARACTER SET utf8 COLLATE utf8_unicode_ci DEFAULT NULL,
  `currency` varchar(3) CHARACTER SET utf8 COLLATE utf8_unicode_ci DEFAULT NULL,
  `card_issuer` varchar(50) CHARACTER SET utf8 COLLATE utf8_unicode_ci DEFAULT NULL,
  `card_brand` varchar(30) CHARACTER SET utf8 COLLATE utf8_unicode_ci DEFAULT NULL,
  `card_issuer_country` varchar(50) CHARACTER SET utf8 COLLATE utf8_unicode_ci DEFAULT NULL,
  `card_issuer_country_code` varchar(2) CHARACTER SET utf8 COLLATE utf8_unicode_ci DEFAULT NULL,
  `store_id` varchar(191) CHARACTER SET utf8 COLLATE utf8_unicode_ci DEFAULT NULL,
  `verify_sign` varchar(255) CHARACTER SET utf8 COLLATE utf8_unicode_ci DEFAULT NULL,
  `verify_key` longtext CHARACTER SET utf8 COLLATE utf8_unicode_ci,
  `cus_fax` varchar(255) CHARACTER SET utf8 COLLATE utf8_unicode_ci DEFAULT NULL,
  `verify_sign_sha2` varchar(255) CHARACTER SET utf8 COLLATE utf8_unicode_ci DEFAULT NULL,
  `currency_type` varchar(3) CHARACTER SET utf8 COLLATE utf8_unicode_ci DEFAULT NULL,
  `currency_amount` double(16,2) UNSIGNED DEFAULT NULL,
  `currency_rate` double(8,4) UNSIGNED DEFAULT NULL,
  `base_fair` double(8,4) UNSIGNED DEFAULT NULL,
  `value_a` varchar(255) CHARACTER SET utf8 COLLATE utf8_unicode_ci DEFAULT NULL,
  `value_b` varchar(255) CHARACTER SET utf8 COLLATE utf8_unicode_ci DEFAULT NULL,
  `value_c` varchar(255) CHARACTER SET utf8 COLLATE utf8_unicode_ci DEFAULT NULL,
  `value_d` varchar(255) CHARACTER SET utf8 COLLATE utf8_unicode_ci DEFAULT NULL,
  `risk_level` int DEFAULT NULL,
  `risk_title` varchar(50) CHARACTER SET utf8 COLLATE utf8_unicode_ci DEFAULT NULL,
  `error` longtext CHARACTER SET utf8 COLLATE utf8_unicode_ci,
  `key` longtext CHARACTER SET utf8 COLLATE utf8_unicode_ci,
  `pass` varchar(191) CHARACTER SET utf8 COLLATE utf8_unicode_ci DEFAULT NULL,
  `deleted_at` timestamp NULL DEFAULT NULL,
  `created_at` timestamp NULL DEFAULT NULL,
  `updated_at` timestamp NULL DEFAULT NULL,
  PRIMARY KEY (`id`),
  UNIQUE KEY `transactions_tran_id_unique` (`tran_id`)
) ENGINE=InnoDB AUTO_INCREMENT=3 DEFAULT CHARSET=utf8 COLLATE=utf8_unicode_ci;

--
-- Dumping data for table `transactions`
--

INSERT INTO `transactions` (`id`, `tran_id`, `val_id`, `amount`, `card_type`, `store_amount`, `card_no`, `bank_tran_id`, `status`, `tran_date`, `currency`, `card_issuer`, `card_brand`, `card_issuer_country`, `card_issuer_country_code`, `store_id`, `verify_sign`, `verify_key`, `cus_fax`, `verify_sign_sha2`, `currency_type`, `currency_amount`, `currency_rate`, `base_fair`, `value_a`, `value_b`, `value_c`, `value_d`, `risk_level`, `risk_title`, `error`, `key`, `pass`, `deleted_at`, `created_at`, `updated_at`) VALUES
(1, 'M9XJ1JZL74PJK3VA', NULL, 110.00, NULL, NULL, NULL, '2012161615270FLjCtOk72R3Z53', 'FAILED', '2020-12-16 16:15:24', 'BDT', 'BKash Mobile Banking', 'MOBILEBANKING', 'Bangladesh', 'BD', 'deskt5dcce12a66383', 'c1e987027199f1a52f21737926e5f613', 'amount,bank_tran_id,base_fair,card_brand,card_issuer,card_issuer_country,card_issuer_country_code,card_no,card_type,currency,currency_amount,currency_rate,currency_type,error,status,store_id,tran_date,tran_id,value_a,value_b,value_c,value_d', NULL, '702957b658760100a05aacedca220a8f1e51ba6d2259e1a5c8df6d4daa6262b2', 'BDT', 110.00, 1.0000, 0.0000, '1', '7', NULL, 'M9XJ1JZL74PJK3VA', NULL, NULL, '911 <-- Decline reason message: card issuer timed out', 'amount=110.00&bank_tran_id=2012161615270FLjCtOk72R3Z53&base_fair=0.00&card_brand=MOBILEBANKING&card_issuer=BKash Mobile Banking&card_issuer_country=Bangladesh&card_issuer_country_code=BD&card_no=&card_type=&currency=BDT&currency_amount=110.00&currency_rate=1.0000&currency_type=BDT&error=911 <-- Decline reason message: card issuer timed out&status=FAILED&store_id=deskt5dcce12a66383&store_passwd=a21cac61091632c75cf5836dc2f6aa1506818e46f4d8b537f743517cb28af73e&tran_date=2020-12-16 16:15:24&tran_id=M9XJ1JZL74PJK3VA&value_a=1&value_b=7&value_c=&value_d=M9XJ1JZL74PJK3VA', 'deskt5dcce12a66383@ssl', NULL, '2020-12-16 10:12:38', '2020-12-16 10:12:38'),
(2, 'E8XP7HPZ95FCX1WT', '201216161539KXV2w1y9ZHgeozU', 110.00, 'BKASH-BKash', 107.25, NULL, '201216161539kOiNtfi7nj8SOVp', 'VALID', '2020-12-16 16:15:35', 'BDT', 'BKash Mobile Banking', 'MOBILEBANKING', 'Bangladesh', 'BD', 'deskt5dcce12a66383', 'ff5b1c60943f79578ae8c80f7b92e354', 'amount,bank_tran_id,base_fair,card_brand,card_issuer,card_issuer_country,card_issuer_country_code,card_no,card_type,currency,currency_amount,currency_rate,currency_type,risk_level,risk_title,status,store_amount,store_id,tran_date,tran_id,val_id,value_a,value_b,value_c,value_d', NULL, 'ec91bef2f644a3a42ec77ccc58b5d44490a6165bef4046fd62c2eaf0b96377bc', 'BDT', 110.00, 1.0000, 0.0000, '1', '7', NULL, 'E8XP7HPZ95FCX1WT', 0, 'Safe', NULL, NULL, NULL, NULL, '2020-12-16 10:12:50', '2020-12-16 10:12:50');

-- --------------------------------------------------------

--
-- Table structure for table `unions`
--

DROP TABLE IF EXISTS `unions`;
CREATE TABLE IF NOT EXISTS `unions` (
  `id` bigint UNSIGNED NOT NULL AUTO_INCREMENT,
  `upazila_id` bigint UNSIGNED DEFAULT NULL,
  `name` varchar(191) CHARACTER SET utf8 COLLATE utf8_unicode_ci DEFAULT NULL,
  `bn_name` varchar(191) CHARACTER SET utf8 COLLATE utf8_unicode_ci DEFAULT NULL,
  `lat` varchar(191) CHARACTER SET utf8 COLLATE utf8_unicode_ci DEFAULT NULL,
  `lon` varchar(191) CHARACTER SET utf8 COLLATE utf8_unicode_ci DEFAULT NULL,
  `created_at` timestamp NULL DEFAULT NULL,
  `updated_at` timestamp NULL DEFAULT NULL,
  PRIMARY KEY (`id`),
  KEY `unions_upazila_id_foreign` (`upazila_id`)
) ENGINE=InnoDB AUTO_INCREMENT=2351 DEFAULT CHARSET=utf8 COLLATE=utf8_unicode_ci;

--
-- Dumping data for table `unions`
--

INSERT INTO `unions` (`id`, `upazila_id`, `name`, `bn_name`, `lat`, `lon`, `created_at`, `updated_at`) VALUES
(1, 226, '', 'আমলাব', '0', '0', NULL, NULL),
(2, 226, '', 'বাজনাব', '0', '0', NULL, NULL),
(3, 226, '', 'বেলাব', '0', '0', NULL, NULL),
(4, 226, '', 'বিন্নাবাইদ', '0', '0', NULL, NULL),
(5, 226, '', 'চরউজিলাব', '0', '0', NULL, NULL),
(6, 226, '', 'নারায়নপুর', '0', '0', NULL, NULL),
(7, 226, '', 'সল্লাবাদ', '0', '0', NULL, NULL),
(8, 226, '', 'পাটুলী', '0', '0', NULL, NULL),
(9, 226, '', 'দেয়ারা', '0', '0', NULL, NULL),
(10, 227, '', 'বড়চাপা', '0', '0', NULL, NULL),
(11, 227, '', 'চালাকচর', '0', '0', NULL, NULL),
(12, 227, '', 'চরমান্দালিয়া', '0', '0', NULL, NULL),
(13, 227, '', 'একদুয়ারিয়া', '0', '0', NULL, NULL),
(14, 227, '', 'গোতাশিয়া', '0', '0', NULL, NULL),
(15, 227, '', 'কাচিকাটা', '0', '0', NULL, NULL),
(16, 227, '', 'খিদিরপুর', '0', '0', NULL, NULL),
(17, 227, '', 'শুকুন্দি', '0', '0', NULL, NULL),
(18, 227, '', 'দৌলতপুর', '0', '0', NULL, NULL),
(19, 227, '', 'কৃষ্ণপুর ইউনিয়ন', '0', '0', NULL, NULL),
(20, 227, '', 'লেবুতলা', '0', '0', NULL, NULL),
(21, 227, '', 'চন্দনবাড়ী', '0', '0', NULL, NULL),
(22, 228, '', 'আলোকবালী', '0', '0', NULL, NULL),
(23, 228, '', 'চরদিঘলদী', '0', '0', NULL, NULL),
(24, 228, '', 'করিমপুর', '0', '0', NULL, NULL),
(25, 228, '', 'কাঠালিয়া', '0', '0', NULL, NULL),
(26, 228, '', 'নূরালাপুর', '0', '0', NULL, NULL),
(27, 228, '', 'মহিষাশুড়া', '0', '0', NULL, NULL),
(28, 228, '', 'মেহেড়পাড়া', '0', '0', NULL, NULL),
(29, 228, '', 'নজরপুর', '0', '0', NULL, NULL),
(30, 228, '', 'পাইকারচর', '0', '0', NULL, NULL),
(31, 228, '', 'পাঁচদোনা', '0', '0', NULL, NULL),
(32, 228, '', 'শিলমান্দী', '0', '0', NULL, NULL),
(33, 228, '', 'আমদিয়া ২', '0', '0', NULL, NULL),
(34, 229, '', 'ডাংঙ্গা', '0', '0', NULL, NULL),
(35, 229, '', 'চরসিন্দুর', '0', '0', NULL, NULL),
(36, 229, '', 'জিনারদী', '0', '0', NULL, NULL),
(37, 229, '', 'গজারিয়া', '0', '0', NULL, NULL),
(38, 230, '', 'চানপুর', '0', '0', NULL, NULL),
(39, 230, '', 'অলিপুরা', '0', '0', NULL, NULL),
(40, 230, '', 'আমিরগঞ্জ', '0', '0', NULL, NULL),
(41, 230, '', 'আদিয়াবাদ', '0', '0', NULL, NULL),
(42, 230, '', 'বাঁশগাড়ী', '0', '0', NULL, NULL),
(43, 230, '', 'চান্দেরকান্দি', '0', '0', NULL, NULL),
(44, 230, '', 'চরআড়ালিয়া', '0', '0', NULL, NULL),
(45, 230, '', 'চরমধুয়া', '0', '0', NULL, NULL),
(46, 230, '', 'চরসুবুদ্দি', '0', '0', NULL, NULL),
(47, 230, '', 'হাইরমারা', '0', '0', NULL, NULL),
(48, 230, '', 'মহেষপুর', '0', '0', NULL, NULL),
(49, 230, '', 'মির্জানগর', '0', '0', NULL, NULL),
(50, 230, '', 'মির্জারচর', '0', '0', NULL, NULL),
(51, 230, '', 'নিলক্ষ্যা', '0', '0', NULL, NULL),
(52, 230, '', 'পলাশতলী', '0', '0', NULL, NULL),
(53, 230, '', 'পাড়াতলী', '0', '0', NULL, NULL),
(54, 230, '', 'শ্রীনগর', '0', '0', NULL, NULL),
(55, 230, '', 'রায়পুরা', '0', '0', NULL, NULL),
(56, 230, '', 'মুছাপুর', '0', '0', NULL, NULL),
(57, 230, '', 'উত্তর বাখরনগর', '0', '0', NULL, NULL),
(58, 230, '', 'মরজাল', '0', '0', NULL, NULL),
(59, 231, '', 'দুলালপুর', '0', '0', NULL, NULL),
(60, 231, '', 'জয়নগর', '0', '0', NULL, NULL),
(61, 231, '', 'সাধারচর', '0', '0', NULL, NULL),
(62, 231, '', 'মাছিমপুর', '0', '0', NULL, NULL),
(63, 231, '', 'চক্রধা', '0', '0', NULL, NULL),
(64, 231, '', 'যোশর', '0', '0', NULL, NULL),
(65, 231, '', 'বাঘাব', '0', '0', NULL, NULL),
(66, 231, '', 'আয়ুবপুর', '0', '0', NULL, NULL),
(67, 231, '', 'পুটিয়া', '0', '0', NULL, NULL),
(68, 163, '', 'বাহাদুরশাদী', '0', '0', NULL, NULL),
(69, 163, '', 'বক্তারপুর', '0', '0', NULL, NULL),
(70, 163, '', 'জামালপুর', '0', '0', NULL, NULL),
(71, 163, '', 'জাঙ্গালিয়া', '0', '0', NULL, NULL),
(72, 163, '', 'মোক্তারপুর', '0', '0', NULL, NULL),
(73, 163, '', 'নাগরী', '0', '0', NULL, NULL),
(74, 163, '', 'তুমুলিয়া', '0', '0', NULL, NULL),
(75, 160, '', 'আটাবহ', '0', '0', NULL, NULL),
(76, 160, '', 'বোয়ালী', '0', '0', NULL, NULL),
(77, 160, '', 'চাপাইর', '0', '0', NULL, NULL),
(78, 160, '', 'ঢালজোড়া', '0', '0', NULL, NULL),
(79, 160, '', 'ফুলবাড়ীয়া', '0', '0', NULL, NULL),
(80, 160, '', 'মধ্যপাড়া', '0', '0', NULL, NULL),
(81, 160, '', 'মৌচাক', '0', '0', NULL, NULL),
(82, 160, '', 'সূত্রাপুর', '0', '0', NULL, NULL),
(83, 160, '', 'শ্রীফলতলী', '0', '0', NULL, NULL),
(84, 161, '', 'বারিষাব', '0', '0', NULL, NULL),
(85, 161, '', 'ঘাগটিয়া', '0', '0', NULL, NULL),
(86, 161, '', 'কাপাসিয়া', '0', '0', NULL, NULL),
(87, 161, '', 'চাঁদপুর', '0', '0', NULL, NULL),
(88, 161, '', 'তরগাঁও', '0', '0', NULL, NULL),
(89, 161, '', 'কড়িহাতা', '0', '0', NULL, NULL),
(90, 161, '', 'টোক', '0', '0', NULL, NULL),
(91, 161, '', 'সিংহশ্রী', '0', '0', NULL, NULL),
(92, 161, '', 'দূর্গাপুর', '0', '0', NULL, NULL),
(93, 161, '', 'সনমানিয়া', '0', '0', NULL, NULL),
(94, 161, '', 'রায়েদ', '0', '0', NULL, NULL),
(95, 159, '', 'বাড়ীয়া', '0', '0', NULL, NULL),
(96, 159, '', 'বাসন', '0', '0', NULL, NULL),
(97, 159, '', 'গাছা', '0', '0', NULL, NULL),
(98, 159, '', 'কাশিমপুর', '0', '0', NULL, NULL),
(99, 159, '', 'কাউলতিয়া', '0', '0', NULL, NULL),
(100, 159, '', 'কোনাবাড়ী', '0', '0', NULL, NULL),
(101, 159, '', 'মির্জাপুর', '0', '0', NULL, NULL),
(102, 159, '', 'পূবাইল', '0', '0', NULL, NULL),
(103, 162, '', 'বরমী', '0', '0', NULL, NULL),
(104, 162, '', 'গাজীপুর', '0', '0', NULL, NULL),
(105, 162, '', 'গোসিংগা', '0', '0', NULL, NULL),
(106, 162, '', 'মাওনা', '0', '0', NULL, NULL),
(107, 162, '', 'কাওরাইদ', '0', '0', NULL, NULL),
(108, 162, '', 'প্রহলাদপুর', '0', '0', NULL, NULL),
(109, 162, '', 'রাজাবাড়ী', '0', '0', NULL, NULL),
(110, 162, '', 'তেলিহাটী', '0', '0', NULL, NULL),
(111, 247, '', 'বিনোদপুর', '0', '0', NULL, NULL),
(112, 247, '', 'তুলাসার', '0', '0', NULL, NULL),
(113, 247, '', 'পালং', '0', '0', NULL, NULL),
(114, 247, '', 'ডোমসার', '0', '0', NULL, NULL),
(115, 247, '', 'রুদ্রকর', '0', '0', NULL, NULL),
(116, 247, '', 'আংগারিয়া', '0', '0', NULL, NULL),
(117, 247, '', 'চিতলয়া', '0', '0', NULL, NULL),
(118, 247, '', 'মাহমুদপুর', '0', '0', NULL, NULL),
(119, 247, '', 'চিকন্দি', '0', '0', NULL, NULL),
(120, 247, '', 'চন্দ্রপুর', '0', '0', NULL, NULL),
(121, 247, '', 'শৌলপাড়া', '0', '0', NULL, NULL),
(122, 249, '', 'কেদারপুর', '0', '0', NULL, NULL),
(123, 249, '', 'ডিংগামানিক', '0', '0', NULL, NULL),
(124, 249, '', 'ঘড়িষার', '0', '0', NULL, NULL),
(125, 249, '', 'নওপাড়া', '0', '0', NULL, NULL),
(126, 249, '', 'মোত্তারেরচর', '0', '0', NULL, NULL),
(127, 249, '', 'চরআত্রা', '0', '0', NULL, NULL),
(128, 249, '', 'রাজনগর', '0', '0', NULL, NULL),
(129, 249, '', 'জপসা', '0', '0', NULL, NULL),
(130, 249, '', 'ভোজেশ্বর', '0', '0', NULL, NULL),
(131, 249, '', 'ফতেজংপুর', '0', '0', NULL, NULL),
(132, 249, '', 'বিঝারি', '0', '0', NULL, NULL),
(133, 249, '', 'ভূমখাড়া', '0', '0', NULL, NULL),
(134, 249, '', 'নশাসন', '0', '0', NULL, NULL),
(135, 250, '', 'জাজিরা সদর', '0', '0', NULL, NULL),
(136, 250, '', 'মূলনা', '0', '0', NULL, NULL),
(137, 250, '', 'বড়কান্দি', '0', '0', NULL, NULL),
(138, 250, '', 'বিলাসপুর', '0', '0', NULL, NULL),
(139, 250, '', 'কুন্ডেরচর', '0', '0', NULL, NULL),
(140, 250, '', 'পালেরচর', '0', '0', NULL, NULL),
(141, 250, '', 'পুর্ব নাওডোবা', '0', '0', NULL, NULL),
(142, 250, '', 'নাওডোবা', '0', '0', NULL, NULL),
(143, 250, '', 'সেনেরচর', '0', '0', NULL, NULL),
(144, 250, '', 'বি. কে. নগর', '0', '0', NULL, NULL),
(145, 250, '', 'বড়গোপালপুর', '0', '0', NULL, NULL),
(146, 250, '', 'জয়নগর', '0', '0', NULL, NULL),
(147, 252, '', 'নাগের পাড়া', '0', '0', NULL, NULL),
(148, 252, '', 'আলাওলপুর', '0', '0', NULL, NULL),
(149, 252, '', 'কোদালপুর', '0', '0', NULL, NULL),
(150, 252, '', 'গোসাইরহাট', '0', '0', NULL, NULL),
(151, 252, '', 'ইদিলপুর', '0', '0', NULL, NULL),
(152, 252, '', 'নলমুড়ি', '0', '0', NULL, NULL),
(153, 252, '', 'সামন্তসার', '0', '0', NULL, NULL),
(154, 252, '', 'কুচাইপট্টি', '0', '0', NULL, NULL),
(155, 251, '', 'রামভদ্রপুর', '0', '0', NULL, NULL),
(156, 251, '', 'মহিষার', '0', '0', NULL, NULL),
(157, 251, '', 'ছয়গাঁও', '0', '0', NULL, NULL),
(158, 251, '', 'নারায়নপুর', '0', '0', NULL, NULL),
(159, 251, '', 'ডি.এম খালি', '0', '0', NULL, NULL),
(160, 251, '', 'চরকুমারিয়া', '0', '0', NULL, NULL),
(161, 251, '', 'সখিপুর', '0', '0', NULL, NULL),
(162, 251, '', 'কাচিকাঁটা', '0', '0', NULL, NULL),
(163, 251, '', 'উত্তর তারাবুনিয়া', '0', '0', NULL, NULL),
(164, 251, '', 'চরভাগা', '0', '0', NULL, NULL),
(165, 251, '', 'আরশিনগর', '0', '0', NULL, NULL),
(166, 251, '', 'দক্ষিন তারাবুনিয়া', '0', '0', NULL, NULL),
(167, 251, '', 'চরসেনসাস', '0', '0', NULL, NULL),
(168, 248, '', 'শিধলকুড়া', '0', '0', NULL, NULL),
(169, 248, '', 'কনেস্বর', '0', '0', NULL, NULL),
(170, 248, '', 'পুর্ব ডামুড্যা', '0', '0', NULL, NULL),
(171, 248, '', 'ইসলামপুর', '0', '0', NULL, NULL),
(172, 248, '', 'ধানকাটি', '0', '0', NULL, NULL),
(173, 248, '', 'সিড্যা', '0', '0', NULL, NULL),
(174, 248, '', 'দারুল আমান', '0', '0', NULL, NULL),
(175, 220, '', 'সাতগ্রাম', '0', '0', NULL, NULL),
(176, 220, '', 'দুপ্তারা', '0', '0', NULL, NULL),
(177, 220, '', 'ব্রা‏হ্মন্দী', '0', '0', NULL, NULL),
(178, 220, '', 'ফতেপুর', '0', '0', NULL, NULL),
(179, 220, '', 'বিশনন্দী', '0', '0', NULL, NULL),
(180, 220, '', 'মাহমুদপুর', '0', '0', NULL, NULL),
(181, 220, '', 'হাইজাদী', '0', '0', NULL, NULL),
(182, 220, '', 'উচিৎপুরা', '0', '0', NULL, NULL),
(183, 220, '', 'কালাপাহাড়িয়া', '0', '0', NULL, NULL),
(184, 220, '', 'খাগকান্দা', '0', '0', NULL, NULL),
(185, 223, '', 'আলিরটেক', '0', '0', NULL, NULL),
(186, 223, '', 'কুতুবপুর', '0', '0', NULL, NULL),
(187, 223, '', 'বক্তাবলী', '0', '0', NULL, NULL),
(188, 223, '', 'এনায়েত নগর', '0', '0', NULL, NULL),
(189, 224, '', 'মুড়াপাড়া', '0', '0', NULL, NULL),
(190, 224, '', 'ভূলতা', '0', '0', NULL, NULL),
(191, 224, '', 'গোলাকান্দাইল', '0', '0', NULL, NULL),
(192, 224, '', 'দাউদপুর', '0', '0', NULL, NULL),
(193, 224, '', 'রূপগঞ্জ', '0', '0', NULL, NULL),
(194, 224, '', 'কায়েতপাড়া', '0', '0', NULL, NULL),
(195, 224, '', 'ভোলাব', '0', '0', NULL, NULL),
(196, 221, '', 'পিরোজপুর ইউনিয়ন', '0', '0', NULL, NULL),
(197, 221, '', 'শম্ভুপুরা ইউনিয়ন', '0', '0', NULL, NULL),
(198, 221, '', 'মোগরাপাড়া ইউনিয়ন', '0', '0', NULL, NULL),
(199, 221, '', 'বৈদ্যেরবাজার ইউনিয়ন', '0', '0', NULL, NULL),
(200, 221, '', 'বারদী ইউনিয়ন', '0', '0', NULL, NULL),
(201, 221, '', 'নোয়াগাঁও ইউনিয়ন', '0', '0', NULL, NULL),
(202, 221, '', 'জামপুর ইউনিয়ন', '0', '0', NULL, NULL),
(203, 221, '', 'সাদীপুর ইউনিয়ন', '0', '0', NULL, NULL),
(204, 221, '', 'সনমান্দি ইউনিয়ন', '0', '0', NULL, NULL),
(205, 221, '', 'কাচপুর ইউনিয়ন', '0', '0', NULL, NULL),
(206, 260, '', 'বাসাইল ইউনিয়ন', '0', '0', NULL, NULL),
(207, 260, '', 'কাঞ্চনপুর ইউনিয়ন', '0', '0', NULL, NULL),
(208, 260, '', 'হাবলা ইউনিয়ন', '0', '0', NULL, NULL),
(209, 260, '', 'কাশিল ইউনিয়ন', '0', '0', NULL, NULL),
(210, 260, '', 'ফুলকি ইউনিয়ন', '0', '0', NULL, NULL),
(211, 260, '', 'কাউলজানী ইউনিয়ন', '0', '0', NULL, NULL),
(212, 268, '', 'অর্জুনা ইউনিয়ন', '0', '0', NULL, NULL),
(213, 268, '', 'গাবসারা ইউনিয়ন', '0', '0', NULL, NULL),
(214, 268, '', 'ফলদা ইউনিয়ন', '0', '0', NULL, NULL),
(215, 268, '', 'গোবিন্দাসী ইউনিয়ন', '0', '0', NULL, NULL),
(216, 268, '', 'আলোয়া ইউনিয়ন', '0', '0', NULL, NULL),
(217, 268, '', 'নিকরাইল ইউনিয়ন', '0', '0', NULL, NULL),
(218, 267, '', 'দেউলী ইউনিয়ন', '0', '0', NULL, NULL),
(219, 267, '', 'লাউহাটি ইউনিয়ন', '0', '0', NULL, NULL),
(220, 267, '', 'পাথরাইল ইউনিয়ন', '0', '0', NULL, NULL),
(221, 267, '', 'দেলদুয়ার ইউনিয়ন', '0', '0', NULL, NULL),
(222, 267, '', 'ফাজিলহাটি ইউনিয়ন', '0', '0', NULL, NULL),
(223, 267, '', 'এলাসিন ইউনিয়ন', '0', '0', NULL, NULL),
(224, 267, '', 'আটিয়া ইউনিয়ন', '0', '0', NULL, NULL),
(225, 267, '', 'ডুবাইল ইউনিয়ন', '0', '0', NULL, NULL),
(226, 262, '', 'দেউলাবাড়ী ইউনিয়ন', '0', '0', NULL, NULL),
(227, 262, '', 'ঘাটাইল ইউনিয়ন', '0', '0', NULL, NULL),
(228, 262, '', 'জামুরিয়া ইউনিয়ন', '0', '0', NULL, NULL),
(229, 262, '', 'লোকেরপাড়া ইউনিয়ন', '0', '0', NULL, NULL),
(230, 262, '', 'আনেহলা ইউনিয়ন', '0', '0', NULL, NULL),
(231, 262, '', 'দিঘলকান্দি ইউনিয়ন', '0', '0', NULL, NULL),
(232, 262, '', 'দিগড় ইউনিয়ন', '0', '0', NULL, NULL),
(233, 262, '', 'দেওপাড়া ইউনিয়ন', '0', '0', NULL, NULL),
(234, 262, '', 'সন্ধানপুর ইউনিয়ন', '0', '0', NULL, NULL),
(235, 262, '', 'রসুলপুর ইউনিয়ন', '0', '0', NULL, NULL),
(236, 262, '', 'ধলাপাড়া ইউনিয়ন', '0', '0', NULL, NULL),
(237, 266, '', 'হাদিরা ইউনিয়ন', '0', '0', NULL, NULL),
(238, 266, '', 'ঝাওয়াইল ইউনিয়ন', '0', '0', NULL, NULL),
(239, 266, '', 'নগদাশিমলা ইউনিয়ন', '0', '0', NULL, NULL),
(240, 266, '', 'ধোপাকান্দি ইউনিয়ন', '0', '0', NULL, NULL),
(241, 266, '', 'আলমনগর ইউনিয়ন', '0', '0', NULL, NULL),
(242, 266, '', 'হেমনগর ইউনিয়ন', '0', '0', NULL, NULL),
(243, 266, '', 'মির্জাপুর ইউনিয়ন', '0', '0', NULL, NULL),
(244, 261, '', 'আলোকদিয়া ইউনিয়ন', '0', '0', NULL, NULL),
(245, 261, '', 'আউশনারা ইউনিয়ন', '0', '0', NULL, NULL),
(246, 261, '', 'অরণখোলা ইউনিয়ন', '0', '0', NULL, NULL),
(247, 261, '', 'শোলাকুড়ি ইউনিয়ন', '0', '0', NULL, NULL),
(248, 261, '', 'গোলাবাড়ী ইউনিয়ন', '0', '0', NULL, NULL),
(249, 261, '', 'মির্জাবাড়ী ইউনিয়ন', '0', '0', NULL, NULL),
(250, 265, '', 'মহেড়া ইউনিয়ন', '0', '0', NULL, NULL),
(251, 265, '', 'জামুর্কী ইউনিয়ন', '0', '0', NULL, NULL),
(252, 265, '', 'ফতেপুর ইউনিয়ন', '0', '0', NULL, NULL),
(253, 265, '', 'বানাইল ইউনিয়ন', '0', '0', NULL, NULL),
(254, 265, '', 'আনাইতারা ইউনিয়ন', '0', '0', NULL, NULL),
(255, 265, '', 'ওয়ার্শী ইউনিয়ন', '0', '0', NULL, NULL),
(256, 265, '', 'ভাতগ্রাম ইউনিয়ন', '0', '0', NULL, NULL),
(257, 265, '', 'বহুরিয়া ইউনিয়ন', '0', '0', NULL, NULL),
(258, 265, '', 'গোড়াই ইউনিয়ন', '0', '0', NULL, NULL),
(259, 265, '', 'আজগানা ইউনিয়ন', '0', '0', NULL, NULL),
(260, 265, '', 'তরফপুর ইউনিয়ন', '0', '0', NULL, NULL),
(261, 265, '', 'বাঁশতৈল ইউনিয়ন', '0', '0', NULL, NULL),
(262, 265, '', 'ভাওড়া ইউনিয়ন', '0', '0', NULL, NULL),
(263, 265, '', 'লতিফপুর ইউনিয়ন', '0', '0', NULL, NULL),
(264, 264, '', 'ভারড়া ইউনিয়ন', '0', '0', NULL, NULL),
(265, 264, '', 'সহবতপুর ইউনিয়ন', '0', '0', NULL, NULL),
(266, 264, '', 'গয়হাটা ইউনিয়ন', '0', '0', NULL, NULL),
(267, 264, '', 'সলিমাবাদ ইউনিয়ন', '0', '0', NULL, NULL),
(268, 264, '', 'নাগরপুর ইউনিয়ন', '0', '0', NULL, NULL),
(269, 264, '', 'মামুদনগর ইউনিয়ন', '0', '0', NULL, NULL),
(270, 264, '', 'মোকনা ইউনিয়ন', '0', '0', NULL, NULL),
(271, 264, '', 'পাকুটিয়া ইউনিয়ন', '0', '0', NULL, NULL),
(272, 264, '', 'বেকরা আটগ্রাম ইউনিয়ন', '0', '0', NULL, NULL),
(273, 264, '', 'ধুবড়িয়া ইউনিয়ন', '0', '0', NULL, NULL),
(274, 264, '', 'ভাদ্রা ইউনিয়ন', '0', '0', NULL, NULL),
(275, 264, '', 'দপ্তিয়র ইউনিয়ন', '0', '0', NULL, NULL),
(276, 259, '', 'কাকড়াজান ইউনিয়ন', '0', '0', NULL, NULL),
(277, 259, '', 'গজারিয়া ইউনিয়ন', '0', '0', NULL, NULL),
(278, 259, '', 'যাদবপুর ইউনিয়ন', '0', '0', NULL, NULL),
(279, 259, '', 'হাতীবান্ধা ইউনিয়ন', '0', '0', NULL, NULL),
(280, 259, '', 'কালিয়া ইউনিয়ন', '0', '0', NULL, NULL),
(281, 259, '', 'দরিয়াপুর ইউনিয়ন', '0', '0', NULL, NULL),
(282, 259, '', 'কালমেঘা ইউনিয়ন', '0', '0', NULL, NULL),
(283, 259, '', 'বহেড়াতৈল ইউনিয়ন', '0', '0', NULL, NULL),
(284, 258, '', 'মগড়া ইউনিয়ন', '0', '0', NULL, NULL),
(285, 258, '', 'গালা ইউনিয়ন', '0', '0', NULL, NULL),
(286, 258, '', 'ঘারিন্দা ইউনিয়ন', '0', '0', NULL, NULL),
(287, 258, '', 'করটিয়া ইউনিয়ন', '0', '0', NULL, NULL),
(288, 258, '', 'ছিলিমপুর ইউনিয়ন', '0', '0', NULL, NULL),
(289, 258, '', 'পোড়াবাড়ী ইউনিয়ন', '0', '0', NULL, NULL),
(290, 258, '', 'দাইন্যা ইউনিয়ন', '0', '0', NULL, NULL),
(291, 258, '', 'বাঘিল ইউনিয়ন', '0', '0', NULL, NULL),
(292, 258, '', 'কাকুয়া ইউনিয়ন', '0', '0', NULL, NULL),
(293, 258, '', 'হুগড়া ইউনিয়ন', '0', '0', NULL, NULL),
(294, 258, '', 'কাতুলী ইউনিয়ন', '0', '0', NULL, NULL),
(295, 258, '', 'মাহমুদনগর ইউনিয়ন', '0', '0', NULL, NULL),
(296, 263, '', 'দুর্গাপুর ইউনিয়ন', '0', '0', NULL, NULL),
(297, 263, '', 'বীরবাসিন্দা ইউনিয়ন', '0', '0', NULL, NULL),
(298, 263, '', 'নারান্দিয়া ইউনিয়ন', '0', '0', NULL, NULL),
(299, 263, '', 'সহদেবপুর ইউনিয়ন', '0', '0', NULL, NULL),
(300, 263, '', 'কোকডহরা ইউনিয়ন', '0', '0', NULL, NULL),
(301, 263, '', 'বল্লা ইউনিয়ন', '0', '0', NULL, NULL),
(302, 263, '', 'সল্লা ইউনিয়ন', '0', '0', NULL, NULL),
(303, 263, '', 'নাগবাড়ী ইউনিয়ন', '0', '0', NULL, NULL),
(304, 263, '', 'বাংড়া ইউনিয়ন', '0', '0', NULL, NULL),
(305, 263, '', 'পাইকড়া ইউনিয়ন', '0', '0', NULL, NULL),
(306, 263, '', 'দশকিয়া ইউনিয়ন', '0', '0', NULL, NULL),
(307, 263, '', 'পারখী ইউনিয়ন', '0', '0', NULL, NULL),
(308, 263, '', 'গোহালিয়াবাড়ী ইউনিয়ন', '0', '0', NULL, NULL),
(309, 269, '', 'ধোপাখালী ইউনিয়ন', '0', '0', NULL, NULL),
(310, 269, '', 'পাইস্কা ইউনিয়ন', '0', '0', NULL, NULL),
(311, 269, '', 'মুশুদ্দি ইউনিয়ন', '0', '0', NULL, NULL),
(312, 269, '', 'বলিভদ্র ইউনিয়ন', '0', '0', NULL, NULL),
(313, 269, '', 'বীরতারা ইউনিয়ন', '0', '0', NULL, NULL),
(314, 269, '', 'বানিয়াজান ইউনিয়ন', '0', '0', NULL, NULL),
(315, 269, '', 'যদুনাথপুর ইউনিয়ন', '0', '0', NULL, NULL),
(316, 182, '', 'চৌগাংগা', '0', '0', NULL, NULL),
(317, 182, '', 'জয়সিদ্ধি', '0', '0', NULL, NULL),
(318, 182, '', 'এলংজুরী', '0', '0', NULL, NULL),
(319, 182, '', 'বাদলা', '0', '0', NULL, NULL),
(320, 182, '', 'বড়িবাড়ি', '0', '0', NULL, NULL),
(321, 182, '', 'ইটনা ইউনিয়ন', '0', '0', NULL, NULL),
(322, 182, '', 'মৃগা', '0', '0', NULL, NULL),
(323, 182, '', 'ধনপুর', '0', '0', NULL, NULL),
(324, 182, '', 'রায়টুটি', '0', '0', NULL, NULL),
(325, 184, '', 'বনগ্রাম', '0', '0', NULL, NULL),
(326, 184, '', 'সহশ্রাম ধুলদিয়া', '0', '0', NULL, NULL),
(327, 184, '', 'কারগাঁও', '0', '0', NULL, NULL),
(328, 184, '', 'চান্দপুর', '0', '0', NULL, NULL),
(329, 184, '', 'মুমুরদিয়া', '0', '0', NULL, NULL),
(330, 184, '', 'আচমিতা', '0', '0', NULL, NULL),
(331, 184, '', 'মসূয়া', '0', '0', NULL, NULL),
(332, 184, '', 'লোহাজুরী', '0', '0', NULL, NULL),
(333, 184, '', 'জালালপুর', '0', '0', NULL, NULL),
(334, 180, '', 'সাদেকপুর', '0', '0', NULL, NULL),
(335, 180, '', 'আগানগর', '0', '0', NULL, NULL),
(336, 180, '', 'শিমুলকান্দি', '0', '0', NULL, NULL),
(337, 180, '', 'গজারিয়া', '0', '0', NULL, NULL),
(338, 180, '', 'কালিকা প্রসাদ', '0', '0', NULL, NULL),
(339, 180, '', 'শ্রীনগর', '0', '0', NULL, NULL),
(340, 180, '', 'শিবপুর', '0', '0', NULL, NULL),
(341, 190, '', 'তালজাঙ্গা', '0', '0', NULL, NULL),
(342, 190, '', 'রাউতি', '0', '0', NULL, NULL),
(343, 190, '', 'ধলা', '0', '0', NULL, NULL),
(344, 190, '', 'জাওয়ার', '0', '0', NULL, NULL),
(345, 190, '', 'দামিহা', '0', '0', NULL, NULL),
(346, 190, '', 'দিগদাইর', '0', '0', NULL, NULL),
(347, 190, '', 'তাড়াইল-সাচাইল', '0', '0', NULL, NULL),
(348, 181, '', 'জিনারী', '0', '0', NULL, NULL),
(349, 181, '', 'গোবিন্দপুর', '0', '0', NULL, NULL),
(350, 181, '', 'সিদলা', '0', '0', NULL, NULL),
(351, 181, '', 'আড়াইবাড়িয়া', '0', '0', NULL, NULL),
(352, 181, '', 'সাহেদল', '0', '0', NULL, NULL),
(353, 181, '', 'পুমদি', '0', '0', NULL, NULL),
(354, 189, '', 'জাঙ্গালিয়া', '0', '0', NULL, NULL),
(355, 189, '', 'হোসেনদি', '0', '0', NULL, NULL),
(356, 189, '', 'নারান্দি', '0', '0', NULL, NULL),
(357, 189, '', 'সুখিয়া', '0', '0', NULL, NULL),
(358, 189, '', 'পটুয়াভাঙ্গা', '0', '0', NULL, NULL),
(359, 189, '', 'চান্দিপাশা', '0', '0', NULL, NULL),
(360, 189, '', 'চারফারাদি', '0', '0', NULL, NULL),
(361, 189, '', 'বুড়ুদিয়া', '0', '0', NULL, NULL),
(362, 189, '', 'ইজারাসিন্দুর', '0', '0', NULL, NULL),
(363, 189, '', 'পাকন্দিয়া', '0', '0', NULL, NULL),
(364, 186, '', 'রামদী', '0', '0', NULL, NULL),
(365, 186, '', 'উছমানপুর', '0', '0', NULL, NULL),
(366, 186, '', 'ছয়সূতী', '0', '0', NULL, NULL),
(367, 186, '', 'সালুয়া', '0', '0', NULL, NULL),
(368, 186, '', 'গোবরিয়া আব্দুল্লাহপুর', '0', '0', NULL, NULL),
(369, 186, '', 'ফরিদপুর', '0', '0', NULL, NULL),
(370, 185, '', 'রশিদাবাদ', '0', '0', NULL, NULL),
(371, 185, '', 'লতিবাবাদ', '0', '0', NULL, NULL),
(372, 185, '', 'মাইজখাপন', '0', '0', NULL, NULL),
(373, 185, '', 'মহিনন্দ', '0', '0', NULL, NULL),
(374, 185, '', 'যশোদল', '0', '0', NULL, NULL),
(375, 185, '', 'বৌলাই', '0', '0', NULL, NULL),
(376, 185, '', 'বিন্নাটি', '0', '0', NULL, NULL),
(377, 185, '', 'মারিয়া', '0', '0', NULL, NULL),
(378, 185, '', 'চৌদ্দশত', '0', '0', NULL, NULL),
(379, 185, '', 'কর্শাকড়িয়াইল', '0', '0', NULL, NULL),
(380, 185, '', 'দানাপাটুলী', '0', '0', NULL, NULL),
(381, 183, '', 'কাদিরজঙ্গল', '0', '0', NULL, NULL),
(382, 183, '', 'গুজাদিয়া', '0', '0', NULL, NULL),
(383, 183, '', 'কিরাটন ইউনিয়ন', '0', '0', NULL, NULL),
(384, 183, '', 'বারঘড়িয়া', '0', '0', NULL, NULL),
(385, 183, '', 'নিয়ামতপুর', '0', '0', NULL, NULL),
(386, 183, '', 'দেহুন্দা', '0', '0', NULL, NULL),
(387, 183, '', 'সুতারপাড়া', '0', '0', NULL, NULL),
(388, 183, '', 'গুনধর', '0', '0', NULL, NULL),
(389, 183, '', 'জয়কা', '0', '0', NULL, NULL),
(390, 183, '', 'জাফরাবাদ', '0', '0', NULL, NULL),
(391, 183, '', 'নোয়াবাদ', '0', '0', NULL, NULL),
(392, 179, '', 'কৈলাগ', '0', '0', NULL, NULL),
(393, 179, '', 'পিরিজপুর', '0', '0', NULL, NULL),
(394, 179, '', 'গাজীরচর', '0', '0', NULL, NULL),
(395, 179, '', 'হিলচিয়া', '0', '0', NULL, NULL),
(396, 179, '', 'মাইজচর', '0', '0', NULL, NULL),
(397, 179, '', 'হুমাইপর', '0', '0', NULL, NULL),
(398, 179, '', 'হালিমপুর', '0', '0', NULL, NULL),
(399, 179, '', 'সরারচর', '0', '0', NULL, NULL),
(400, 179, '', 'দিলালপুর', '0', '0', NULL, NULL),
(401, 179, '', 'দিঘীরপাড়', '0', '0', NULL, NULL),
(402, 179, '', 'বলিয়ার্দী', '0', '0', NULL, NULL),
(403, 178, '', 'দেওঘর', '0', '0', NULL, NULL),
(404, 178, '', 'কাস্তুল', '0', '0', NULL, NULL),
(405, 178, '', 'অষ্টগ্রাম সদর', '0', '0', NULL, NULL),
(406, 178, '', 'বাঙ্গালপাড়া', '0', '0', NULL, NULL),
(407, 178, '', 'কলমা', '0', '0', NULL, NULL),
(408, 178, '', 'আদমপুর', '0', '0', NULL, NULL),
(409, 178, '', 'খয়েরপুর-আব্দুল্লাপুর', '0', '0', NULL, NULL),
(410, 178, '', 'পূর্ব অষ্টগ্রাম', '0', '0', NULL, NULL),
(411, 187, '', 'গোপদিঘী', '0', '0', NULL, NULL),
(412, 187, '', 'মিঠামইন', '0', '0', NULL, NULL),
(413, 187, '', 'ঢাকী', '0', '0', NULL, NULL),
(414, 187, '', 'ঘাগড়া', '0', '0', NULL, NULL),
(415, 187, '', 'কেওয়ারজোর', '0', '0', NULL, NULL),
(416, 187, '', 'কাটখাল', '0', '0', NULL, NULL),
(417, 187, '', 'বৈরাটি', '0', '0', NULL, NULL),
(418, 188, '', 'ছাতিরচর', '0', '0', NULL, NULL),
(419, 188, '', 'গুরই', '0', '0', NULL, NULL),
(420, 188, '', 'জারইতলা', '0', '0', NULL, NULL),
(421, 188, '', 'নিকলী সদর', '0', '0', NULL, NULL),
(422, 188, '', 'কারপাশা', '0', '0', NULL, NULL),
(423, 188, '', 'দামপাড়া', '0', '0', NULL, NULL),
(424, 188, '', 'সিংপুর', '0', '0', NULL, NULL),
(425, 199, '', 'বাল্লা ইউনিয়ন', '0', '0', NULL, NULL),
(426, 199, '', 'গালা ইউনিয়ন', '0', '0', NULL, NULL),
(427, 199, '', 'চালা ইউনিয়ন', '0', '0', NULL, NULL),
(428, 199, '', 'বলড়া', '0', '0', NULL, NULL),
(429, 199, '', 'হারুকান্দি', '0', '0', NULL, NULL),
(430, 199, '', 'বয়রা', '0', '0', NULL, NULL),
(431, 199, '', 'রামকৃঞ্চপুর', '0', '0', NULL, NULL),
(432, 199, '', 'গোপীনাথপুর', '0', '0', NULL, NULL),
(433, 199, '', 'কাঞ্চনপুর', '0', '0', NULL, NULL),
(434, 199, '', 'লেছড়াগঞ্জ', '0', '0', NULL, NULL),
(435, 199, '', 'সুতালড়ী', '0', '0', NULL, NULL),
(436, 199, '', 'ধূলশুড়া', '0', '0', NULL, NULL),
(437, 199, '', 'আজিমনগর', '0', '0', NULL, NULL),
(438, 198, '', 'বরাইদ', '0', '0', NULL, NULL),
(439, 198, '', 'দিঘুলিয়া', '0', '0', NULL, NULL),
(440, 198, '', 'বালিয়াটি', '0', '0', NULL, NULL),
(441, 198, '', 'দড়গ্রাম', '0', '0', NULL, NULL),
(442, 198, '', 'তিল্লী', '0', '0', NULL, NULL),
(443, 198, '', 'হরগজ', '0', '0', NULL, NULL),
(444, 198, '', 'সাটুরিয়া', '0', '0', NULL, NULL),
(445, 198, '', 'ধানকোড়া', '0', '0', NULL, NULL),
(446, 198, '', 'ফুকুরহাটি', '0', '0', NULL, NULL),
(447, 195, '', 'বেতিলা-মিতরা ইউনিয়ন', '0', '0', NULL, NULL),
(448, 195, '', 'জাগীর ইউনিয়ন', '0', '0', NULL, NULL),
(449, 195, '', 'আটিগ্রাম ইউনিয়ন', '0', '0', NULL, NULL),
(450, 195, '', 'দিঘী ইউনিয়ন', '0', '0', NULL, NULL),
(451, 195, '', 'পুটাইল ইউনিয়ন', '0', '0', NULL, NULL),
(452, 195, '', 'হাটিপাড়া ইউনিয়ন', '0', '0', NULL, NULL),
(453, 195, '', 'ভাড়ারিয়া ইউনিয়ন', '0', '0', NULL, NULL),
(454, 195, '', 'নবগ্রাম ইউনিয়ন', '0', '0', NULL, NULL),
(455, 195, '', 'গড়পাড়া ইউনিয়ন', '0', '0', NULL, NULL),
(456, 195, '', 'কৃঞ্চপুর ইউনিয়ন', '0', '0', NULL, NULL),
(457, 200, '', 'পয়লা ইউনিয়ন', '0', '0', NULL, NULL),
(458, 200, '', 'সিংজুড়ী ইউনিয়ন', '0', '0', NULL, NULL),
(459, 200, '', 'বালিয়াখোড়া ইউনিয়ন', '0', '0', NULL, NULL),
(460, 200, '', 'ঘিওর ইউনিয়ন', '0', '0', NULL, NULL),
(461, 200, '', 'বড়টিয়া ইউনিয়ন', '0', '0', NULL, NULL),
(462, 200, '', 'বানিয়াজুড়ী', '0', '0', NULL, NULL),
(463, 200, '', 'নালী', '0', '0', NULL, NULL),
(464, 197, '', 'তেওতা ইউনিয়ন', '0', '0', NULL, NULL),
(465, 197, '', 'উথলী ইউনিয়ন', '0', '0', NULL, NULL),
(466, 197, '', 'শিবালয় ইউনিয়ন', '0', '0', NULL, NULL),
(467, 197, '', 'উলাইল ইউনিয়ন', '0', '0', NULL, NULL),
(468, 197, '', 'আরুয়া ইউনিয়ন', '0', '0', NULL, NULL),
(469, 197, '', 'মহাদেবপুর', '0', '0', NULL, NULL),
(470, 197, '', 'শিমুলিয়া', '0', '0', NULL, NULL),
(471, 201, '', 'চরকাটারী', '0', '0', NULL, NULL),
(472, 201, '', 'বাচামারা', '0', '0', NULL, NULL),
(473, 201, '', 'বাঘুটিয়া', '0', '0', NULL, NULL),
(474, 201, '', 'জিয়নপুর', '0', '0', NULL, NULL),
(475, 201, '', 'খলশী', '0', '0', NULL, NULL),
(476, 201, '', 'চকমিরপুর', '0', '0', NULL, NULL),
(477, 201, '', 'কলিয়া', '0', '0', NULL, NULL),
(478, 201, '', 'ধামশ্বর', '0', '0', NULL, NULL),
(479, 196, '', 'বায়রা', '0', '0', NULL, NULL),
(480, 196, '', 'তালেবপুর', '0', '0', NULL, NULL),
(481, 196, '', 'সিংগাইর', '0', '0', NULL, NULL),
(482, 196, '', 'বলধারা', '0', '0', NULL, NULL),
(483, 196, '', 'জামশা', '0', '0', NULL, NULL),
(484, 196, '', 'চারিগ্রাম', '0', '0', NULL, NULL),
(485, 196, '', 'শায়েস্তা', '0', '0', NULL, NULL),
(486, 196, '', 'জয়মন্টপ', '0', '0', NULL, NULL),
(487, 196, '', 'ধল্লা', '0', '0', NULL, NULL),
(488, 196, '', 'জার্মিতা', '0', '0', NULL, NULL),
(489, 196, '', 'চান্দহর', '0', '0', NULL, NULL),
(490, 149, '', 'সাভার', '0', '0', NULL, NULL),
(491, 149, '', 'বিরুলিয়া', '0', '0', NULL, NULL),
(492, 149, '', 'ধামসোনা', '0', '0', NULL, NULL),
(493, 149, '', 'শিমুলিয়া', '0', '0', NULL, NULL),
(494, 149, '', 'আশুলিয়া', '0', '0', NULL, NULL),
(495, 149, '', 'ইয়ারপুর', '0', '0', NULL, NULL),
(496, 149, '', 'ভাকুর্তা', '0', '0', NULL, NULL),
(497, 149, '', 'পাথালিয়া', '0', '0', NULL, NULL),
(498, 149, '', 'বনগাঁও', '0', '0', NULL, NULL),
(499, 149, '', 'কাউন্দিয়া', '0', '0', NULL, NULL),
(500, 149, '', 'তেঁতুলঝোড়া', '0', '0', NULL, NULL),
(501, 149, '', 'আমিনবাজার', '0', '0', NULL, NULL),
(502, 145, '', 'চৌহাট ইউনিয়ন', '0', '0', NULL, NULL),
(503, 145, '', 'আমতা ইউনিয়ন', '0', '0', NULL, NULL),
(504, 145, '', 'বালিয়া ইউনিয়ন', '0', '0', NULL, NULL),
(505, 145, '', 'যাদবপুর ইউনিয়ন', '0', '0', NULL, NULL),
(506, 145, '', 'বাইশাকান্দা ইউনিয়ন', '0', '0', NULL, NULL),
(507, 145, '', 'কুশুরা', '0', '0', NULL, NULL),
(508, 145, '', 'গাংগুটিয়া', '0', '0', NULL, NULL),
(509, 145, '', 'সানোড়া', '0', '0', NULL, NULL),
(510, 145, '', 'সূতিপাড়া', '0', '0', NULL, NULL),
(511, 145, '', 'সোমভাগ', '0', '0', NULL, NULL),
(512, 145, '', 'ভাড়ারিয়া', '0', '0', NULL, NULL),
(513, 145, '', 'ধামরাই', '0', '0', NULL, NULL),
(514, 145, '', 'কুল্লা', '0', '0', NULL, NULL),
(515, 145, '', 'রোয়াইল', '0', '0', NULL, NULL),
(516, 145, '', 'সুয়াপুর', '0', '0', NULL, NULL),
(517, 145, '', 'নান্নার', '0', '0', NULL, NULL),
(518, 147, '', 'হযরতপুর', '0', '0', NULL, NULL),
(519, 147, '', 'কলাতিয়া ইউনিয়ন', '0', '0', NULL, NULL),
(520, 147, '', 'তারানগর', '0', '0', NULL, NULL),
(521, 147, '', 'শাক্তা', '0', '0', NULL, NULL),
(522, 147, '', 'রোহিতপুর', '0', '0', NULL, NULL),
(523, 147, '', 'বাস্তা', '0', '0', NULL, NULL),
(524, 147, '', 'কালিন্দি', '0', '0', NULL, NULL),
(525, 147, '', 'জিনজিরা', '0', '0', NULL, NULL),
(526, 147, '', 'শুভাঢ্যা ইউনিয়ন', '0', '0', NULL, NULL),
(527, 147, '', 'তেঘরিয়া ইউনিয়ন', '0', '0', NULL, NULL),
(528, 147, '', 'কোন্ডা ইউনিয়ন', '0', '0', NULL, NULL),
(529, 147, '', 'আগানগর ইউনিয়ন', '0', '0', NULL, NULL),
(530, 148, '', 'শিকারীপাড়া ইউনিয়ন', '0', '0', NULL, NULL),
(531, 148, '', 'জয়কৃষ্ণপুর ইউনিয়ন', '0', '0', NULL, NULL),
(532, 148, '', 'বারুয়াখালী ইউনিয়ন', '0', '0', NULL, NULL),
(533, 148, '', 'নয়নশ্রী', '0', '0', NULL, NULL),
(534, 148, '', 'শোল্লা ইউনিয়ন', '0', '0', NULL, NULL),
(535, 148, '', 'যন্ত্রাইল ইউনিয়ন', '0', '0', NULL, NULL),
(536, 148, '', 'বান্দুরা ইউনিয়ন', '0', '0', NULL, NULL),
(537, 148, '', 'কলাকোপা ইউনিয়ন', '0', '0', NULL, NULL),
(538, 148, '', 'বক্সনগর ইউনিয়ন', '0', '0', NULL, NULL),
(539, 148, '', 'বাহ্রা', '0', '0', NULL, NULL),
(540, 148, '', 'কৈলাইল', '0', '0', NULL, NULL),
(541, 148, '', 'আগলা ইউনিয়ন', '0', '0', NULL, NULL),
(542, 148, '', 'গালিমপুর', '0', '0', NULL, NULL),
(543, 148, '', 'চুড়াইন', '0', '0', NULL, NULL),
(544, 146, '', 'নয়াবাড়ী ইউনিয়ন', '0', '0', NULL, NULL),
(545, 146, '', 'কুসুমহাটি ইউনিয়ন', '0', '0', NULL, NULL),
(546, 146, '', 'রাইপাড়া ইউনিয়ন', '0', '0', NULL, NULL),
(547, 146, '', 'সুতারপাড়া ইউনিয়ন', '0', '0', NULL, NULL),
(548, 146, '', 'নারিশা ইউনিয়ন', '0', '0', NULL, NULL),
(549, 146, '', 'মুকসুদপুর ইউনিয়ন', '0', '0', NULL, NULL),
(550, 146, '', 'মাহমুদপুর ইউনিয়ন', '0', '0', NULL, NULL),
(551, 146, '', 'বিলাসপুর ইউনিয়ন', '0', '0', NULL, NULL),
(552, 204, '', 'রামপাল', '0', '0', NULL, NULL),
(553, 204, '', 'পঞ্চসার', '0', '0', NULL, NULL),
(554, 204, '', 'বজ্রযোগিনী', '0', '0', NULL, NULL),
(555, 204, '', 'মহাকালী', '0', '0', NULL, NULL),
(556, 204, '', 'চরকেওয়ার', '0', '0', NULL, NULL),
(557, 204, '', 'মোল্লাকান্দি', '0', '0', NULL, NULL),
(558, 204, '', 'আধারা', '0', '0', NULL, NULL),
(559, 204, '', 'শিলই', '0', '0', NULL, NULL),
(560, 204, '', 'বাংলাবাজার', '0', '0', NULL, NULL),
(561, 203, '', 'বাড়েখাল', '0', '0', NULL, NULL),
(562, 203, '', 'হাসাড়া', '0', '0', NULL, NULL),
(563, 203, '', 'বাড়তারা', '0', '0', NULL, NULL),
(564, 203, '', 'ষোলঘর', '0', '0', NULL, NULL),
(565, 203, '', 'শ্রীনগর', '0', '0', NULL, NULL),
(566, 203, '', 'পাঢাভোগ', '0', '0', NULL, NULL),
(567, 203, '', 'শ্যামসিদ্দি', '0', '0', NULL, NULL),
(568, 203, '', 'কুলাপাড়া', '0', '0', NULL, NULL),
(569, 203, '', 'ভাগ্যকুল', '0', '0', NULL, NULL),
(570, 203, '', 'বাঘড়া', '0', '0', NULL, NULL),
(571, 203, '', 'রাঢ়ীখাল', '0', '0', NULL, NULL),
(572, 203, '', 'কুকুটিয়া', '0', '0', NULL, NULL),
(573, 203, '', 'আটপাড়া', '0', '0', NULL, NULL),
(574, 203, '', 'তন্তর', '0', '0', NULL, NULL),
(575, 205, '', 'চিত্রকোট ইউনিয়ন', '0', '0', NULL, NULL),
(576, 205, '', 'শেখরনগার', '0', '0', NULL, NULL),
(577, 205, '', 'রাজানগর', '0', '0', NULL, NULL),
(578, 205, '', 'কেয়াইন', '0', '0', NULL, NULL),
(579, 205, '', 'বাসাইল', '0', '0', NULL, NULL),
(580, 205, '', 'বালুচর', '0', '0', NULL, NULL),
(581, 205, '', 'লতাব্দী', '0', '0', NULL, NULL),
(582, 205, '', 'রশুনিয়া', '0', '0', NULL, NULL),
(583, 205, '', 'ইছাপুরা', '0', '0', NULL, NULL),
(584, 205, '', 'বয়রাগাদি', '0', '0', NULL, NULL),
(585, 205, '', 'মালখানগর', '0', '0', NULL, NULL),
(586, 205, '', 'মধ্যপাড়া', '0', '0', NULL, NULL),
(587, 205, '', 'কোলা', '0', '0', NULL, NULL),
(588, 205, '', 'জৈনসার', '0', '0', NULL, NULL),
(589, 202, '', 'মেদিনীমন্ডল', '0', '0', NULL, NULL),
(590, 202, '', 'কুমারভোগ', '0', '0', NULL, NULL),
(591, 202, '', 'হলদিয়া', '0', '0', NULL, NULL),
(592, 202, '', 'কনকসার', '0', '0', NULL, NULL),
(593, 202, '', 'লৌহজং-তেওটিয়া', '0', '0', NULL, NULL),
(594, 202, '', 'বেজগাঁও', '0', '0', NULL, NULL),
(595, 202, '', 'বৌলতলী', '0', '0', NULL, NULL),
(596, 202, '', 'খিদিরপাড়া', '0', '0', NULL, NULL),
(597, 202, '', 'গাওদিয়া', '0', '0', NULL, NULL),
(598, 202, '', 'কলমা', '0', '0', NULL, NULL),
(599, 207, '', 'গজারিয়া', '0', '0', NULL, NULL),
(600, 207, '', 'বাউশিয়া', '0', '0', NULL, NULL),
(601, 207, '', 'ভবেরচর', '0', '0', NULL, NULL),
(602, 207, '', 'বালুয়াকান্দী', '0', '0', NULL, NULL),
(603, 207, '', 'টেংগারচর', '0', '0', NULL, NULL),
(604, 207, '', 'হোসেন্দী', '0', '0', NULL, NULL),
(605, 207, '', 'গুয়াগাছিয়া', '0', '0', NULL, NULL),
(606, 207, '', 'ইমামপুর', '0', '0', NULL, NULL),
(607, 206, '', 'বেতকা', '0', '0', NULL, NULL),
(608, 206, '', 'আব্দুল্লাপুর', '0', '0', NULL, NULL),
(609, 206, '', 'সোনারং টংগীবাড়ী', '0', '0', NULL, NULL),
(610, 206, '', 'আউটশাহী', '0', '0', NULL, NULL),
(611, 206, '', 'আড়িয়ল বালিগাঁও', '0', '0', NULL, NULL),
(612, 206, '', 'ধীপুর', '0', '0', NULL, NULL),
(613, 206, '', 'কাঠাদিয়া শিমুলিয়া', '0', '0', NULL, NULL),
(614, 206, '', 'যশলং', '0', '0', NULL, NULL),
(615, 206, '', 'পাঁচগাও', '0', '0', NULL, NULL),
(616, 206, '', 'কামারখাড়া ইউনিয়ন', '0', '0', NULL, NULL),
(617, 206, '', 'হাসাইল বানারী', '0', '0', NULL, NULL),
(618, 206, '', 'দিঘীরপাড়', '0', '0', NULL, NULL),
(619, 246, '', 'মিজানপুর', '0', '0', NULL, NULL),
(620, 246, '', 'বরাট', '0', '0', NULL, NULL),
(621, 246, '', 'চন্দনী', '0', '0', NULL, NULL),
(622, 246, '', 'খানগঞ্জ', '0', '0', NULL, NULL),
(623, 246, '', 'বানীবহ', '0', '0', NULL, NULL),
(624, 246, '', 'দাদশী', '0', '0', NULL, NULL),
(625, 246, '', 'মুলঘর', '0', '0', NULL, NULL),
(626, 246, '', 'বসন্তপুর', '0', '0', NULL, NULL),
(627, 246, '', 'খানখানাপুর', '0', '0', NULL, NULL),
(628, 246, '', 'আলীপুর', '0', '0', NULL, NULL),
(629, 246, '', 'রামকান্তপুর', '0', '0', NULL, NULL),
(630, 246, '', 'শহীদওহাবপুর', '0', '0', NULL, NULL),
(631, 246, '', 'পাঁচুরিয়া', '0', '0', NULL, NULL),
(632, 246, '', 'সুলতানপুর', '0', '0', NULL, NULL),
(633, 243, '', 'দৌলতদিয়া', '0', '0', NULL, NULL),
(634, 243, '', 'দেবগ্রাম', '0', '0', NULL, NULL),
(635, 243, '', 'উজানচর', '0', '0', NULL, NULL),
(636, 243, '', 'ছোটভাকলা', '0', '0', NULL, NULL),
(637, 244, '', 'বাহাদুরপুর', '0', '0', NULL, NULL),
(638, 244, '', 'হাবাসপুর', '0', '0', NULL, NULL),
(639, 244, '', 'যশাই', '0', '0', NULL, NULL),
(640, 244, '', 'বাবুপাড়া', '0', '0', NULL, NULL),
(641, 244, '', 'মৌরাট', '0', '0', NULL, NULL),
(642, 244, '', 'পাট্টা', '0', '0', NULL, NULL),
(643, 244, '', 'সরিষা', '0', '0', NULL, NULL),
(644, 244, '', 'কলিমহর', '0', '0', NULL, NULL),
(645, 244, '', 'কসবামাজাইল', '0', '0', NULL, NULL),
(646, 244, '', 'মাছপাড়া', '0', '0', NULL, NULL),
(647, 242, '', 'ইসলামপুর', '0', '0', NULL, NULL),
(648, 242, '', 'বহরপুর', '0', '0', NULL, NULL),
(649, 242, '', 'নবাবপুর', '0', '0', NULL, NULL),
(650, 242, '', 'নারুয়া', '0', '0', NULL, NULL),
(651, 242, '', 'বালিয়াকান্দি', '0', '0', NULL, NULL),
(652, 242, '', 'জঙ্গল', '0', '0', NULL, NULL),
(653, 242, '', 'জামালপুর', '0', '0', NULL, NULL),
(654, 245, '', 'কালুখালী', '0', '0', NULL, NULL),
(655, 245, '', 'রতনদিয়া', '0', '0', NULL, NULL),
(656, 245, '', 'কালিকাপুর', '0', '0', NULL, NULL),
(657, 245, '', 'বোয়ালিয়া', '0', '0', NULL, NULL),
(658, 245, '', 'মাজবাড়ী', '0', '0', NULL, NULL),
(659, 245, '', 'মদাপুর', '0', '0', NULL, NULL),
(660, 245, '', 'সাওরাইল', '0', '0', NULL, NULL),
(661, 245, '', 'মৃগী', '0', '0', NULL, NULL),
(662, 191, '', 'শিড়খাড়া', '0', '0', NULL, NULL),
(663, 191, '', 'বাহাদুরপুর', '0', '0', NULL, NULL),
(664, 191, '', 'কুনিয়া', '0', '0', NULL, NULL),
(665, 191, '', 'পেয়ারপুর', '0', '0', NULL, NULL),
(666, 191, '', 'কেন্দুয়া', '0', '0', NULL, NULL),
(667, 191, '', 'মস্তফাপুর', '0', '0', NULL, NULL),
(668, 191, '', 'দুধখালী', '0', '0', NULL, NULL),
(669, 191, '', 'কালিকাপুর', '0', '0', NULL, NULL),
(670, 191, '', 'ছিলারচর', '0', '0', NULL, NULL),
(671, 191, '', 'পাঁচখোলা', '0', '0', NULL, NULL),
(672, 191, '', 'ঘটমাঝি', '0', '0', NULL, NULL),
(673, 191, '', 'ঝাউদী', '0', '0', NULL, NULL),
(674, 191, '', 'খোয়াজপুর', '0', '0', NULL, NULL),
(675, 191, '', 'রাস্তি', '0', '0', NULL, NULL),
(676, 191, '', 'ধুরাইল', '0', '0', NULL, NULL),
(677, 194, '', 'শিবচর', '0', '0', NULL, NULL),
(678, 194, '', 'দ্বিতীয়খন্ড', '0', '0', NULL, NULL),
(679, 194, '', 'নিলখি', '0', '0', NULL, NULL),
(680, 194, '', 'বন্দরখোলা', '0', '0', NULL, NULL),
(681, 194, '', 'চরজানাজাত', '0', '0', NULL, NULL),
(682, 194, '', 'মাদবরেরচর', '0', '0', NULL, NULL),
(683, 194, '', 'পাঁচচর', '0', '0', NULL, NULL),
(684, 194, '', 'সন্যাসিরচর', '0', '0', NULL, NULL),
(685, 194, '', 'কাঁঠালবাড়ী', '0', '0', NULL, NULL),
(686, 194, '', 'কুতুবপুর', '0', '0', NULL, NULL),
(687, 194, '', 'কাদিরপুর', '0', '0', NULL, NULL),
(688, 194, '', 'ভান্ডারীকান্দি', '0', '0', NULL, NULL),
(689, 194, '', 'বহেরাতলা দক্ষিণ', '0', '0', NULL, NULL),
(690, 194, '', 'বহেরাতলা উত্তর', '0', '0', NULL, NULL),
(691, 194, '', 'বাঁশকান্দি', '0', '0', NULL, NULL),
(692, 194, '', 'উমেদপুর', '0', '0', NULL, NULL),
(693, 194, '', 'ভদ্রাসন', '0', '0', NULL, NULL),
(694, 194, '', 'শিরুয়াইল', '0', '0', NULL, NULL),
(695, 194, '', 'দত্তপাড়া', '0', '0', NULL, NULL),
(696, 192, '', 'আলীনগর', '0', '0', NULL, NULL),
(697, 192, '', 'বালীগ্রাম', '0', '0', NULL, NULL),
(698, 192, '', 'বাঁশগাড়ী', '0', '0', NULL, NULL),
(699, 192, '', 'চরদৌলতখান', '0', '0', NULL, NULL),
(700, 192, '', 'ডাসার', '0', '0', NULL, NULL),
(701, 192, '', 'এনায়েতনগর', '0', '0', NULL, NULL),
(702, 192, '', 'গোপালপুর', '0', '0', NULL, NULL),
(703, 192, '', 'কয়ারিয়া', '0', '0', NULL, NULL),
(704, 192, '', 'কাজীবাকাই', '0', '0', NULL, NULL),
(705, 192, '', 'লক্ষীপুর', '0', '0', NULL, NULL),
(706, 192, '', 'নবগ্রাম', '0', '0', NULL, NULL),
(707, 192, '', 'রমজানপুর', '0', '0', NULL, NULL),
(708, 192, '', 'সাহেবরামপুর', '0', '0', NULL, NULL),
(709, 192, '', 'শিকারমঙ্গল', '0', '0', NULL, NULL),
(710, 193, '', 'হরিদাসদী-মহেন্দ্রদী', '0', '0', NULL, NULL),
(711, 193, '', 'কদমবাড়ী', '0', '0', NULL, NULL),
(712, 193, '', 'বাজিতপুর', '0', '0', NULL, NULL),
(713, 193, '', 'আমগ্রাম', '0', '0', NULL, NULL),
(714, 193, '', 'রাজৈর', '0', '0', NULL, NULL),
(715, 193, '', 'খালিয়া', '0', '0', NULL, NULL),
(716, 193, '', 'ইশিবপুর', '0', '0', NULL, NULL),
(717, 193, '', 'বদরপাশা', '0', '0', NULL, NULL),
(718, 193, '', 'কবিরাজপুর', '0', '0', NULL, NULL),
(719, 193, '', 'হোসেনপুর', '0', '0', NULL, NULL),
(720, 193, '', 'পাইকপাড়া', '0', '0', NULL, NULL),
(721, 165, '', 'জালালাবাদ', '0', '0', NULL, NULL),
(722, 165, '', 'শুকতাইল', '0', '0', NULL, NULL),
(723, 165, '', 'চন্দ্রদিঘলিয়া', '0', '0', NULL, NULL),
(724, 165, '', 'গোপীনাথপুর', '0', '0', NULL, NULL),
(725, 165, '', 'পাইককান্দি', '0', '0', NULL, NULL),
(726, 165, '', 'উরফি', '0', '0', NULL, NULL),
(727, 165, '', 'লতিফপুর', '0', '0', NULL, NULL),
(728, 165, '', 'সাতপাড় ইউনিয়ন', '0', '0', NULL, NULL),
(729, 165, '', 'সাহাপুর', '0', '0', NULL, NULL),
(730, 165, '', 'হরিদাসপুর', '0', '0', NULL, NULL),
(731, 165, '', 'উলপুর ইউনিয়ন', '0', '0', NULL, NULL),
(732, 165, '', 'নিজড়া', '0', '0', NULL, NULL),
(733, 165, '', 'করপাড়া ইউনিয়ন', '0', '0', NULL, NULL),
(734, 165, '', 'দুর্গাপুর ইউনিয়ন', '0', '0', NULL, NULL),
(735, 165, '', 'কাজুলিয়া', '0', '0', NULL, NULL),
(736, 165, '', 'মাঝিগাতী', '0', '0', NULL, NULL),
(737, 165, '', 'রঘুনাথপুর ইউনিয়ন', '0', '0', NULL, NULL),
(738, 165, '', 'গোবরা ইউনিয়ন', '0', '0', NULL, NULL),
(739, 165, '', 'বোড়াশী ইউনিয়ন', '0', '0', NULL, NULL),
(740, 165, '', 'কাঠি', '0', '0', NULL, NULL),
(741, 165, '', 'বৌলতলী', '0', '0', NULL, NULL),
(742, 166, '', 'কাশিয়ানী', '0', '0', NULL, NULL),
(743, 166, '', 'হাতিয়াড়া', '0', '0', NULL, NULL),
(744, 166, '', 'ফুকরা', '0', '0', NULL, NULL),
(745, 166, '', 'রাজপাট', '0', '0', NULL, NULL),
(746, 166, '', 'বেথুড়ী', '0', '0', NULL, NULL),
(747, 166, '', 'নিজামকান্দি', '0', '0', NULL, NULL),
(748, 166, '', 'সাজাইল', '0', '0', NULL, NULL),
(749, 166, '', 'মাহমুদপুর', '0', '0', NULL, NULL),
(750, 166, '', 'মহেশপুর', '0', '0', NULL, NULL),
(751, 166, '', 'ওড়াকান্দি', '0', '0', NULL, NULL),
(752, 166, '', 'পারুলিয়া', '0', '0', NULL, NULL),
(753, 166, '', 'রাতইল', '0', '0', NULL, NULL),
(754, 166, '', 'পুইশুর', '0', '0', NULL, NULL),
(755, 166, '', 'সিংগা', '0', '0', NULL, NULL),
(756, 169, '', 'কুশলী', '0', '0', NULL, NULL),
(757, 169, '', 'গোপালপুর', '0', '0', NULL, NULL),
(758, 169, '', 'পাটগাতী', '0', '0', NULL, NULL),
(759, 169, '', 'বর্ণি', '0', '0', NULL, NULL),
(760, 169, '', 'ডুমরিয়া', '0', '0', NULL, NULL),
(761, 167, '', 'সাদুল্লাপুর', '0', '0', NULL, NULL),
(762, 167, '', 'রামশীল', '0', '0', NULL, NULL),
(763, 167, '', 'বান্ধাবাড়ী', '0', '0', NULL, NULL),
(764, 167, '', 'কলাবাড়ী', '0', '0', NULL, NULL),
(765, 167, '', 'কুশলা', '0', '0', NULL, NULL),
(766, 167, '', 'আমতলী', '0', '0', NULL, NULL),
(767, 167, '', 'পিঞ্জুরী', '0', '0', NULL, NULL),
(768, 167, '', 'ঘাঘর', '0', '0', NULL, NULL),
(769, 167, '', 'রাধাগঞ্জ', '0', '0', NULL, NULL),
(770, 167, '', 'হিরণ', '0', '0', NULL, NULL),
(771, 167, '', 'কান্দি', '0', '0', NULL, NULL),
(772, 168, '', 'উজানী', '0', '0', NULL, NULL),
(773, 168, '', 'দিগনগর', '0', '0', NULL, NULL),
(774, 168, '', 'পশারগাতি', '0', '0', NULL, NULL),
(775, 168, '', 'গোবিন্দপুর', '0', '0', NULL, NULL),
(776, 168, '', 'খান্দারপাড়া', '0', '0', NULL, NULL),
(777, 168, '', 'বহুগ্রাম', '0', '0', NULL, NULL),
(778, 168, '', 'বাশঁবাড়িয়া', '0', '0', NULL, NULL),
(779, 168, '', 'ভাবড়াশুর', '0', '0', NULL, NULL),
(780, 168, '', 'মহারাজপুর', '0', '0', NULL, NULL),
(781, 168, '', 'বাটিকামারী', '0', '0', NULL, NULL),
(782, 168, '', 'জলিরপাড়', '0', '0', NULL, NULL),
(783, 168, '', 'রাঘদী', '0', '0', NULL, NULL),
(784, 168, '', 'গোহালা', '0', '0', NULL, NULL),
(785, 168, '', 'মোচনা', '0', '0', NULL, NULL),
(786, 168, '', 'কাশালিয়া', '0', '0', NULL, NULL),
(787, 150, '', 'ঈশানগোপালপুর', '0', '0', NULL, NULL),
(788, 150, '', 'চরমাধবদিয়া', '0', '0', NULL, NULL),
(789, 150, '', 'আলিয়াবাদ', '0', '0', NULL, NULL),
(790, 150, '', 'নর্থচ্যানেল', '0', '0', NULL, NULL),
(791, 150, '', 'ডিক্রিরচর', '0', '0', NULL, NULL),
(792, 150, '', 'মাচ্চর', '0', '0', NULL, NULL),
(793, 150, '', 'কৃষ্ণনগর', '0', '0', NULL, NULL),
(794, 150, '', 'অম্বিকাপুর', '0', '0', NULL, NULL),
(795, 150, '', 'কানাইপুর', '0', '0', NULL, NULL),
(796, 150, '', 'কৈজুরী', '0', '0', NULL, NULL),
(797, 150, '', 'গেরদা', '0', '0', NULL, NULL),
(798, 152, '', 'বুড়াইচ', '0', '0', NULL, NULL),
(799, 152, '', 'আলফাডাঙ্গা', '0', '0', NULL, NULL),
(800, 152, '', 'টগরবন্দ', '0', '0', NULL, NULL),
(801, 152, '', 'বানা', '0', '0', NULL, NULL),
(802, 152, '', 'পাঁচুড়িয়া', '0', '0', NULL, NULL),
(803, 152, '', 'গোপালপুর', '0', '0', NULL, NULL),
(804, 151, '', 'বোয়ালমারী', '0', '0', NULL, NULL),
(805, 151, '', 'দাদপুর', '0', '0', NULL, NULL),
(806, 151, '', 'চতুল', '0', '0', NULL, NULL),
(807, 151, '', 'ঘোষপুর', '0', '0', NULL, NULL),
(808, 151, '', 'গুনবহা', '0', '0', NULL, NULL),
(809, 151, '', 'চাঁদপুর', '0', '0', NULL, NULL),
(810, 151, '', 'পরমেশ্বরদী', '0', '0', NULL, NULL),
(811, 151, '', 'সাতৈর', '0', '0', NULL, NULL),
(812, 151, '', 'রূপাপাত', '0', '0', NULL, NULL),
(813, 151, '', 'শেখর', '0', '0', NULL, NULL),
(814, 151, '', 'ময়না', '0', '0', NULL, NULL),
(815, 157, '', 'চর বিষ্ণুপুর', '0', '0', NULL, NULL),
(816, 157, '', 'আকোটের চর', '0', '0', NULL, NULL),
(817, 157, '', 'চর নাসিরপুর', '0', '0', NULL, NULL),
(818, 157, '', 'নারিকেল বাড়িয়া', '0', '0', NULL, NULL),
(819, 157, '', 'ভাষানচর', '0', '0', NULL, NULL),
(820, 157, '', 'কৃষ্ণপুর', '0', '0', NULL, NULL),
(821, 157, '', 'সদরপুর', '0', '0', NULL, NULL),
(822, 157, '', 'চর মানাইর', '0', '0', NULL, NULL),
(823, 157, '', 'ঢেউখালী', '0', '0', NULL, NULL),
(824, 155, '', 'চরযশোরদী', '0', '0', NULL, NULL),
(825, 155, '', 'পুরাপাড়া', '0', '0', NULL, NULL),
(826, 155, '', 'লস্করদিয়া', '0', '0', NULL, NULL),
(827, 155, '', 'রামনগর', '0', '0', NULL, NULL),
(828, 155, '', 'কাইচাইল', '0', '0', NULL, NULL),
(829, 155, '', 'তালমা', '0', '0', NULL, NULL),
(830, 155, '', 'ফুলসুতি', '0', '0', NULL, NULL),
(831, 155, '', 'ডাঙ্গী', '0', '0', NULL, NULL),
(832, 155, '', 'কোদালিয়া', '0', '0', NULL, NULL),
(833, 154, '', 'ঘারুয়া', '0', '0', NULL, NULL),
(834, 154, '', 'নুরুল্যাগঞ্জ', '0', '0', NULL, NULL),
(835, 154, '', 'মানিকদহ', '0', '0', NULL, NULL),
(836, 154, '', 'কাউলিবেড়া', '0', '0', NULL, NULL),
(837, 154, '', 'নাছিরাবাদ', '0', '0', NULL, NULL),
(838, 154, '', 'তুজারপুর', '0', '0', NULL, NULL),
(839, 154, '', 'আলগী', '0', '0', NULL, NULL),
(840, 154, '', 'চুমুরদী', '0', '0', NULL, NULL),
(841, 154, '', 'কালামৃধা', '0', '0', NULL, NULL),
(842, 154, '', 'আজিমনগর', '0', '0', NULL, NULL),
(843, 154, '', 'চান্দ্রা', '0', '0', NULL, NULL),
(844, 154, '', 'হামিরদী', '0', '0', NULL, NULL),
(845, 156, '', 'গাজীরটেক', '0', '0', NULL, NULL),
(846, 156, '', 'চর ভদ্রাসন', '0', '0', NULL, NULL),
(847, 156, '', 'চর হরিরামপুর', '0', '0', NULL, NULL),
(848, 156, '', 'চর ঝাউকান্দা', '0', '0', NULL, NULL),
(849, 153, '', 'মধুখালী', '0', '0', NULL, NULL),
(850, 153, '', 'জাহাপুর', '0', '0', NULL, NULL),
(851, 153, '', 'গাজনা', '0', '0', NULL, NULL),
(852, 153, '', 'মেগচামী', '0', '0', NULL, NULL),
(853, 153, '', 'রায়পুর', '0', '0', NULL, NULL),
(854, 153, '', 'বাগাট', '0', '0', NULL, NULL),
(855, 153, '', 'ডুমাইন', '0', '0', NULL, NULL),
(856, 153, '', 'নওপাড়া', '0', '0', NULL, NULL),
(857, 153, '', 'কামারখালী', '0', '0', NULL, NULL),
(858, 158, '', 'ভাওয়াল', '0', '0', NULL, NULL),
(859, 158, '', 'আটঘর', '0', '0', NULL, NULL),
(860, 158, '', 'মাঝারদিয়া', '0', '0', NULL, NULL),
(861, 158, '', 'বল্লভদী', '0', '0', NULL, NULL),
(862, 158, '', 'গট্টি', '0', '0', NULL, NULL),
(863, 158, '', 'যদুনন্দী', '0', '0', NULL, NULL),
(864, 158, '', 'রামকান্তপুর', '0', '0', NULL, NULL),
(865, 158, '', 'সোনাপুর', '0', '0', NULL, NULL),
(866, 88, '', 'সুবিল', '0', '0', NULL, NULL),
(867, 88, '', 'গুনাইঘর (উত্তর)', '0', '0', NULL, NULL),
(868, 88, '', 'গুনাইঘর (দক্ষিণ)', '0', '0', NULL, NULL),
(869, 88, '', 'বড়শালঘর ইউনিয়ন', '0', '0', NULL, NULL),
(870, 88, '', 'রাজামেহার ইউনিয়ন', '0', '0', NULL, NULL),
(871, 88, '', 'ইউসুফপুর ইউনিয়ন', '0', '0', NULL, NULL),
(872, 88, '', 'রসুলপুর ইউনিয়ন', '0', '0', NULL, NULL),
(873, 88, '', 'ফতেহাবাদ ইউনিয়ন', '0', '0', NULL, NULL),
(874, 88, '', 'এলাহাবাদ ইউনিয়ন', '0', '0', NULL, NULL),
(875, 88, '', 'জাফরগঞ্জ ইউনিয়ন', '0', '0', NULL, NULL),
(876, 88, '', 'ধামতী ইউনিয়ন', '0', '0', NULL, NULL),
(877, 88, '', 'মোহনপুর', '0', '0', NULL, NULL),
(878, 88, '', 'ভানী', '0', '0', NULL, NULL),
(879, 88, '', 'বরকামতা', '0', '0', NULL, NULL),
(880, 88, '', 'সুলতানপুর ইউনিয়ন', '0', '0', NULL, NULL),
(881, 82, '', 'আগানগর', '0', '0', NULL, NULL),
(882, 82, '', 'ভবানীপুর', '0', '0', NULL, NULL),
(883, 82, '', 'খোশবাস (উ:)', '0', '0', NULL, NULL),
(884, 82, '', 'খোশবাস (দ:)', '0', '0', NULL, NULL),
(885, 82, '', 'ঝলম', '0', '0', NULL, NULL),
(886, 82, '', 'চিতড্ডা', '0', '0', NULL, NULL),
(887, 82, '', 'শিলমুড়ি (উ:)', '0', '0', NULL, NULL),
(888, 82, '', 'শিলমুড়ি (দ:)', '0', '0', NULL, NULL),
(889, 82, '', 'গালিমপুর', '0', '0', NULL, NULL),
(890, 82, '', 'শাকপুর', '0', '0', NULL, NULL),
(891, 82, '', 'ভাউকসার', '0', '0', NULL, NULL),
(892, 82, '', 'আড্ডা', '0', '0', NULL, NULL),
(893, 82, '', 'আদ্রা', '0', '0', NULL, NULL),
(894, 82, '', 'পয়ালগাছা', '0', '0', NULL, NULL),
(895, 82, '', 'লক্ষীপুর', '0', '0', NULL, NULL),
(896, 83, '', 'শিদলাই ইউনিয়ন', '0', '0', NULL, NULL),
(897, 83, '', 'চান্দলা ইউনিয়ন', '0', '0', NULL, NULL),
(898, 83, '', 'শশীদল ইউনিয়ন', '0', '0', NULL, NULL),
(899, 83, '', 'দুলালপুর (২) ইউনিয়ন', '0', '0', NULL, NULL),
(900, 83, '', 'ব্রাহ্মনপাড়া সদর ইউনিয়ন', '0', '0', NULL, NULL),
(901, 83, '', 'সাহেবাবাদ ইউনিয়ন', '0', '0', NULL, NULL),
(902, 83, '', 'মালাপাড়া ইউনিয়ন', '0', '0', NULL, NULL),
(903, 83, '', 'মাধবপুর', '0', '0', NULL, NULL),
(904, 85, '', 'সুহিলপুর', '0', '0', NULL, NULL),
(905, 85, '', 'বাতাঘাসি', '0', '0', NULL, NULL),
(906, 85, '', 'জোয়াগ', '0', '0', NULL, NULL),
(907, 85, '', 'বরকরই', '0', '0', NULL, NULL),
(908, 85, '', 'মাধাইয়া', '0', '0', NULL, NULL),
(909, 85, '', 'দোল্লাই নবাবপুর', '0', '0', NULL, NULL),
(910, 85, '', 'মহিচাইল', '0', '0', NULL, NULL),
(911, 85, '', 'গল্লাই', '0', '0', NULL, NULL),
(912, 85, '', 'কেরণখাল', '0', '0', NULL, NULL),
(913, 85, '', 'মাইজখার', '0', '0', NULL, NULL),
(914, 85, '', 'এতবারপুর', '0', '0', NULL, NULL),
(915, 85, '', 'বাড়েরা', '0', '0', NULL, NULL),
(916, 85, '', 'বরকইট', '0', '0', NULL, NULL),
(917, 86, '', 'শ্রীপুর', '0', '0', NULL, NULL),
(918, 86, '', 'কাশিনগর', '0', '0', NULL, NULL),
(919, 86, '', '২নং কালিকাপুর', '0', '0', NULL, NULL),
(920, 86, '', '৪নং শুভপুর', '0', '0', NULL, NULL),
(921, 86, '', '৫নং ঘোলপাশা', '0', '0', NULL, NULL),
(922, 86, '', '৬নং মুন্সীরহাট', '0', '0', NULL, NULL),
(923, 86, '', '৭নং বাতিসা', '0', '0', NULL, NULL),
(924, 86, '', '৮নং কনকাপৈত', '0', '0', NULL, NULL),
(925, 86, '', '৯নং চিওড়া', '0', '0', NULL, NULL),
(926, 86, '', '১০ নং জগন্নাথদিঘী', '0', '0', NULL, NULL),
(927, 86, '', '১১ নং গুনবতী', '0', '0', NULL, NULL),
(928, 86, '', '১২নং আলকরা', '0', '0', NULL, NULL),
(929, 87, '', 'দৌলতপুর', '0', '0', NULL, NULL),
(930, 87, '', 'দাউদকান্দি (উত্তর)', '0', '0', NULL, NULL),
(931, 87, '', 'ইলিয়টগঞ্জ (উত্তর)', '0', '0', NULL, NULL),
(932, 87, '', 'ইলিয়টগঞ্জ (দক্ষিন)', '0', '0', NULL, NULL),
(933, 87, '', 'জিংলাতলী', '0', '0', NULL, NULL),
(934, 87, '', 'সুন্দলপুর', '0', '0', NULL, NULL),
(935, 87, '', 'গৌরীপুর ইউনিয়ন', '0', '0', NULL, NULL),
(936, 87, '', 'মোহাম্মদপুর (পুর্ব) ইউনিয়ন', '0', '0', NULL, NULL),
(937, 87, '', 'মোহাম্মদপুর (পশ্চিম) ইউনিয়ন', '0', '0', NULL, NULL),
(938, 87, '', 'গোয়ালমারী ইউনিয়ন', '0', '0', NULL, NULL),
(939, 87, '', 'মারুকা ইউনিয়ন', '0', '0', NULL, NULL),
(940, 87, '', 'বিটেশ্বর ইউনিয়ন', '0', '0', NULL, NULL),
(941, 87, '', 'পদুয়া ইউনিয়ন', '0', '0', NULL, NULL),
(942, 87, '', 'পাচঁগাছিয়া (পশ্চিম) ইউনিয়ন', '0', '0', NULL, NULL),
(943, 87, '', 'বারপাড়া', '0', '0', NULL, NULL),
(944, 89, '', 'মাথাভাঙ্গা', '0', '0', NULL, NULL),
(945, 89, '', 'ঘাগুটিয়া', '0', '0', NULL, NULL),
(946, 89, '', 'আছাদপুর', '0', '0', NULL, NULL),
(947, 89, '', 'চান্দেরচর', '0', '0', NULL, NULL),
(948, 89, '', 'ভাষানিয়া', '0', '0', NULL, NULL),
(949, 89, '', 'নিলখী ইউনিয়ন', '0', '0', NULL, NULL),
(950, 89, '', 'ঘারমোড়া ইউনিয়ন', '0', '0', NULL, NULL),
(951, 89, '', 'জয়পুর ইউনিয়ন', '0', '0', NULL, NULL),
(952, 89, '', 'দুলালপুর', '0', '0', NULL, NULL),
(953, 91, '', 'বাকই', '0', '0', NULL, NULL),
(954, 91, '', 'মুদাফফর গঞ্জ ইউনিয়ন', '0', '0', NULL, NULL),
(955, 91, '', 'কান্দিরপাড় ইউনিয়ন', '0', '0', NULL, NULL),
(956, 91, '', 'গোবিন্দপুর ইউনিয়ন (2)', '0', '0', NULL, NULL),
(957, 91, '', 'উত্তরদা ইউনিয়ন', '0', '0', NULL, NULL),
(958, 91, '', 'লাকসাম পুর্ব ইউনিয়ন', '0', '0', NULL, NULL),
(959, 91, '', 'আজগরা ইউনিয়ন', '0', '0', NULL, NULL),
(960, 94, '', '১নং শ্রীকাইল', '0', '0', NULL, NULL),
(961, 94, '', '২নং আকুবপুর', '0', '0', NULL, NULL),
(962, 94, '', '৩নং আন্দিকোট', '0', '0', NULL, NULL),
(963, 94, '', '৪নং পুর্বধৈইর (পুর্ব)', '0', '0', NULL, NULL),
(964, 94, '', '৫নং পুর্বধৈইর (পশ্চিম)', '0', '0', NULL, NULL),
(965, 94, '', '৬নং বাঙ্গরা (পূর্ব)', '0', '0', NULL, NULL),
(966, 94, '', '৭নং বাঙ্গরা (পশ্চিম)', '0', '0', NULL, NULL),
(967, 94, '', '৮নং চাপিতলা', '0', '0', NULL, NULL),
(968, 94, '', '৯নং কামাল্লা', '0', '0', NULL, NULL),
(969, 94, '', '১০নং যাত্রাপুর', '0', '0', NULL, NULL),
(970, 94, '', 'রামচন্দ্রপুর উত্তর', '0', '0', NULL, NULL),
(971, 94, '', 'রামচন্দ্রপুর দক্ষিন', '0', '0', NULL, NULL),
(972, 94, '', '১১ নং মুরাদনগর সদর', '0', '0', NULL, NULL),
(973, 94, '', '১২নং নবীপুর (পুর্ব)', '0', '0', NULL, NULL),
(974, 94, '', '১৩নং নবীপুর (পশ্চিম)', '0', '0', NULL, NULL),
(975, 94, '', '১৪নং ধামঘর', '0', '0', NULL, NULL),
(976, 94, '', '১৫নং জাহাপুর', '0', '0', NULL, NULL),
(977, 94, '', '১৬নং ছালিয়াকান্দি', '0', '0', NULL, NULL),
(978, 94, '', '১৭নং দারোরা', '0', '0', NULL, NULL),
(979, 94, '', '১৮নং পাহাড়পুর', '0', '0', NULL, NULL),
(980, 94, '', '২১নং বাবুটিপাড়া', '0', '0', NULL, NULL),
(981, 94, '', '২২নং টনকী', '0', '0', NULL, NULL),
(982, 95, '', 'বাঙ্গড্ডা', '0', '0', NULL, NULL),
(983, 95, '', 'পেরিয়া', '0', '0', NULL, NULL),
(984, 95, '', 'রায়কোট', '0', '0', NULL, NULL),
(985, 95, '', 'মোকরা', '0', '0', NULL, NULL),
(986, 95, '', 'মক্রবপুর', '0', '0', NULL, NULL),
(987, 95, '', 'হেসাখাল', '0', '0', NULL, NULL),
(988, 95, '', 'আদ্রা', '0', '0', NULL, NULL),
(989, 95, '', 'জোড্ডা', '0', '0', NULL, NULL),
(990, 95, '', 'ঢালুয়া', '0', '0', NULL, NULL),
(991, 95, '', 'দৌলখাঁড়', '0', '0', NULL, NULL),
(992, 95, '', 'বক্সগঞ্জ', '0', '0', NULL, NULL),
(993, 95, '', 'সাতবাড়ীয়া ইউনিয়ন', '0', '0', NULL, NULL),
(994, 90, '', 'কালীর বাজার ইউনিয়ন', '0', '0', NULL, NULL),
(995, 90, '', 'দুর্গাপুর (উত্তর) ইউনিয়ন', '0', '0', NULL, NULL),
(996, 90, '', 'দুর্গাপুর (দক্ষিন) ইউনিয়ন', '0', '0', NULL, NULL),
(997, 90, '', 'আমড়াতলী ইউনিয়ন', '0', '0', NULL, NULL),
(998, 90, '', 'পাঁচথুবী ইউনিয়ন', '0', '0', NULL, NULL),
(999, 90, '', 'জগন্নাথপুর ইউনিয়ন', '0', '0', NULL, NULL),
(1000, 93, '', 'চন্দনপুর', '0', '0', NULL, NULL),
(1001, 93, '', '২নং চালিভাঙ্গা', '0', '0', NULL, NULL),
(1002, 93, '', '৩নং রাধানগর', '0', '0', NULL, NULL),
(1003, 93, '', '৪নং মানিকারচর', '0', '0', NULL, NULL);
INSERT INTO `unions` (`id`, `upazila_id`, `name`, `bn_name`, `lat`, `lon`, `created_at`, `updated_at`) VALUES
(1004, 93, '', '৫নং বড়কান্দা', '0', '0', NULL, NULL),
(1005, 93, '', '৬নং গোবিন্দপুর', '0', '0', NULL, NULL),
(1006, 93, '', '৭নং লুটেরচর', '0', '0', NULL, NULL),
(1007, 93, '', '৮নং ভাওরখোলা', '0', '0', NULL, NULL),
(1008, 92, '', 'বাইশগাঁও', '0', '0', NULL, NULL),
(1009, 92, '', 'সরসপুর', '0', '0', NULL, NULL),
(1010, 92, '', 'হাসনাবাদ', '0', '0', NULL, NULL),
(1011, 92, '', '৪নং ঝলম উত্তর ইউনিয়ন', '0', '0', NULL, NULL),
(1012, 92, '', '৫নং ঝলম দক্ষিন', '0', '0', NULL, NULL),
(1013, 92, '', 'মৈশাতুয়া', '0', '0', NULL, NULL),
(1014, 92, '', 'লক্ষনপুর', '0', '0', NULL, NULL),
(1015, 92, '', 'খিলা ইউনিয়ন', '0', '0', NULL, NULL),
(1016, 92, '', 'উত্তর হাওলা', '0', '0', NULL, NULL),
(1017, 92, '', 'নাথেরপেটুয়া', '0', '0', NULL, NULL),
(1018, 92, '', 'বিপুলাসার', '0', '0', NULL, NULL),
(1019, 96, '', 'চৌয়ারা', '0', '0', NULL, NULL),
(1020, 96, '', 'বারপাড়া ইউনিয়ন', '0', '0', NULL, NULL),
(1021, 96, '', 'জোড়কানন (পুর্ব)', '0', '0', NULL, NULL),
(1022, 96, '', 'গলিয়ারা', '0', '0', NULL, NULL),
(1023, 96, '', 'জোড়কানন (পশ্চিম)', '0', '0', NULL, NULL),
(1024, 96, '', 'বাগমারা (উত্তর)', '0', '0', NULL, NULL),
(1025, 96, '', 'বাগমারা (দক্ষিন) ইউনিয়ন', '0', '0', NULL, NULL),
(1026, 96, '', 'ভূলইন (উত্তর) ইউনিয়ন', '0', '0', NULL, NULL),
(1027, 96, '', 'ভূলইন (দক্ষিন)', '0', '0', NULL, NULL),
(1028, 96, '', 'বেলঘর (উত্তর)', '0', '0', NULL, NULL),
(1029, 96, '', 'বেলঘর (দক্ষিন)', '0', '0', NULL, NULL),
(1030, 96, '', 'পেরুল (উত্তর)', '0', '0', NULL, NULL),
(1031, 96, '', 'পেরুল (দক্ষিন)', '0', '0', NULL, NULL),
(1032, 96, '', 'বিজয়পুর', '0', '0', NULL, NULL),
(1033, 97, '', '১নং সাতানী', '0', '0', NULL, NULL),
(1034, 97, '', '২নং জগতপুর', '0', '0', NULL, NULL),
(1035, 97, '', '৩নং বলরামপুর', '0', '0', NULL, NULL),
(1036, 97, '', '৪নং কড়িকান্দি', '0', '0', NULL, NULL),
(1037, 97, '', '৫নং কলাকান্দি', '0', '0', NULL, NULL),
(1038, 97, '', '৬নং ভিটিকান্দি', '0', '0', NULL, NULL),
(1039, 97, '', '৭নং নারান্দিয়া', '0', '0', NULL, NULL),
(1040, 97, '', '৮নং জিয়ারকান্দি', '0', '0', NULL, NULL),
(1041, 97, '', '৯নং মজিদপুর', '0', '0', NULL, NULL),
(1042, 84, '', 'ময়নামতি', '0', '0', NULL, NULL),
(1043, 84, '', 'ভারেল্লা', '0', '0', NULL, NULL),
(1044, 84, '', 'মোকাম', '0', '0', NULL, NULL),
(1045, 84, '', 'বুড়িচং সদর', '0', '0', NULL, NULL),
(1046, 84, '', 'বাকশীমূল', '0', '0', NULL, NULL),
(1047, 84, '', 'পীরযাত্রাপুর', '0', '0', NULL, NULL),
(1048, 84, '', 'ষোলনল', '0', '0', NULL, NULL),
(1049, 84, '', 'রাজাপুর', '0', '0', NULL, NULL),
(1050, 108, '', 'মহামায়া', '0', '0', NULL, NULL),
(1051, 108, '', 'পাঠাননগর', '0', '0', NULL, NULL),
(1052, 108, '', 'শুভপুর', '0', '0', NULL, NULL),
(1053, 108, '', 'রাধানগর', '0', '0', NULL, NULL),
(1054, 108, '', 'ঘোপাল', '0', '0', NULL, NULL),
(1055, 107, '', 'শর্শদি', '0', '0', NULL, NULL),
(1056, 107, '', 'পাঁচগাছিয়া', '0', '0', NULL, NULL),
(1057, 107, '', 'ধর্মপুর', '0', '0', NULL, NULL),
(1058, 107, '', 'কাজিরবাগ', '0', '0', NULL, NULL),
(1059, 107, '', 'কালিদহ', '0', '0', NULL, NULL),
(1060, 107, '', 'বালিগাঁও', '0', '0', NULL, NULL),
(1061, 107, '', 'ধলিয়া', '0', '0', NULL, NULL),
(1062, 107, '', 'লেমুয়া', '0', '0', NULL, NULL),
(1063, 107, '', 'ছনুয়া', '0', '0', NULL, NULL),
(1064, 107, '', 'মোটবী', '0', '0', NULL, NULL),
(1065, 107, '', 'ফাজিলপুর', '0', '0', NULL, NULL),
(1066, 107, '', 'ফরহাদনগর', '0', '0', NULL, NULL),
(1067, 112, '', 'চরমজলিশপুর', '0', '0', NULL, NULL),
(1068, 112, '', 'বগাদানা', '0', '0', NULL, NULL),
(1069, 112, '', 'মতিগঞ্জ', '0', '0', NULL, NULL),
(1070, 112, '', 'মঙ্গলকান্দি', '0', '0', NULL, NULL),
(1071, 112, '', 'চরদরবেশ', '0', '0', NULL, NULL),
(1072, 112, '', 'চরচান্দিয়া', '0', '0', NULL, NULL),
(1073, 112, '', 'সোনাগাজী', '0', '0', NULL, NULL),
(1074, 112, '', 'আমিরাবাদ', '0', '0', NULL, NULL),
(1075, 112, '', 'নবাবপুর', '0', '0', NULL, NULL),
(1076, 111, '', 'ফুলগাজী', '0', '0', NULL, NULL),
(1077, 111, '', 'মুন্সিরহাট', '0', '0', NULL, NULL),
(1078, 111, '', 'দরবারপুর', '0', '0', NULL, NULL),
(1079, 111, '', 'আনন্দপুর', '0', '0', NULL, NULL),
(1080, 111, '', 'আমজাদহাট', '0', '0', NULL, NULL),
(1081, 111, '', 'জি', '0', '0', NULL, NULL),
(1082, 111, '', 'এম', '0', '0', NULL, NULL),
(1083, 111, '', 'হাট', '0', '0', NULL, NULL),
(1084, 110, '', 'মির্জানগর', '0', '0', NULL, NULL),
(1085, 110, '', 'চিথলিয়া', '0', '0', NULL, NULL),
(1086, 110, '', 'বক্সমাহমুদ', '0', '0', NULL, NULL),
(1087, 109, '', 'সিন্দুরপুর', '0', '0', NULL, NULL),
(1088, 109, '', 'রাজাপুর', '0', '0', NULL, NULL),
(1089, 109, '', 'পূর্বচন্দ্রপুর', '0', '0', NULL, NULL),
(1090, 109, '', 'রামনগর', '0', '0', NULL, NULL),
(1091, 109, '', 'ইয়াকুবপুর', '0', '0', NULL, NULL),
(1092, 109, '', 'দাগনভূঞা', '0', '0', NULL, NULL),
(1093, 109, '', 'মাতুভূঞা', '0', '0', NULL, NULL),
(1094, 109, '', 'জায়লস্কর', '0', '0', NULL, NULL),
(1095, 50, '', 'বাসুদেব', '0', '0', NULL, NULL),
(1096, 50, '', 'মাছিহাতা', '0', '0', NULL, NULL),
(1097, 50, '', 'সুলতানপুর', '0', '0', NULL, NULL),
(1098, 50, '', 'রামরাইল ইউনিয়ন', '0', '0', NULL, NULL),
(1099, 50, '', 'সাদেকপুর ইউনিয়ন', '0', '0', NULL, NULL),
(1100, 50, '', 'তালশহর', '0', '0', NULL, NULL),
(1101, 50, '', 'নাটাই (দঃ) ইউনিয়ন', '0', '0', NULL, NULL),
(1102, 50, '', 'নাটাই', '0', '0', NULL, NULL),
(1103, 50, '', 'সুহিলপুর', '0', '0', NULL, NULL),
(1104, 50, '', 'বুধল', '0', '0', NULL, NULL),
(1105, 50, '', 'মজলিশপুর', '0', '0', NULL, NULL),
(1106, 56, '', 'মূলগ্রাম', '0', '0', NULL, NULL),
(1107, 56, '', 'মেহারী', '0', '0', NULL, NULL),
(1108, 56, '', 'বাদৈর', '0', '0', NULL, NULL),
(1109, 56, '', 'খাড়েরা', '0', '0', NULL, NULL),
(1110, 56, '', 'বিনাউটি', '0', '0', NULL, NULL),
(1111, 56, '', 'গোপীনাথপুর', '0', '0', NULL, NULL),
(1112, 56, '', 'কসবা(পঃ)', '0', '0', NULL, NULL),
(1113, 56, '', 'কুটি', '0', '0', NULL, NULL),
(1114, 56, '', 'কাইমপুর', '0', '0', NULL, NULL),
(1115, 56, '', 'বায়েক', '0', '0', NULL, NULL),
(1116, 52, '', 'চাতলপাড়', '0', '0', NULL, NULL),
(1117, 52, '', 'ভলাকুট', '0', '0', NULL, NULL),
(1118, 52, '', 'কুন্ডা', '0', '0', NULL, NULL),
(1119, 52, '', 'গোয়ালনগর ইউনিয়ন', '0', '0', NULL, NULL),
(1120, 52, '', 'নাসিরনগর', '0', '0', NULL, NULL),
(1121, 52, '', 'বুড়িশ্বর', '0', '0', NULL, NULL),
(1122, 52, '', 'ফান্দাউক', '0', '0', NULL, NULL),
(1123, 52, '', 'গুনিয়াউক', '0', '0', NULL, NULL),
(1124, 52, '', 'চাপৈরতলা', '0', '0', NULL, NULL),
(1125, 52, '', 'ধরমন্ডল', '0', '0', NULL, NULL),
(1126, 52, '', 'হরিপুর', '0', '0', NULL, NULL),
(1127, 52, '', 'পূর্বভাগ', '0', '0', NULL, NULL),
(1128, 52, '', 'গোকর্ণ', '0', '0', NULL, NULL),
(1129, 54, '', 'অরুয়াইল', '0', '0', NULL, NULL),
(1130, 54, '', 'পাকশিমুল', '0', '0', NULL, NULL),
(1131, 54, '', 'চুন্টা', '0', '0', NULL, NULL),
(1132, 54, '', 'কালীকচ্ছ', '0', '0', NULL, NULL),
(1133, 54, '', 'পানিশ্বর ইউনিয়ন', '0', '0', NULL, NULL),
(1134, 54, '', 'সরাইল সদর', '0', '0', NULL, NULL),
(1135, 54, '', 'নোয়াগাঁও', '0', '0', NULL, NULL),
(1136, 54, '', 'শাহজাদাপুর', '0', '0', NULL, NULL),
(1137, 54, '', 'শাহবাজপুর', '0', '0', NULL, NULL),
(1138, 51, '', 'আশুগঞ্জ সদর', '0', '0', NULL, NULL),
(1139, 51, '', 'চরচারতলা', '0', '0', NULL, NULL),
(1140, 51, '', 'দুর্গাপুর', '0', '0', NULL, NULL),
(1141, 51, '', 'আড়াইসিধা', '0', '0', NULL, NULL),
(1142, 51, '', 'তালশহর(পঃ)', '0', '0', NULL, NULL),
(1143, 51, '', 'শরীফপুর', '0', '0', NULL, NULL),
(1144, 51, '', 'লালপুর', '0', '0', NULL, NULL),
(1145, 51, '', 'তারুয়া', '0', '0', NULL, NULL),
(1146, 57, '', 'মনিয়ন্দ', '0', '0', NULL, NULL),
(1147, 57, '', 'ধরখার', '0', '0', NULL, NULL),
(1148, 57, '', 'মোগড়া', '0', '0', NULL, NULL),
(1149, 57, '', 'আখাউড়া (উঃ)', '0', '0', NULL, NULL),
(1150, 57, '', 'আখাউড়া (দঃ)', '0', '0', NULL, NULL),
(1151, 53, '', 'বড়াইল', '0', '0', NULL, NULL),
(1152, 53, '', 'বীরগাঁও', '0', '0', NULL, NULL),
(1153, 53, '', 'কৃষ্ণনগর', '0', '0', NULL, NULL),
(1154, 53, '', 'নাটঘর', '0', '0', NULL, NULL),
(1155, 53, '', 'বিদ্যাকুট', '0', '0', NULL, NULL),
(1156, 53, '', 'নবীনগর', '0', '0', NULL, NULL),
(1157, 53, '', 'নবীনগর(পশ্চিম)', '0', '0', NULL, NULL),
(1158, 53, '', 'বিটঘর', '0', '0', NULL, NULL),
(1159, 53, '', 'শিবপুর', '0', '0', NULL, NULL),
(1160, 53, '', 'শ্রীরামপুর', '0', '0', NULL, NULL),
(1161, 53, '', 'জিনোদপুর', '0', '0', NULL, NULL),
(1162, 53, '', 'লাউরফতেপুর', '0', '0', NULL, NULL),
(1163, 53, '', 'ইব্রাহিমপুর', '0', '0', NULL, NULL),
(1164, 53, '', 'সাতমোড়া', '0', '0', NULL, NULL),
(1165, 53, '', 'শ্যামগ্রাম', '0', '0', NULL, NULL),
(1166, 53, '', 'রসুল্লাবাদ', '0', '0', NULL, NULL),
(1167, 53, '', 'বড়িকান্দি', '0', '0', NULL, NULL),
(1168, 53, '', 'ছলিমগঞ্জ', '0', '0', NULL, NULL),
(1169, 53, '', 'রতনপুর', '0', '0', NULL, NULL),
(1170, 53, '', 'কাইতলা (উঃ)', '0', '0', NULL, NULL),
(1171, 53, '', 'কাইতলা', '0', '0', NULL, NULL),
(1172, 58, '', 'তেজখালী', '0', '0', NULL, NULL),
(1173, 58, '', 'পাহাড়িয়া কান্দি', '0', '0', NULL, NULL),
(1174, 58, '', 'দরিয়াদৌলত', '0', '0', NULL, NULL),
(1175, 58, '', 'সোনারামপুর', '0', '0', NULL, NULL),
(1176, 58, '', 'দড়িকান্দি', '0', '0', NULL, NULL),
(1177, 58, '', 'ছয়ফুল্লাকান্দি', '0', '0', NULL, NULL),
(1178, 58, '', 'বাঞ্ছারামপুর', '0', '0', NULL, NULL),
(1179, 58, '', 'আইয়ুবপুর', '0', '0', NULL, NULL),
(1180, 58, '', 'ফরদাবাদ', '0', '0', NULL, NULL),
(1181, 58, '', 'রুপসদী পশ্চিম', '0', '0', NULL, NULL),
(1182, 58, '', 'ছলিমাবাদ', '0', '0', NULL, NULL),
(1183, 58, '', 'উজানচর পূর্ব', '0', '0', NULL, NULL),
(1184, 58, '', 'মানিকপুর', '0', '0', NULL, NULL),
(1185, 59, '', 'বুধন্তি', '0', '0', NULL, NULL),
(1186, 59, '', 'চান্দুরা', '0', '0', NULL, NULL),
(1187, 59, '', 'ইছাপুরা', '0', '0', NULL, NULL),
(1188, 59, '', 'চম্পকনগর', '0', '0', NULL, NULL),
(1189, 59, '', 'হরষপুর', '0', '0', NULL, NULL),
(1190, 59, '', 'পত্তন', '0', '0', NULL, NULL),
(1191, 59, '', 'সিংগারবিল', '0', '0', NULL, NULL),
(1192, 59, '', 'বিষ্ণুপুর', '0', '0', NULL, NULL),
(1193, 59, '', 'চর-ইসলামপুর', '0', '0', NULL, NULL),
(1194, 59, '', 'পাহাড়পুর', '0', '0', NULL, NULL),
(1195, 135, '', '১ নং জীবতলি', '0', '0', NULL, NULL),
(1196, 135, '', '৩ নং সাপছড়ি', '0', '0', NULL, NULL),
(1197, 135, '', '৪ নং কুতুকছড়ি', '0', '0', NULL, NULL),
(1198, 135, '', '৫ নং বন্দুকভাঙ্গা', '0', '0', NULL, NULL),
(1199, 135, '', '৬ নং বালুখালী', '0', '0', NULL, NULL),
(1200, 135, '', '২ নং মগবান', '0', '0', NULL, NULL),
(1201, 141, '', '২ নং রাইখালী', '0', '0', NULL, NULL),
(1202, 141, '', '৪ নং কাপ্তাই', '0', '0', NULL, NULL),
(1203, 141, '', '৫ নং ওয়াজ্ঞা', '0', '0', NULL, NULL),
(1204, 141, '', '১ নং চন্দ্রঘোনা', '0', '0', NULL, NULL),
(1205, 141, '', '৩ নং চিৎমরম', '0', '0', NULL, NULL),
(1206, 144, '', '৩ নং ঘাগড়া', '0', '0', NULL, NULL),
(1207, 144, '', '২ নং ফটিকছড়ি', '0', '0', NULL, NULL),
(1208, 144, '', '১ নং বেতবুনিয়া', '0', '0', NULL, NULL),
(1209, 144, '', '৪ নং কলমপতি', '0', '0', NULL, NULL),
(1210, 137, '', '৩৬ নং সাজেক', '0', '0', NULL, NULL),
(1211, 137, '', '৩৭ নং আমতলী', '0', '0', NULL, NULL),
(1212, 137, '', '৩৫ নং বঙ্গলতলী', '0', '0', NULL, NULL),
(1213, 137, '', '৩৪ নং রুপকারী', '0', '0', NULL, NULL),
(1214, 137, '', '৩৩ নং মারিশ্যা', '0', '0', NULL, NULL),
(1215, 137, '', '৩১ নং খেদারমারা', '0', '0', NULL, NULL),
(1216, 137, '', '৩০ নং সারোয়াতলী', '0', '0', NULL, NULL),
(1217, 137, '', '৩২ নং বাঘাইছড়ি', '0', '0', NULL, NULL),
(1218, 138, '', '১ নং সুবলং', '0', '0', NULL, NULL),
(1219, 138, '', '২ নং বরকল', '0', '0', NULL, NULL),
(1220, 138, '', '৪ নং ভূষনছড়া', '0', '0', NULL, NULL),
(1221, 138, '', '৩ নং আইমাছড়া', '0', '0', NULL, NULL),
(1222, 138, '', '৫ নং বড় হরিণা', '0', '0', NULL, NULL),
(1223, 142, '', 'লংগদু', '0', '0', NULL, NULL),
(1224, 142, '', 'মাইনীমুখ', '0', '0', NULL, NULL),
(1225, 142, '', 'ভাসান্যাদম', '0', '0', NULL, NULL),
(1226, 142, '', 'বগাচতর', '0', '0', NULL, NULL),
(1227, 142, '', 'গুলশাখালী', '0', '0', NULL, NULL),
(1228, 142, '', 'কালাপাকুজ্যা', '0', '0', NULL, NULL),
(1229, 142, '', 'আটারকছড়া', '0', '0', NULL, NULL),
(1230, 140, '', '১ নং ঘিলাছড়ি', '0', '0', NULL, NULL),
(1231, 140, '', '২ নং গাইন্দ্যা', '0', '0', NULL, NULL),
(1232, 140, '', '৩ নং বাঙ্গালহালিয়া', '0', '0', NULL, NULL),
(1233, 136, '', '২ নং কেংড়াছড়ি', '0', '0', NULL, NULL),
(1234, 136, '', '১ নং বিলাইছড়ি', '0', '0', NULL, NULL),
(1235, 136, '', '৩ নং ফারুয়া', '0', '0', NULL, NULL),
(1236, 139, '', 'জুরাছড়ি', '0', '0', NULL, NULL),
(1237, 139, '', 'বনযোগীছড়া', '0', '0', NULL, NULL),
(1238, 139, '', 'মৈদং', '0', '0', NULL, NULL),
(1239, 139, '', 'দুমদুম্যা', '0', '0', NULL, NULL),
(1240, 143, '', 'সাবেক্ষ্যং', '0', '0', NULL, NULL),
(1241, 143, '', 'নানিয়ারচর', '0', '0', NULL, NULL),
(1242, 143, '', 'বুড়িঘাট', '0', '0', NULL, NULL),
(1243, 143, '', 'ঘিলাছড়ি', '0', '0', NULL, NULL),
(1244, 126, '', 'চরমটুয়া', '0', '0', NULL, NULL),
(1245, 126, '', 'দাদপুর', '0', '0', NULL, NULL),
(1246, 126, '', 'নোয়ান্নই', '0', '0', NULL, NULL),
(1247, 126, '', 'কাদির হানিফ', '0', '0', NULL, NULL),
(1248, 126, '', 'বিনোদপুর', '0', '0', NULL, NULL),
(1249, 126, '', 'ধর্মপুর', '0', '0', NULL, NULL),
(1250, 126, '', 'এওজবালিয়া', '0', '0', NULL, NULL),
(1251, 126, '', 'কালাদরপ', '0', '0', NULL, NULL),
(1252, 126, '', 'অশ্বদিয়া', '0', '0', NULL, NULL),
(1253, 126, '', 'নিয়াজপুর', '0', '0', NULL, NULL),
(1254, 126, '', 'পূর্ব চরমটুয়া', '0', '0', NULL, NULL),
(1255, 126, '', 'আন্ডারচর', '0', '0', NULL, NULL),
(1256, 126, '', 'নোয়াখালী', '0', '0', NULL, NULL),
(1257, 129, '', 'সিরাজপুর', '0', '0', NULL, NULL),
(1258, 129, '', 'চরপার্বতী', '0', '0', NULL, NULL),
(1259, 129, '', 'চরহাজারী', '0', '0', NULL, NULL),
(1260, 129, '', 'চরকাঁকড়া', '0', '0', NULL, NULL),
(1261, 129, '', 'চরফকিরা', '0', '0', NULL, NULL),
(1262, 129, '', 'মুসাপুর', '0', '0', NULL, NULL),
(1263, 129, '', 'চরএলাহী', '0', '0', NULL, NULL),
(1264, 129, '', 'রামপুর', '0', '0', NULL, NULL),
(1265, 127, '', 'আমানউল্ল্যাপুর', '0', '0', NULL, NULL),
(1266, 127, '', 'গোপালপুর', '0', '0', NULL, NULL),
(1267, 127, '', 'জিরতলী', '0', '0', NULL, NULL),
(1268, 127, '', 'কুতবপুর', '0', '0', NULL, NULL),
(1269, 127, '', 'আলাইয়ারপুর', '0', '0', NULL, NULL),
(1270, 127, '', 'ছয়ানী', '0', '0', NULL, NULL),
(1271, 127, '', 'রাজগঞ্জ', '0', '0', NULL, NULL),
(1272, 127, '', 'একলাশপুর', '0', '0', NULL, NULL),
(1273, 127, '', 'বেগমগঞ্জ', '0', '0', NULL, NULL),
(1274, 127, '', 'মিরওয়ারিশপুর', '0', '0', NULL, NULL),
(1275, 127, '', 'নরোত্তমপুর', '0', '0', NULL, NULL),
(1276, 127, '', 'দূর্গাপুর', '0', '0', NULL, NULL),
(1277, 127, '', 'রসুলপুর', '0', '0', NULL, NULL),
(1278, 127, '', 'হাজীপুর', '0', '0', NULL, NULL),
(1279, 127, '', 'শরীফপুর', '0', '0', NULL, NULL),
(1280, 127, '', 'কাদিরপুর', '0', '0', NULL, NULL),
(1281, 131, '', 'সুখচর', '0', '0', NULL, NULL),
(1282, 131, '', 'নলচিরা', '0', '0', NULL, NULL),
(1283, 131, '', 'চরঈশ্বর', '0', '0', NULL, NULL),
(1284, 131, '', 'চরকিং', '0', '0', NULL, NULL),
(1285, 131, '', 'তমরদ্দি', '0', '0', NULL, NULL),
(1286, 131, '', 'সোনাদিয়া', '0', '0', NULL, NULL),
(1287, 131, '', 'বুড়িরচর', '0', '0', NULL, NULL),
(1288, 131, '', 'জাহাজমারা', '0', '0', NULL, NULL),
(1289, 131, '', 'নিঝুমদ্বীপ', '0', '0', NULL, NULL),
(1290, 134, '', 'চরজাব্বার', '0', '0', NULL, NULL),
(1291, 134, '', 'চরবাটা', '0', '0', NULL, NULL),
(1292, 134, '', 'চরক্লার্ক', '0', '0', NULL, NULL),
(1293, 134, '', 'চরওয়াপদা', '0', '0', NULL, NULL),
(1294, 134, '', 'চরজুবলী', '0', '0', NULL, NULL),
(1295, 134, '', 'চরআমান', '0', '0', NULL, NULL),
(1296, 134, '', 'পূর্ব চরবাটা', '0', '0', NULL, NULL),
(1297, 134, '', 'মোহাম্মদপুর', '0', '0', NULL, NULL),
(1298, 132, '', 'নরোত্তমপুর', '0', '0', NULL, NULL),
(1299, 132, '', 'ধানসিঁড়ি', '0', '0', NULL, NULL),
(1300, 132, '', 'সুন্দলপুর', '0', '0', NULL, NULL),
(1301, 132, '', 'ঘোষবাগ', '0', '0', NULL, NULL),
(1302, 132, '', 'চাপরাশিরহাট', '0', '0', NULL, NULL),
(1303, 132, '', 'ধানশালিক', '0', '0', NULL, NULL),
(1304, 132, '', 'বাটইয়া', '0', '0', NULL, NULL),
(1305, 130, '', 'ছাতারপাইয়া', '0', '0', NULL, NULL),
(1306, 130, '', 'কেশরপাড়া', '0', '0', NULL, NULL),
(1307, 130, '', 'ডুমুরুয়া', '0', '0', NULL, NULL),
(1308, 130, '', 'কাদরা', '0', '0', NULL, NULL),
(1309, 130, '', 'অর্জুনতলা', '0', '0', NULL, NULL),
(1310, 130, '', 'কাবিলপুর', '0', '0', NULL, NULL),
(1311, 130, '', 'মোহাম্মদপুর', '0', '0', NULL, NULL),
(1312, 130, '', 'নবীপুর', '0', '0', NULL, NULL),
(1313, 130, '', 'বিজবাগ', '0', '0', NULL, NULL),
(1314, 128, '', 'সাহাপুর', '0', '0', NULL, NULL),
(1315, 128, '', 'রামনারায়নপুর', '0', '0', NULL, NULL),
(1316, 128, '', 'পরকোট', '0', '0', NULL, NULL),
(1317, 128, '', 'বাদলকোট', '0', '0', NULL, NULL),
(1318, 128, '', 'পাঁচগাঁও', '0', '0', NULL, NULL),
(1319, 128, '', 'হাট-পুকুরিয়া', '0', '0', NULL, NULL),
(1320, 128, '', 'নোয়াখলা', '0', '0', NULL, NULL),
(1321, 128, '', 'খিলপাড়া', '0', '0', NULL, NULL),
(1322, 128, '', 'মোহাম্মদপুর', '0', '0', NULL, NULL),
(1323, 133, '', 'জয়াগ', '0', '0', NULL, NULL),
(1324, 133, '', 'নদনা', '0', '0', NULL, NULL),
(1325, 133, '', 'চাষীরহাট', '0', '0', NULL, NULL),
(1326, 133, '', 'বারগাঁও', '0', '0', NULL, NULL),
(1327, 133, '', 'অম্বরনগর', '0', '0', NULL, NULL),
(1328, 133, '', 'নাটেশ্বর', '0', '0', NULL, NULL),
(1329, 133, '', 'বজরা', '0', '0', NULL, NULL),
(1330, 133, '', 'সোনাপুর', '0', '0', NULL, NULL),
(1331, 133, '', 'দেওটি', '0', '0', NULL, NULL),
(1332, 133, '', 'আমিশাপাড়া', '0', '0', NULL, NULL),
(1333, 62, '', 'গাজীপুর', '0', '0', NULL, NULL),
(1334, 62, '', 'আলগী দুর্গাপুর', '0', '0', NULL, NULL),
(1335, 62, '', 'আলগী দুর্গাপুরদক্ষিণ', '0', '0', NULL, NULL),
(1336, 62, '', 'নীলকমল', '0', '0', NULL, NULL),
(1337, 62, '', 'হাইমচর', '0', '0', NULL, NULL),
(1338, 64, '', 'পাথৈর', '0', '0', NULL, NULL),
(1339, 64, '', 'বিতারা', '0', '0', NULL, NULL),
(1340, 64, '', 'সহদেবপুর', '0', '0', NULL, NULL),
(1341, 64, '', 'সহদেবপুর', '0', '0', NULL, NULL),
(1342, 64, '', 'কচুয়া', '0', '0', NULL, NULL),
(1343, 64, '', 'কচুয়া', '0', '0', NULL, NULL),
(1344, 64, '', 'গোহাট', '0', '0', NULL, NULL),
(1345, 64, '', 'গোহাট', '0', '0', NULL, NULL),
(1346, 64, '', 'সাচার', '0', '0', NULL, NULL),
(1347, 67, '', 'টামটা দক্ষিণ', '0', '0', NULL, NULL),
(1348, 67, '', 'টামটা উত্তর', '0', '0', NULL, NULL),
(1349, 67, '', 'মেহের', '0', '0', NULL, NULL),
(1350, 67, '', 'মেহের', '0', '0', NULL, NULL),
(1351, 67, '', 'সুচিপাড়া', '0', '0', NULL, NULL),
(1352, 67, '', 'সুচিপাড়া', '0', '0', NULL, NULL),
(1353, 67, '', 'চিতষী', '0', '0', NULL, NULL),
(1354, 67, '', 'রায়শ্রী', '0', '0', NULL, NULL),
(1355, 67, '', 'রায়শ্রী', '0', '0', NULL, NULL),
(1356, 67, '', 'চিতষী', '0', '0', NULL, NULL),
(1357, 60, '', 'বিষ্ণপুর', '0', '0', NULL, NULL),
(1358, 60, '', 'আশিকাটি', '0', '0', NULL, NULL),
(1359, 60, '', 'শাহ্‌', '0', '0', NULL, NULL),
(1360, 60, '', 'কল্যাণপুর', '0', '0', NULL, NULL),
(1361, 60, '', 'রামপুর', '0', '0', NULL, NULL),
(1362, 60, '', 'মৈশাদী', '0', '0', NULL, NULL),
(1363, 60, '', 'তরপুচন্ডী', '0', '0', NULL, NULL),
(1364, 60, '', 'বাগাদী', '0', '0', NULL, NULL),
(1365, 60, '', 'লক্ষীপুর মডেল', '0', '0', NULL, NULL),
(1366, 60, '', 'হানারচর', '0', '0', NULL, NULL),
(1367, 60, '', 'চান্দ্রা', '0', '0', NULL, NULL),
(1368, 60, '', 'রাজরাজেশ্বর', '0', '0', NULL, NULL),
(1369, 60, '', 'ইব্রাহীমপুর', '0', '0', NULL, NULL),
(1370, 60, '', 'বালিয়া', '0', '0', NULL, NULL),
(1371, 66, '', 'নায়েরগাঁও উত্তর', '0', '0', NULL, NULL),
(1372, 66, '', 'নায়েরগাঁও দক্ষিন', '0', '0', NULL, NULL),
(1373, 66, '', 'খাদেরগাঁও', '0', '0', NULL, NULL),
(1374, 66, '', 'নারায়নপুর', '0', '0', NULL, NULL),
(1375, 66, '', 'উপাদী', '0', '0', NULL, NULL),
(1376, 66, '', 'উপাদী', '0', '0', NULL, NULL),
(1377, 63, '', 'রাজারগাঁও', '0', '0', NULL, NULL),
(1378, 63, '', 'বাকিলা', '0', '0', NULL, NULL),
(1379, 63, '', 'কালচোঁ উত্তর', '0', '0', NULL, NULL),
(1380, 63, '', 'হাজীগঞ্জ সদর', '0', '0', NULL, NULL),
(1381, 63, '', 'কালচোঁ', '0', '0', NULL, NULL),
(1382, 63, '', 'বড়কুল', '0', '0', NULL, NULL),
(1383, 63, '', 'বড়কুল', '0', '0', NULL, NULL),
(1384, 63, '', 'হাটিলা', '0', '0', NULL, NULL),
(1385, 63, '', 'হাটিলা', '0', '0', NULL, NULL),
(1386, 63, '', 'গন্ধর্ব্যপুর', '0', '0', NULL, NULL),
(1387, 63, '', 'গন্ধর্ব্যপুর', '0', '0', NULL, NULL),
(1388, 65, '', 'ফতেহপুর', '0', '0', NULL, NULL),
(1389, 65, '', 'ফতেহপুর', '0', '0', NULL, NULL),
(1390, 61, '', 'বালিথুবা পশ্চিম ইউনিয়ন', '0', '0', NULL, NULL),
(1391, 61, '', 'বালিথুবা পূর্ব ইউনিয়ন', '0', '0', NULL, NULL),
(1392, 61, '', 'সুবিদপুর', '0', '0', NULL, NULL),
(1393, 61, '', 'সুবিদপুর', '0', '0', NULL, NULL),
(1394, 61, '', 'গুপ্তি', '0', '0', NULL, NULL),
(1395, 61, '', 'গুপ্তি', '0', '0', NULL, NULL),
(1396, 61, '', 'পাইকপাড়া', '0', '0', NULL, NULL),
(1397, 61, '', 'পাইকপাড়া', '0', '0', NULL, NULL),
(1398, 61, '', 'গবিন্দপুর', '0', '0', NULL, NULL),
(1399, 61, '', 'গবিন্দপুর', '0', '0', NULL, NULL),
(1400, 61, '', 'চরদুখিয়া', '0', '0', NULL, NULL),
(1401, 61, '', 'চরদুঃখিয়া', '0', '0', NULL, NULL),
(1402, 61, '', 'ফরিদ্গঞ্জ দক্ষিণ', '0', '0', NULL, NULL),
(1403, 61, '', 'রুপসা', '0', '0', NULL, NULL),
(1404, 61, '', 'রুপসা', '0', '0', NULL, NULL),
(1405, 121, '', 'উত্তর হামছাদী', '0', '0', NULL, NULL),
(1406, 121, '', 'দক্ষিন হামছাদী', '0', '0', NULL, NULL),
(1407, 121, '', 'দালাল বাজার', '0', '0', NULL, NULL),
(1408, 121, '', 'চররুহিতা', '0', '0', NULL, NULL),
(1409, 121, '', 'পার্বতীনগর', '0', '0', NULL, NULL),
(1410, 121, '', 'বাঙ্গাখাঁ', '0', '0', NULL, NULL),
(1411, 121, '', 'দত্তপাড়া', '0', '0', NULL, NULL),
(1412, 121, '', 'বশিকপুর', '0', '0', NULL, NULL),
(1413, 121, '', 'চন্দ্রগঞ্জ', '0', '0', NULL, NULL),
(1414, 121, '', 'উত্তর জয়পুর', '0', '0', NULL, NULL),
(1415, 121, '', 'হাজিরপাড়া', '0', '0', NULL, NULL),
(1416, 121, '', 'চরশাহী', '0', '0', NULL, NULL),
(1417, 121, '', 'দিঘলী', '0', '0', NULL, NULL),
(1418, 121, '', 'লাহারকান্দি', '0', '0', NULL, NULL),
(1419, 121, '', 'ভবানীগঞ্জ', '0', '0', NULL, NULL),
(1420, 121, '', 'কুশাখালী', '0', '0', NULL, NULL),
(1421, 121, '', 'শাকচর', '0', '0', NULL, NULL),
(1422, 121, '', 'তেয়ারীগঞ্জ', '0', '0', NULL, NULL),
(1423, 121, '', 'টুমচর', '0', '0', NULL, NULL),
(1424, 121, '', 'চররমনী মোহন', '0', '0', NULL, NULL),
(1425, 125, '', 'চর কালকিনি', '0', '0', NULL, NULL),
(1426, 125, '', 'সাহেবেরহাট', '0', '0', NULL, NULL),
(1427, 125, '', 'চর মার্টিন', '0', '0', NULL, NULL),
(1428, 125, '', 'চর ফলকন', '0', '0', NULL, NULL),
(1429, 125, '', 'পাটারীরহাট', '0', '0', NULL, NULL),
(1430, 125, '', 'হাজিরহাট', '0', '0', NULL, NULL),
(1431, 125, '', 'চর কাদিরা', '0', '0', NULL, NULL),
(1432, 125, '', 'তোরাবগঞ্জ', '0', '0', NULL, NULL),
(1433, 125, '', 'চর লরেঞ্চ', '0', '0', NULL, NULL),
(1434, 122, '', 'উত্তর চর আবাবিল', '0', '0', NULL, NULL),
(1435, 122, '', 'উত্তর চর বংশী', '0', '0', NULL, NULL),
(1436, 122, '', 'চর মোহনা', '0', '0', NULL, NULL),
(1437, 122, '', 'সোনাপুর', '0', '0', NULL, NULL),
(1438, 122, '', 'চর পাতা', '0', '0', NULL, NULL),
(1439, 122, '', 'বামনী', '0', '0', NULL, NULL),
(1440, 122, '', 'দক্ষিন চর বংশী', '0', '0', NULL, NULL),
(1441, 122, '', 'দক্ষিন চর আবাবিল', '0', '0', NULL, NULL),
(1442, 122, '', 'রায়পুর', '0', '0', NULL, NULL),
(1443, 122, '', 'কেরোয়া', '0', '0', NULL, NULL),
(1444, 124, '', 'চর পোড়াগাছা', '0', '0', NULL, NULL),
(1445, 124, '', 'চর বাদাম', '0', '0', NULL, NULL),
(1446, 124, '', 'চর আবদুল্যাহ', '0', '0', NULL, NULL),
(1447, 124, '', 'আলেকজান্ডার', '0', '0', NULL, NULL),
(1448, 124, '', 'চর আলগী', '0', '0', NULL, NULL),
(1449, 124, '', 'চর রমিজ', '0', '0', NULL, NULL),
(1450, 124, '', 'বড়খেড়ী', '0', '0', NULL, NULL),
(1451, 124, '', 'চরগাজী', '0', '0', NULL, NULL),
(1452, 123, '', 'কাঞ্চনপুর', '0', '0', NULL, NULL),
(1453, 123, '', 'নোয়াগাঁও ইউনিয়ন', '0', '0', NULL, NULL),
(1454, 123, '', 'ভাদুর', '0', '0', NULL, NULL),
(1455, 123, '', 'ইছাপুর', '0', '0', NULL, NULL),
(1456, 123, '', 'চন্ডিপুর', '0', '0', NULL, NULL),
(1457, 123, '', 'লামচর', '0', '0', NULL, NULL),
(1458, 123, '', 'দরবেশপুর', '0', '0', NULL, NULL),
(1459, 123, '', 'করপাড়া', '0', '0', NULL, NULL),
(1460, 123, '', 'ভোলাকোট', '0', '0', NULL, NULL),
(1461, 123, '', 'ভাটরা', '0', '0', NULL, NULL),
(1462, 77, '', 'রাজানগর', '0', '0', NULL, NULL),
(1463, 77, '', 'হোছনাবাদ', '0', '0', NULL, NULL),
(1464, 77, '', 'স্বনির্ভর রাঙ্গুনিয়া', '0', '0', NULL, NULL),
(1465, 77, '', 'মরিয়মনগর', '0', '0', NULL, NULL),
(1466, 77, '', 'পারুয়া', '0', '0', NULL, NULL),
(1467, 77, '', 'পোমরা', '0', '0', NULL, NULL),
(1468, 77, '', 'বেতাগী', '0', '0', NULL, NULL),
(1469, 77, '', 'সরফভাটা', '0', '0', NULL, NULL),
(1470, 77, '', 'শিলক', '0', '0', NULL, NULL),
(1471, 77, '', 'চন্দ্রঘোনা', '0', '0', NULL, NULL),
(1472, 77, '', 'কোদালা', '0', '0', NULL, NULL),
(1473, 77, '', 'ইসলামপুর', '0', '0', NULL, NULL),
(1474, 77, '', 'দক্ষিণ রাজানগর ইউনিয়ন', '0', '0', NULL, NULL),
(1475, 77, '', 'লালানগর', '0', '0', NULL, NULL),
(1476, 81, '', 'কুমিরা', '0', '0', NULL, NULL),
(1477, 81, '', 'বাঁশবারীয়া', '0', '0', NULL, NULL),
(1478, 81, '', 'বারবকুন্ড', '0', '0', NULL, NULL),
(1479, 81, '', 'বাড়িয়াডিয়ালা', '0', '0', NULL, NULL),
(1480, 81, '', 'মুরাদপুর', '0', '0', NULL, NULL),
(1481, 81, '', 'সাঈদপুর', '0', '0', NULL, NULL),
(1482, 81, '', 'সালিমপুর', '0', '0', NULL, NULL),
(1483, 81, '', 'সোনাইছড়ি', '0', '0', NULL, NULL),
(1484, 81, '', 'ভাটিয়ারী', '0', '0', NULL, NULL),
(1485, 75, '', 'করেরহাট', '0', '0', NULL, NULL),
(1486, 75, '', 'হিংগুলি', '0', '0', NULL, NULL),
(1487, 75, '', 'জোরারগঞ্জ', '0', '0', NULL, NULL),
(1488, 75, '', 'ধুম', '0', '0', NULL, NULL),
(1489, 75, '', 'ওসমানপুর', '0', '0', NULL, NULL),
(1490, 75, '', 'ইছাখালী', '0', '0', NULL, NULL),
(1491, 75, '', 'কাটাছরা', '0', '0', NULL, NULL),
(1492, 75, '', 'দূর্গাপুর', '0', '0', NULL, NULL),
(1493, 75, '', 'মীরসরাই', '0', '0', NULL, NULL),
(1494, 75, '', 'মিঠানালা', '0', '0', NULL, NULL),
(1495, 75, '', 'মঘাদিয়া', '0', '0', NULL, NULL),
(1496, 75, '', 'খৈয়াছরা', '0', '0', NULL, NULL),
(1497, 75, '', 'মায়ানী', '0', '0', NULL, NULL),
(1498, 75, '', 'হাইতকান্দি', '0', '0', NULL, NULL),
(1499, 75, '', 'ওয়াহেদপুর', '0', '0', NULL, NULL),
(1500, 75, '', 'সাহেরখালী', '0', '0', NULL, NULL),
(1501, 76, '', 'আশিয়া', '0', '0', NULL, NULL),
(1502, 76, '', 'কাচুয়াই', '0', '0', NULL, NULL),
(1503, 76, '', 'কাশিয়াইশ', '0', '0', NULL, NULL),
(1504, 76, '', 'কুসুমপুরা', '0', '0', NULL, NULL),
(1505, 76, '', 'কেলিশহর', '0', '0', NULL, NULL),
(1506, 76, '', 'কোলাগাঁও', '0', '0', NULL, NULL),
(1507, 76, '', 'খরনা', '0', '0', NULL, NULL),
(1508, 76, '', 'চরপাথরঘাটা', '0', '0', NULL, NULL),
(1509, 76, '', 'চরলক্ষ্যা', '0', '0', NULL, NULL),
(1510, 76, '', 'ছনহরা', '0', '0', NULL, NULL),
(1511, 76, '', 'জঙ্গলখাইন', '0', '0', NULL, NULL),
(1512, 76, '', 'জিরি', '0', '0', NULL, NULL),
(1513, 76, '', 'জুলধা', '0', '0', NULL, NULL),
(1514, 76, '', 'দক্ষিণ ভূর্ষি', '0', '0', NULL, NULL),
(1515, 76, '', 'ধলঘাট', '0', '0', NULL, NULL),
(1516, 76, '', 'বড় উঠান', '0', '0', NULL, NULL),
(1517, 76, '', 'বরলিয়া', '0', '0', NULL, NULL),
(1518, 76, '', 'ভাটিখাইন', '0', '0', NULL, NULL),
(1519, 76, '', 'শিকলবাহা', '0', '0', NULL, NULL),
(1520, 76, '', 'শোভনদন্ডী', '0', '0', NULL, NULL),
(1521, 76, '', 'হাবিলাসদ্বীপ', '0', '0', NULL, NULL),
(1522, 76, '', 'হাইদগাঁও', '0', '0', NULL, NULL),
(1523, 79, '', 'রহমতপুর ইউনিয়ন', '0', '0', NULL, NULL),
(1524, 79, '', 'হরিশপুর', '0', '0', NULL, NULL),
(1525, 79, '', 'কালাপানিয়া', '0', '0', NULL, NULL),
(1526, 79, '', 'আমানউল্যা', '0', '0', NULL, NULL),
(1527, 79, '', 'সন্তোষপুর', '0', '0', NULL, NULL),
(1528, 79, '', 'গাছুয়া', '0', '0', NULL, NULL),
(1529, 79, '', 'বাউরিয়া', '0', '0', NULL, NULL),
(1530, 79, '', 'হারামিয়া', '0', '0', NULL, NULL),
(1531, 79, '', 'মগধরা', '0', '0', NULL, NULL),
(1532, 79, '', 'মাইটভাঙ্গা', '0', '0', NULL, NULL),
(1533, 79, '', 'সারিকাইত', '0', '0', NULL, NULL),
(1534, 79, '', 'মুছাপুর', '0', '0', NULL, NULL),
(1535, 79, '', 'আজিমপুর', '0', '0', NULL, NULL),
(1536, 79, '', 'উড়িরচর', '0', '0', NULL, NULL),
(1537, 69, '', 'পুকুরিয়া', '0', '0', NULL, NULL),
(1538, 69, '', 'সাধনপুর', '0', '0', NULL, NULL),
(1539, 69, '', 'খানখানাবাদ', '0', '0', NULL, NULL),
(1540, 69, '', 'বাহারছড়া', '0', '0', NULL, NULL),
(1541, 69, '', 'কালীপুর', '0', '0', NULL, NULL),
(1542, 69, '', 'বৈলছড়ি', '0', '0', NULL, NULL),
(1543, 69, '', 'কাথরিয়া', '0', '0', NULL, NULL),
(1544, 69, '', 'সরল', '0', '0', NULL, NULL),
(1545, 69, '', 'শীলকুপ', '0', '0', NULL, NULL),
(1546, 69, '', 'চাম্বল', '0', '0', NULL, NULL),
(1547, 69, '', 'গন্ডামারা', '0', '0', NULL, NULL),
(1548, 69, '', 'শেখেরখীল', '0', '0', NULL, NULL),
(1549, 69, '', 'পুঁইছড়ি', '0', '0', NULL, NULL),
(1550, 69, '', 'ছনুয়া', '0', '0', NULL, NULL),
(1551, 70, '', 'কধুরখীল', '0', '0', NULL, NULL),
(1552, 70, '', 'পশ্চিম গোমদন্ডী', '0', '0', NULL, NULL),
(1553, 70, '', 'পুর্ব গোমদন্ডী', '0', '0', NULL, NULL),
(1554, 70, '', 'শাকপুরা ইউনিয়ন', '0', '0', NULL, NULL),
(1555, 70, '', 'সারোয়াতলী', '0', '0', NULL, NULL),
(1556, 70, '', 'পোপাদিয়া ইউনিয়ন', '0', '0', NULL, NULL),
(1557, 70, '', 'চরনদ্বীপ', '0', '0', NULL, NULL),
(1558, 70, '', 'শ্রীপুর-খরন্দীপ', '0', '0', NULL, NULL),
(1559, 70, '', 'আমুচিয়া ইউনিয়ন', '0', '0', NULL, NULL),
(1560, 70, '', 'আহল্লা করলডেঙ্গা', '0', '0', NULL, NULL),
(1561, 68, '', 'বৈরাগ', '0', '0', NULL, NULL),
(1562, 68, '', 'বারশত', '0', '0', NULL, NULL),
(1563, 68, '', 'রায়পুর', '0', '0', NULL, NULL),
(1564, 68, '', 'বটতলী', '0', '0', NULL, NULL),
(1565, 68, '', 'বরম্নমচড়া', '0', '0', NULL, NULL),
(1566, 68, '', 'বারখাইন', '0', '0', NULL, NULL),
(1567, 68, '', 'আনোয়ারা', '0', '0', NULL, NULL),
(1568, 68, '', 'চাতরী', '0', '0', NULL, NULL),
(1569, 68, '', 'পরৈকোড়া', '0', '0', NULL, NULL),
(1570, 68, '', 'হাইলধর', '0', '0', NULL, NULL),
(1571, 68, '', 'জুঁইদন্ডী', '0', '0', NULL, NULL),
(1572, 71, '', 'কাঞ্চনাবাদ', '0', '0', NULL, NULL),
(1573, 71, '', 'জোয়ারা', '0', '0', NULL, NULL),
(1574, 71, '', 'বরকল', '0', '0', NULL, NULL),
(1575, 71, '', 'বরমা', '0', '0', NULL, NULL),
(1576, 71, '', 'বৈলতলী', '0', '0', NULL, NULL),
(1577, 71, '', 'সাতবাড়িয়া', '0', '0', NULL, NULL),
(1578, 71, '', 'হাশিমপুর', '0', '0', NULL, NULL),
(1579, 71, '', 'দোহাজারী', '0', '0', NULL, NULL),
(1580, 71, '', 'ধোপাছড়ী', '0', '0', NULL, NULL),
(1581, 80, '', 'চরতী', '0', '0', NULL, NULL),
(1582, 80, '', 'খাগরিয়া', '0', '0', NULL, NULL),
(1583, 80, '', 'নলুয়া', '0', '0', NULL, NULL),
(1584, 80, '', 'কাঞ্চনা', '0', '0', NULL, NULL),
(1585, 80, '', 'আমিলাইশ', '0', '0', NULL, NULL),
(1586, 80, '', 'এওচিয়া', '0', '0', NULL, NULL),
(1587, 80, '', 'মাদার্শা', '0', '0', NULL, NULL),
(1588, 80, '', 'ঢেমশা', '0', '0', NULL, NULL),
(1589, 80, '', 'পশ্চিম ঢেমশা', '0', '0', NULL, NULL),
(1590, 80, '', 'কেঁওচিয়া', '0', '0', NULL, NULL),
(1591, 80, '', 'কালিয়াইশ', '0', '0', NULL, NULL),
(1592, 80, '', 'বাজালিয়া', '0', '0', NULL, NULL),
(1593, 80, '', 'পুরানগড়', '0', '0', NULL, NULL),
(1594, 80, '', 'ছদাহা', '0', '0', NULL, NULL),
(1595, 80, '', 'সাতকানিয়া', '0', '0', NULL, NULL),
(1596, 80, '', 'সোনাকানিয়া', '0', '0', NULL, NULL),
(1597, 74, '', 'পদুয়া', '0', '0', NULL, NULL),
(1598, 74, '', 'বড়হাতিয়া', '0', '0', NULL, NULL),
(1599, 74, '', 'আমিরাবাদ', '0', '0', NULL, NULL),
(1600, 74, '', 'চরম্বা', '0', '0', NULL, NULL),
(1601, 74, '', 'কলাউজান', '0', '0', NULL, NULL),
(1602, 74, '', 'লোহাগাড়া', '0', '0', NULL, NULL),
(1603, 74, '', 'পুটিবিলা', '0', '0', NULL, NULL),
(1604, 74, '', 'চুনতি', '0', '0', NULL, NULL),
(1605, 74, '', 'আধুনগর', '0', '0', NULL, NULL),
(1606, 73, '', 'ফরহাদাবাদ', '0', '0', NULL, NULL),
(1607, 73, '', 'ধলই', '0', '0', NULL, NULL),
(1608, 73, '', 'মির্জাপুর', '0', '0', NULL, NULL),
(1609, 73, '', 'নাঙ্গলমোরা', '0', '0', NULL, NULL),
(1610, 73, '', 'গুমানমর্দ্দন', '0', '0', NULL, NULL),
(1611, 73, '', 'ছিপাতলী', '0', '0', NULL, NULL),
(1612, 73, '', 'মেখল', '0', '0', NULL, NULL),
(1613, 73, '', 'গড়দুয়ারা', '0', '0', NULL, NULL),
(1614, 73, '', 'ফতেপুর', '0', '0', NULL, NULL),
(1615, 73, '', 'চিকনদন্ডী', '0', '0', NULL, NULL),
(1616, 73, '', 'উত্তর মাদার্শা', '0', '0', NULL, NULL),
(1617, 73, '', 'দক্ষিন মাদার্শা', '0', '0', NULL, NULL),
(1618, 73, '', 'শিকারপুর', '0', '0', NULL, NULL),
(1619, 73, '', 'বুডিরশ্চর', '0', '0', NULL, NULL),
(1620, 73, '', 'হাটহাজারী', '0', '0', NULL, NULL),
(1621, 72, '', 'ধর্মপুর', '0', '0', NULL, NULL),
(1622, 72, '', 'বাগান বাজার', '0', '0', NULL, NULL),
(1623, 72, '', 'দাঁতমারা', '0', '0', NULL, NULL),
(1624, 72, '', 'নারায়নহাট ইউনিয়ন', '0', '0', NULL, NULL),
(1625, 72, '', 'ভূজপুর ইউনিয়ন', '0', '0', NULL, NULL),
(1626, 72, '', 'হারুয়ালছড়ি ইউনিয়ন', '0', '0', NULL, NULL),
(1627, 72, '', 'পাইনদং ইউনিয়ন', '0', '0', NULL, NULL),
(1628, 72, '', 'কাঞ্চনগর ইউনিয়ন', '0', '0', NULL, NULL),
(1629, 72, '', 'সুনদরপুর ইউনিয়ন', '0', '0', NULL, NULL),
(1630, 72, '', 'সুয়াবিল ইউনিয়ন', '0', '0', NULL, NULL),
(1631, 72, '', 'আবদুল্লাপুর ইউনিয়ন', '0', '0', NULL, NULL),
(1632, 72, '', 'সমিতির হাট ইউনিয়ন', '0', '0', NULL, NULL),
(1633, 72, '', 'জাফতনগর ইউনিয়ন', '0', '0', NULL, NULL),
(1634, 72, '', 'বক্তপুর ইউনিয়ন', '0', '0', NULL, NULL),
(1635, 72, '', 'রোসাংগিরী ইউনিয়ন', '0', '0', NULL, NULL),
(1636, 72, '', 'নানুপুর ইউনিয়ন', '0', '0', NULL, NULL),
(1637, 72, '', 'লেলাং ইউনিয়ন', '0', '0', NULL, NULL),
(1638, 72, '', 'দৌলতপুর ইউনিয়ন', '0', '0', NULL, NULL),
(1639, 78, '', 'রাউজান', '0', '0', NULL, NULL),
(1640, 78, '', 'বাগোয়ান', '0', '0', NULL, NULL),
(1641, 78, '', 'বিনাজুরী', '0', '0', NULL, NULL),
(1642, 78, '', 'চিকদাইর', '0', '0', NULL, NULL),
(1643, 78, '', 'ডাবুয়া', '0', '0', NULL, NULL),
(1644, 78, '', 'পূর্ব গুজরা', '0', '0', NULL, NULL),
(1645, 78, '', 'পশ্চিম গুজরা', '0', '0', NULL, NULL),
(1646, 78, '', 'গহিরা', '0', '0', NULL, NULL),
(1647, 78, '', 'হলদিয়া', '0', '0', NULL, NULL),
(1648, 78, '', 'কদলপূর', '0', '0', NULL, NULL),
(1649, 78, '', 'নোয়াপাড়া', '0', '0', NULL, NULL),
(1650, 78, '', 'পাহাড়তলী', '0', '0', NULL, NULL),
(1651, 78, '', 'উড়কিরচর', '0', '0', NULL, NULL),
(1652, 78, '', 'নওয়াজিশপুর', '0', '0', NULL, NULL),
(1653, 100, '', 'ইসলামাবাদ', '0', '0', NULL, NULL),
(1654, 100, '', 'ইসলামপুর', '0', '0', NULL, NULL),
(1655, 100, '', 'পোকখালী', '0', '0', NULL, NULL),
(1656, 100, '', 'ঈদগাঁও', '0', '0', NULL, NULL),
(1657, 100, '', 'জালালাবাদ', '0', '0', NULL, NULL),
(1658, 100, '', 'চৌফলদন্ডী', '0', '0', NULL, NULL),
(1659, 100, '', 'ভারুয়াখালী', '0', '0', NULL, NULL),
(1660, 100, '', 'পিএমখালী', '0', '0', NULL, NULL),
(1661, 100, '', 'খুরুশকুল', '0', '0', NULL, NULL),
(1662, 100, '', 'ঝিলংঝা', '0', '0', NULL, NULL),
(1663, 98, '', 'কাকারা', '0', '0', NULL, NULL),
(1664, 98, '', 'কাইয়ার বিল', '0', '0', NULL, NULL),
(1665, 98, '', 'কোনাখালী', '0', '0', NULL, NULL),
(1666, 98, '', 'খুটাখালী', '0', '0', NULL, NULL),
(1667, 98, '', 'চিরিঙ্গা', '0', '0', NULL, NULL),
(1668, 98, '', 'ঢেমুশিয়া', '0', '0', NULL, NULL),
(1669, 98, '', 'ডুলাহাজারা', '0', '0', NULL, NULL),
(1670, 98, '', 'পশ্চিম বড় ভেওলা', '0', '0', NULL, NULL),
(1671, 98, '', 'বদরখালী', '0', '0', NULL, NULL),
(1672, 98, '', 'বামু বিলছড়ি', '0', '0', NULL, NULL),
(1673, 98, '', 'বড়ইতলী', '0', '0', NULL, NULL),
(1674, 98, '', 'ভেওলা মানিকচর', '0', '0', NULL, NULL),
(1675, 98, '', 'শাহারবিল', '0', '0', NULL, NULL),
(1676, 98, '', 'সুরজপুর মানিকপুর', '0', '0', NULL, NULL),
(1677, 98, '', 'হারবাঙ্গ', '0', '0', NULL, NULL),
(1678, 98, '', 'ফাঁসিয়াখালী', '0', '0', NULL, NULL),
(1679, 101, '', 'আলি আকবর ডেইল', '0', '0', NULL, NULL),
(1680, 101, '', 'উত্তর ধুরুং', '0', '0', NULL, NULL),
(1681, 101, '', 'কৈয়ারবিল', '0', '0', NULL, NULL),
(1682, 101, '', 'দক্ষিণ ধুরুং', '0', '0', NULL, NULL),
(1683, 101, '', 'বড়ঘোপ', '0', '0', NULL, NULL),
(1684, 101, '', 'লেমসিখালী', '0', '0', NULL, NULL),
(1685, 105, '', 'রাজাপালং', '0', '0', NULL, NULL),
(1686, 105, '', 'জালিয়াপালং', '0', '0', NULL, NULL),
(1687, 105, '', 'হলদিয়াপালং', '0', '0', NULL, NULL),
(1688, 105, '', 'রত্নাপালং', '0', '0', NULL, NULL),
(1689, 105, '', 'পালংখালী', '0', '0', NULL, NULL),
(1690, 102, '', 'বড় মহেশখালী', '0', '0', NULL, NULL),
(1691, 102, '', 'ছোট মহেশখালী', '0', '0', NULL, NULL),
(1692, 102, '', 'শাপলাপুর', '0', '0', NULL, NULL),
(1693, 102, '', 'কুতুবজোম', '0', '0', NULL, NULL),
(1694, 102, '', 'হোয়ানক', '0', '0', NULL, NULL),
(1695, 102, '', 'কালারমারছড়া', '0', '0', NULL, NULL),
(1696, 102, '', 'মাতারবাড়ী', '0', '0', NULL, NULL),
(1697, 102, '', 'ধলঘাটা', '0', '0', NULL, NULL),
(1698, 106, '', 'উজানটিয়া', '0', '0', NULL, NULL),
(1699, 106, '', 'টাইটং', '0', '0', NULL, NULL),
(1700, 106, '', 'পেকুয়া', '0', '0', NULL, NULL),
(1701, 106, '', 'বড় বাকিয়া', '0', '0', NULL, NULL),
(1702, 106, '', 'মগনামা', '0', '0', NULL, NULL),
(1703, 106, '', 'রাজাখালী', '0', '0', NULL, NULL),
(1704, 106, '', 'শীলখালী', '0', '0', NULL, NULL),
(1705, 103, '', 'ফতেখাঁরকুল', '0', '0', NULL, NULL),
(1706, 103, '', 'রাজারকুল', '0', '0', NULL, NULL),
(1707, 103, '', 'রশীদনগর', '0', '0', NULL, NULL),
(1708, 103, '', 'খুনিয়াপালং', '0', '0', NULL, NULL),
(1709, 103, '', 'ঈদগড়', '0', '0', NULL, NULL),
(1710, 103, '', 'চাকমারকুল', '0', '0', NULL, NULL),
(1711, 103, '', 'কচ্ছপিয়া', '0', '0', NULL, NULL),
(1712, 103, '', 'কাউয়ারখোপ', '0', '0', NULL, NULL),
(1713, 103, '', 'দক্ষিণ মিঠাছড়ি', '0', '0', NULL, NULL),
(1714, 103, '', 'জোয়ারিয়া নালা', '0', '0', NULL, NULL),
(1715, 103, '', 'গর্জনিয়া', '0', '0', NULL, NULL),
(1716, 104, '', 'সাবরাং', '0', '0', NULL, NULL),
(1717, 104, '', 'বাহারছড়া', '0', '0', NULL, NULL),
(1718, 104, '', 'হ্নীলা', '0', '0', NULL, NULL),
(1719, 104, '', 'হোয়াইক্যং', '0', '0', NULL, NULL),
(1720, 104, '', 'সেন্ট মার্টিন', '0', '0', NULL, NULL),
(1721, 104, '', 'টেকনাফ সদর', '0', '0', NULL, NULL),
(1722, 114, '', 'খাগরাছড়ি সদর', '0', '0', NULL, NULL),
(1723, 114, '', 'গোলাবাড়ী', '0', '0', NULL, NULL),
(1724, 114, '', 'পেরাছড়া', '0', '0', NULL, NULL),
(1725, 114, '', 'কমলছড়ি', '0', '0', NULL, NULL),
(1726, 113, '', 'মেরুং', '0', '0', NULL, NULL),
(1727, 113, '', 'বোয়ালখালী', '0', '0', NULL, NULL),
(1728, 113, '', 'কবাখালী', '0', '0', NULL, NULL),
(1729, 113, '', 'দিঘীনালা', '0', '0', NULL, NULL),
(1730, 113, '', 'বাবুছড়া', '0', '0', NULL, NULL),
(1731, 119, '', 'লোগাং', '0', '0', NULL, NULL),
(1732, 119, '', 'চেংগী', '0', '0', NULL, NULL),
(1733, 119, '', 'পানছড়ি', '0', '0', NULL, NULL),
(1734, 119, '', 'লতিবান', '0', '0', NULL, NULL),
(1735, 115, '', 'দুল্যাতলী', '0', '0', NULL, NULL),
(1736, 115, '', 'বর্মাছড়ি', '0', '0', NULL, NULL),
(1737, 115, '', 'লক্ষীছড়ি', '0', '0', NULL, NULL),
(1738, 116, '', 'ভাইবোনছড়া', '0', '0', NULL, NULL),
(1739, 116, '', 'মহালছড়ি', '0', '0', NULL, NULL),
(1740, 116, '', 'মুবাছড়ি', '0', '0', NULL, NULL),
(1741, 116, '', 'ক্যায়াংঘাট', '0', '0', NULL, NULL),
(1742, 116, '', 'মাইসছড়ি', '0', '0', NULL, NULL),
(1743, 117, '', 'মানিকছড়ি', '0', '0', NULL, NULL),
(1744, 117, '', 'বাটনাতলী', '0', '0', NULL, NULL),
(1745, 117, '', 'যোগ্যছোলা', '0', '0', NULL, NULL),
(1746, 117, '', 'তিনটহরী', '0', '0', NULL, NULL),
(1747, 120, '', 'রামগড়', '0', '0', NULL, NULL),
(1748, 120, '', 'পাতাছড়া', '0', '0', NULL, NULL),
(1749, 120, '', 'হাফছড়ি', '0', '0', NULL, NULL),
(1750, 118, '', 'তাইন্দং', '0', '0', NULL, NULL),
(1751, 118, '', 'তবলছড়ি', '0', '0', NULL, NULL),
(1752, 118, '', 'বর্ণাল', '0', '0', NULL, NULL),
(1753, 118, '', 'গোমতি', '0', '0', NULL, NULL),
(1754, 118, '', 'বেলছড়ি', '0', '0', NULL, NULL),
(1755, 118, '', 'মাটিরাঙ্গা', '0', '0', NULL, NULL),
(1756, 118, '', 'গুইমারা', '0', '0', NULL, NULL),
(1757, 118, '', 'আমতলি', '0', '0', NULL, NULL),
(1758, 43, '', 'রাজবিলা', '0', '0', NULL, NULL),
(1759, 43, '', 'টংকাবতী ইউনিয়ন', '0', '0', NULL, NULL),
(1760, 43, '', 'সুয়ালক ইউনিয়ন', '0', '0', NULL, NULL),
(1761, 43, '', 'বান্দরবান সদর', '0', '0', NULL, NULL),
(1762, 43, '', 'কুহালং', '0', '0', NULL, NULL),
(1763, 47, '', 'আলীকদম সদর ইউনিয়ন', '0', '0', NULL, NULL),
(1764, 47, '', 'চৈক্ষ্যং ইউনিয়ন', '0', '0', NULL, NULL),
(1765, 46, '', 'নাইক্ষ্যংছড়ি সদর ইউনিয়ন', '0', '0', NULL, NULL),
(1766, 46, '', 'ঘুমধুম ইউনিয়ন', '0', '0', NULL, NULL),
(1767, 46, '', 'বাইশারী', '0', '0', NULL, NULL),
(1768, 46, '', 'সোনাইছড়ি', '0', '0', NULL, NULL),
(1769, 46, '', 'দোছড়ি', '0', '0', NULL, NULL),
(1770, 48, '', 'রোয়াংছড়ি সদর', '0', '0', NULL, NULL),
(1771, 48, '', 'তারাছা', '0', '0', NULL, NULL),
(1772, 48, '', 'আলেক্ষ্যং', '0', '0', NULL, NULL),
(1773, 48, '', 'নোয়াপতং', '0', '0', NULL, NULL),
(1774, 45, '', 'গজালিয়া', '0', '0', NULL, NULL),
(1775, 45, '', 'লামা সদর', '0', '0', NULL, NULL),
(1776, 45, '', 'ফাসিয়াখালী', '0', '0', NULL, NULL),
(1777, 45, '', 'ফাইতং', '0', '0', NULL, NULL),
(1778, 45, '', 'রূপসীপাড়া', '0', '0', NULL, NULL),
(1779, 45, '', 'সরই ইউনিয়ন', '0', '0', NULL, NULL),
(1780, 45, '', 'আজিজনগর ইউনিয়ন', '0', '0', NULL, NULL),
(1781, 49, '', 'পাইন্দু ইউনিয়ন', '0', '0', NULL, NULL),
(1782, 49, '', 'রুমা সদর ইউনিয়ন', '0', '0', NULL, NULL),
(1783, 49, '', 'রেমাক্রীপ্রাংসা ইউনিয়ন', '0', '0', NULL, NULL),
(1784, 49, '', 'গ্যালেংগ্যা ইউনিয়ন', '0', '0', NULL, NULL),
(1785, 44, '', 'রেমাক্রী ইউনিয়ন', '0', '0', NULL, NULL),
(1786, 44, '', 'তিন্দু ইউনিয়ন', '0', '0', NULL, NULL),
(1787, 44, '', 'থানচি সদর ইউনিয়ন', '0', '0', NULL, NULL),
(1788, 44, '', 'বলিপাড়া ইউনিয়ন', '0', '0', NULL, NULL),
(1789, 387, '', 'রাজাপুর', '0', '0', NULL, NULL),
(1790, 387, '', 'বড়ধুল', '0', '0', NULL, NULL),
(1791, 387, '', 'বেলকুচি সদর', '0', '0', NULL, NULL),
(1792, 387, '', 'ধুকুরিয়া বেড়া', '0', '0', NULL, NULL),
(1793, 387, '', 'দৌলতপুর', '0', '0', NULL, NULL),
(1794, 387, '', 'ভাঙ্গাবাড়ী', '0', '0', NULL, NULL),
(1795, 388, '', 'বাঘুটিয়া', '0', '0', NULL, NULL),
(1796, 388, '', 'ঘোরজান', '0', '0', NULL, NULL),
(1797, 388, '', 'খাসকাউলিয়া', '0', '0', NULL, NULL),
(1798, 388, '', 'খাসপুকুরিয়া', '0', '0', NULL, NULL),
(1799, 388, '', 'উমারপুর', '0', '0', NULL, NULL),
(1800, 388, '', 'সদিয়া চাঁদপুর', '0', '0', NULL, NULL),
(1801, 388, '', 'স্থল', '0', '0', NULL, NULL),
(1802, 389, '', 'ভদ্রঘাট', '0', '0', NULL, NULL),
(1803, 389, '', 'জামতৈল', '0', '0', NULL, NULL),
(1804, 389, '', 'ঝাঐল', '0', '0', NULL, NULL),
(1805, 389, '', 'রায়দৌলতপুর', '0', '0', NULL, NULL),
(1806, 390, '', 'চালিতাডাঙ্গা', '0', '0', NULL, NULL),
(1807, 390, '', 'চরগিরিশ', '0', '0', NULL, NULL),
(1808, 390, '', 'গান্ধাইল', '0', '0', NULL, NULL),
(1809, 390, '', 'কাজিপুর সদর', '0', '0', NULL, NULL),
(1810, 390, '', 'খাসরাজবাড়ী', '0', '0', NULL, NULL),
(1811, 390, '', 'মাইজবাড়ী', '0', '0', NULL, NULL),
(1812, 390, '', 'মনসুর নগর', '0', '0', NULL, NULL),
(1813, 390, '', 'নাটুয়ারপাড়া', '0', '0', NULL, NULL),
(1814, 390, '', 'নিশ্চিন্তপুর', '0', '0', NULL, NULL),
(1815, 390, '', 'সোনামুখী', '0', '0', NULL, NULL),
(1816, 390, '', 'শুভগাছা', '0', '0', NULL, NULL),
(1817, 390, '', 'তেকানী', '0', '0', NULL, NULL),
(1818, 391, '', 'ব্রহ্মগাছা', '0', '0', NULL, NULL),
(1819, 391, '', 'চান্দাইকোনা', '0', '0', NULL, NULL),
(1820, 391, '', 'ধামাইনগর', '0', '0', NULL, NULL),
(1821, 391, '', 'ধানগড়া', '0', '0', NULL, NULL),
(1822, 391, '', 'ধুবিল', '0', '0', NULL, NULL),
(1823, 391, '', 'ঘুড়কা', '0', '0', NULL, NULL),
(1824, 391, '', 'নলকা', '0', '0', NULL, NULL),
(1825, 391, '', 'পাঙ্গাসী', '0', '0', NULL, NULL),
(1826, 391, '', 'সোনাখাড়া', '0', '0', NULL, NULL),
(1827, 392, '', 'বেলতৈল', '0', '0', NULL, NULL),
(1828, 392, '', 'জালালপুর', '0', '0', NULL, NULL),
(1829, 392, '', 'কায়েমপুর', '0', '0', NULL, NULL),
(1830, 392, '', 'গাড়াদহ', '0', '0', NULL, NULL),
(1831, 392, '', 'পোতাজিয়া', '0', '0', NULL, NULL),
(1832, 392, '', 'রূপবাটি', '0', '0', NULL, NULL),
(1833, 392, '', 'গালা', '0', '0', NULL, NULL),
(1834, 392, '', 'পোরজনা', '0', '0', NULL, NULL),
(1835, 392, '', 'হাবিবুল্লাহ নগর', '0', '0', NULL, NULL),
(1836, 392, '', 'খুকনী', '0', '0', NULL, NULL),
(1837, 392, '', 'কৈজুরী', '0', '0', NULL, NULL),
(1838, 392, '', 'সোনাতনী', '0', '0', NULL, NULL),
(1839, 392, '', 'নরিনা', '0', '0', NULL, NULL),
(1840, 386, '', 'বাগবাটি', '0', '0', NULL, NULL),
(1841, 386, '', 'রতনকান্দি', '0', '0', NULL, NULL),
(1842, 386, '', 'বহুলী', '0', '0', NULL, NULL),
(1843, 386, '', 'শিয়ালকোল', '0', '0', NULL, NULL),
(1844, 386, '', 'খোকশাবাড়ী', '0', '0', NULL, NULL),
(1845, 386, '', 'ছোনগাছা', '0', '0', NULL, NULL),
(1846, 386, '', 'মেছড়া', '0', '0', NULL, NULL),
(1847, 386, '', 'কাওয়াখোলা', '0', '0', NULL, NULL),
(1848, 386, '', 'কালিয়াহরিপুর', '0', '0', NULL, NULL),
(1849, 386, '', 'সয়দাবাদ', '0', '0', NULL, NULL),
(1850, 393, '', 'বারুহাস', '0', '0', NULL, NULL),
(1851, 393, '', 'তালম', '0', '0', NULL, NULL),
(1852, 393, '', 'সগুনা', '0', '0', NULL, NULL),
(1853, 393, '', 'মাগুড়া বিনোদ', '0', '0', NULL, NULL),
(1854, 393, '', 'নওগাঁ', '0', '0', NULL, NULL),
(1855, 393, '', 'তাড়াশ সদর', '0', '0', NULL, NULL),
(1856, 393, '', 'মাধাইনগর', '0', '0', NULL, NULL),
(1857, 393, '', 'দেশীগ্রাম', '0', '0', NULL, NULL),
(1858, 394, '', 'উল্লাপাড়া সদর', '0', '0', NULL, NULL),
(1859, 394, '', 'রামকৃষ্ণপুর', '0', '0', NULL, NULL),
(1860, 394, '', 'বাঙ্গালা', '0', '0', NULL, NULL),
(1861, 394, '', 'উধুনিয়া', '0', '0', NULL, NULL),
(1862, 394, '', 'বড়পাঙ্গাসী', '0', '0', NULL, NULL),
(1863, 394, '', 'দুর্গা নগর', '0', '0', NULL, NULL),
(1864, 394, '', 'পূর্ণিমাগাতী', '0', '0', NULL, NULL),
(1865, 394, '', 'সলঙ্গা', '0', '0', NULL, NULL),
(1866, 394, '', 'হটিকুমরুল', '0', '0', NULL, NULL),
(1867, 394, '', 'বড়হর', '0', '0', NULL, NULL),
(1868, 394, '', 'পঞ্চক্রোশী', '0', '0', NULL, NULL),
(1869, 394, '', 'সলপ', '0', '0', NULL, NULL),
(1870, 394, '', 'মোহনপুর', '0', '0', NULL, NULL),
(1871, 376, '', 'ভায়না', '0', '0', NULL, NULL),
(1872, 376, '', 'তাঁতিবন্দ', '0', '0', NULL, NULL),
(1873, 376, '', 'মানিকহাট', '0', '0', NULL, NULL),
(1874, 376, '', 'দুলাই', '0', '0', NULL, NULL),
(1875, 376, '', 'আহম্মদপুর', '0', '0', NULL, NULL),
(1876, 376, '', 'রাণীনগর', '0', '0', NULL, NULL),
(1877, 376, '', 'সাতবাড়ীয়া', '0', '0', NULL, NULL),
(1878, 376, '', 'হাটখালী', '0', '0', NULL, NULL),
(1879, 376, '', 'নাজিরগঞ্জ', '0', '0', NULL, NULL),
(1880, 376, '', 'সাগরকান্দি', '0', '0', NULL, NULL),
(1881, 373, '', 'সাঁড়া', '0', '0', NULL, NULL),
(1882, 373, '', 'পাকশী', '0', '0', NULL, NULL),
(1883, 373, '', 'মুলাডুলি', '0', '0', NULL, NULL),
(1884, 373, '', 'দাশুরিয়া', '0', '0', NULL, NULL),
(1885, 373, '', 'ছলিমপুর', '0', '0', NULL, NULL),
(1886, 373, '', 'সাহাপুর', '0', '0', NULL, NULL),
(1887, 373, '', 'লক্ষীকুন্ডা', '0', '0', NULL, NULL),
(1888, 370, '', 'ভাঙ্গুড়া', '0', '0', NULL, NULL),
(1889, 370, '', 'খানমরিচ', '0', '0', NULL, NULL),
(1890, 370, '', 'অষ্টমণিষা', '0', '0', NULL, NULL),
(1891, 370, '', 'দিলপাশার', '0', '0', NULL, NULL),
(1892, 370, '', 'পারভাঙ্গুড়া', '0', '0', NULL, NULL),
(1893, 374, '', 'মালিগাছা', '0', '0', NULL, NULL),
(1894, 374, '', 'মালঞ্চি', '0', '0', NULL, NULL),
(1895, 374, '', 'গয়েশপুর', '0', '0', NULL, NULL),
(1896, 374, '', 'আতাইকুলা', '0', '0', NULL, NULL),
(1897, 374, '', 'চরতারাপুর', '0', '0', NULL, NULL),
(1898, 374, '', 'সাদুল্লাপুর', '0', '0', NULL, NULL),
(1899, 374, '', 'ভাঁড়ারা', '0', '0', NULL, NULL),
(1900, 374, '', 'দোগাছী', '0', '0', NULL, NULL),
(1901, 374, '', 'হেমায়েতপুর', '0', '0', NULL, NULL),
(1902, 374, '', 'দাপুনিয়া', '0', '0', NULL, NULL),
(1903, 369, '', 'হাটুরিয়া নাকালিয়া', '0', '0', NULL, NULL),
(1904, 369, '', 'নতুন ভারেঙ্গা', '0', '0', NULL, NULL),
(1905, 369, '', 'কৈটোলা', '0', '0', NULL, NULL),
(1906, 369, '', 'চাকলা', '0', '0', NULL, NULL),
(1907, 369, '', 'জাতসাখিনি', '0', '0', NULL, NULL),
(1908, 369, '', 'পুরান ভারেঙ্গা', '0', '0', NULL, NULL),
(1909, 369, '', 'রূপপুর', '0', '0', NULL, NULL),
(1910, 369, '', 'মাসুমদিয়া', '0', '0', NULL, NULL),
(1911, 369, '', 'ঢালার চর', '0', '0', NULL, NULL),
(1912, 368, '', 'মাজপাড়া', '0', '0', NULL, NULL),
(1913, 368, '', 'চাঁদভা', '0', '0', NULL, NULL),
(1914, 368, '', 'দেবোত্তর', '0', '0', NULL, NULL),
(1915, 368, '', 'একদন্ত', '0', '0', NULL, NULL),
(1916, 368, '', 'লক্ষীপুর', '0', '0', NULL, NULL),
(1917, 371, '', 'হান্ডিয়াল', '0', '0', NULL, NULL),
(1918, 371, '', 'ছাইকোলা', '0', '0', NULL, NULL),
(1919, 371, '', 'নিমাইচড়া', '0', '0', NULL, NULL),
(1920, 371, '', 'গুনাইগাছা', '0', '0', NULL, NULL),
(1921, 371, '', 'পার্শ্বডাঙ্গা', '0', '0', NULL, NULL),
(1922, 371, '', 'ফৈলজানা', '0', '0', NULL, NULL),
(1923, 371, '', 'মুলগ্রাম', '0', '0', NULL, NULL),
(1924, 371, '', 'হরিপুর', '0', '0', NULL, NULL),
(1925, 371, '', 'মথুরাপুর', '0', '0', NULL, NULL),
(1926, 371, '', 'বিলচলন', '0', '0', NULL, NULL),
(1927, 371, '', 'দাতিয়া বামনগ্রাম', '0', '0', NULL, NULL),
(1928, 375, '', 'নাগডেমড়া', '0', '0', NULL, NULL),
(1929, 375, '', 'ধুলাউড়ি', '0', '0', NULL, NULL),
(1930, 375, '', 'ভুলবাড়ীয়া', '0', '0', NULL, NULL),
(1931, 375, '', 'ধোপাদহ', '0', '0', NULL, NULL),
(1932, 375, '', 'করমজা', '0', '0', NULL, NULL),
(1933, 375, '', 'কাশিনাথপুর', '0', '0', NULL, NULL),
(1934, 375, '', 'গৌরীগ্রাম', '0', '0', NULL, NULL),
(1935, 375, '', 'নন্দনপুর', '0', '0', NULL, NULL),
(1936, 375, '', 'ক্ষেতুপাড়া', '0', '0', NULL, NULL),
(1937, 375, '', 'আর-আতাইকুলা', '0', '0', NULL, NULL),
(1938, 372, '', 'বৃলাহিড়ীবাড়ী', '0', '0', NULL, NULL),
(1939, 372, '', 'পুঙ্গুলি', '0', '0', NULL, NULL),
(1940, 372, '', 'ফরিদপুর', '0', '0', NULL, NULL),
(1941, 372, '', 'হাদল', '0', '0', NULL, NULL),
(1942, 372, '', 'বনওয়ারীনগর', '0', '0', NULL, NULL),
(1943, 372, '', 'ডেমড়া', '0', '0', NULL, NULL),
(1944, 335, '', 'বীরকেদার', '0', '0', NULL, NULL),
(1945, 335, '', 'কালাই', '0', '0', NULL, NULL),
(1946, 335, '', 'পাইকড়', '0', '0', NULL, NULL),
(1947, 335, '', 'নারহট্ট', '0', '0', NULL, NULL),
(1948, 335, '', 'মুরইল', '0', '0', NULL, NULL),
(1949, 335, '', 'কাহালু', '0', '0', NULL, NULL),
(1950, 335, '', 'দূর্গাপুর', '0', '0', NULL, NULL),
(1951, 335, '', 'জামগ্রাম', '0', '0', NULL, NULL),
(1952, 335, '', 'মালঞ্চা', '0', '0', NULL, NULL),
(1953, 330, '', 'ফাঁপোর', '0', '0', NULL, NULL),
(1954, 330, '', 'সাবগ্রাম', '0', '0', NULL, NULL),
(1955, 330, '', 'নিশিন্দারা', '0', '0', NULL, NULL),
(1956, 330, '', 'এরুলিয়া', '0', '0', NULL, NULL),
(1957, 330, '', 'রাজাপুর', '0', '0', NULL, NULL),
(1958, 330, '', 'শাখারিয়া', '0', '0', NULL, NULL),
(1959, 330, '', 'শেখেরকোলা', '0', '0', NULL, NULL),
(1960, 330, '', 'গোকুল', '0', '0', NULL, NULL),
(1961, 330, '', 'নুনগোলা', '0', '0', NULL, NULL),
(1962, 330, '', 'লাহিড়ীপাড়া', '0', '0', NULL, NULL),
(1963, 330, '', 'নামুজা', '0', '0', NULL, NULL),
(1964, 338, '', 'সারিয়াকান্দি সদর', '0', '0', NULL, NULL),
(1965, 338, '', 'নারচী', '0', '0', NULL, NULL),
(1966, 338, '', 'বোহাইল', '0', '0', NULL, NULL),
(1967, 338, '', 'চালুয়াবাড়ী', '0', '0', NULL, NULL),
(1968, 338, '', 'চন্দনবাইশা', '0', '0', NULL, NULL),
(1969, 338, '', 'হাটফুলবাড়ী', '0', '0', NULL, NULL),
(1970, 338, '', 'হাটশেরপুর', '0', '0', NULL, NULL),
(1971, 338, '', 'কর্ণিবাড়ী', '0', '0', NULL, NULL),
(1972, 338, '', 'কাজলা', '0', '0', NULL, NULL),
(1973, 338, '', 'কুতুবপুর', '0', '0', NULL, NULL),
(1974, 338, '', 'কামালপুর', '0', '0', NULL, NULL),
(1975, 338, '', 'ভেলাবাড়ী', '0', '0', NULL, NULL),
(1976, 337, '', 'আশেকপুর', '0', '0', NULL, NULL),
(1977, 337, '', 'মাদলা', '0', '0', NULL, NULL),
(1978, 337, '', 'মাঝিড়া', '0', '0', NULL, NULL),
(1979, 337, '', 'আড়িয়া', '0', '0', NULL, NULL),
(1980, 337, '', 'খরনা', '0', '0', NULL, NULL),
(1981, 337, '', 'খোট্টাপাড়া', '0', '0', NULL, NULL),
(1982, 337, '', 'চোপিনগর', '0', '0', NULL, NULL),
(1983, 337, '', 'আমরুল', '0', '0', NULL, NULL),
(1984, 337, '', 'গোহাইল', '0', '0', NULL, NULL),
(1985, 333, '', 'জিয়ানগর', '0', '0', NULL, NULL),
(1986, 333, '', 'চামরুল', '0', '0', NULL, NULL),
(1987, 333, '', 'দুপচাঁচিয়া', '0', '0', NULL, NULL),
(1988, 333, '', 'গুনাহার', '0', '0', NULL, NULL),
(1989, 333, '', 'গোবিন্দপুর', '0', '0', NULL, NULL),
(1990, 333, '', 'তালোড়া', '0', '0', NULL, NULL),
(1991, 329, '', 'ছাতিয়ানগ্রাম', '0', '0', NULL, NULL),
(1992, 329, '', 'নশরতপুর', '0', '0', NULL, NULL),
(1993, 329, '', 'আদমদিঘি', '0', '0', NULL, NULL),
(1994, 329, '', 'কুন্দগ্রাম', '0', '0', NULL, NULL),
(1995, 329, '', 'চাঁপাপুর', '0', '0', NULL, NULL),
(1996, 329, '', 'সান্তাহার', '0', '0', NULL, NULL),
(1997, 336, '', '১নং বুড়ইল', '0', '0', NULL, NULL),
(1998, 336, '', '২নং নন্দিগ্রাম', '0', '0', NULL, NULL),
(1999, 336, '', '৩নং ভাটরা', '0', '0', NULL, NULL),
(2000, 336, '', '৪নং থালতা মাঝগ্রাম', '0', '0', NULL, NULL),
(2001, 336, '', '৫নং ভাটগ্রাম', '0', '0', NULL, NULL),
(2002, 340, '', 'সোনাতলা', '0', '0', NULL, NULL),
(2003, 340, '', 'বালুয়া', '0', '0', NULL, NULL),
(2004, 340, '', 'জোড়গাছা', '0', '0', NULL, NULL),
(2005, 340, '', 'দিগদাইড়', '0', '0', NULL, NULL),
(2006, 340, '', 'মধুপুর', '0', '0', NULL, NULL),
(2007, 340, '', 'পাকুল্ল্যা', '0', '0', NULL, NULL),
(2008, 340, '', 'তেকানী চুকাইনগর', '0', '0', NULL, NULL),
(2009, 332, '', '১নং নিমগাছি', '0', '0', NULL, NULL);
INSERT INTO `unions` (`id`, `upazila_id`, `name`, `bn_name`, `lat`, `lon`, `created_at`, `updated_at`) VALUES
(2010, 332, '', '২নং কালেরপাড়া', '0', '0', NULL, NULL),
(2011, 332, '', '৩নং চিকাশী', '0', '0', NULL, NULL),
(2012, 332, '', '৪নং গোসাইবাড়ী', '0', '0', NULL, NULL),
(2013, 332, '', '৫নং ভান্ডারবাড়ী', '0', '0', NULL, NULL),
(2014, 332, '', '১০নং গোপালনগর', '0', '0', NULL, NULL),
(2015, 332, '', '৯নং মথুরাপুর', '0', '0', NULL, NULL),
(2016, 332, '', '৮নং চৌকিবাড়ী', '0', '0', NULL, NULL),
(2017, 332, '', '৭নং এলাঙ্গী', '0', '0', NULL, NULL),
(2018, 332, '', '৬নং ধুনট সদর', '0', '0', NULL, NULL),
(2019, 334, '', 'বালিয়া দিঘী', '0', '0', NULL, NULL),
(2020, 334, '', 'দক্ষিণপাড়া', '0', '0', NULL, NULL),
(2021, 334, '', 'দুর্গাহাটা', '0', '0', NULL, NULL),
(2022, 334, '', 'কাগইল', '0', '0', NULL, NULL),
(2023, 334, '', 'সোনারায়', '0', '0', NULL, NULL),
(2024, 334, '', 'রামেশ্বরপুর', '0', '0', NULL, NULL),
(2025, 334, '', 'নাড়ুয়ামালা', '0', '0', NULL, NULL),
(2026, 334, '', 'নেপালতলী', '0', '0', NULL, NULL),
(2027, 334, '', 'গাবতলি', '0', '0', NULL, NULL),
(2028, 334, '', 'মহিষাবান', '0', '0', NULL, NULL),
(2029, 334, '', 'নশিপুর', '0', '0', NULL, NULL),
(2030, 331, '', '৫নং মির্জাপুর', '0', '0', NULL, NULL),
(2031, 331, '', '৩নং খামারকান্দি', '0', '0', NULL, NULL),
(2032, 331, '', '২নং গাড়িদহ', '0', '0', NULL, NULL),
(2033, 331, '', '১নং কুসুম্বী', '0', '0', NULL, NULL),
(2034, 331, '', '৬নং বিশালপুর', '0', '0', NULL, NULL),
(2035, 331, '', '৯নং সীমাবাড়ি', '0', '0', NULL, NULL),
(2036, 331, '', '১০নং শাহবন্দেগী', '0', '0', NULL, NULL),
(2037, 331, '', '৮নং সুঘাট', '0', '0', NULL, NULL),
(2038, 331, '', '৪নং খানপুর', '0', '0', NULL, NULL),
(2039, 331, '', '৭নং ভবানীপুর', '0', '0', NULL, NULL),
(2040, 339, '', '১নং ময়দানহাট্টা', '0', '0', NULL, NULL),
(2041, 339, '', '২নং কিচক ইউনিয়ন', '0', '0', NULL, NULL),
(2042, 339, '', '৩নং আটমূল', '0', '0', NULL, NULL),
(2043, 339, '', '৪নং পিরব', '0', '0', NULL, NULL),
(2044, 339, '', '৫নং মাঝিহট্ট', '0', '0', NULL, NULL),
(2045, 339, '', '৬নং বুড়িগঞ্জ', '0', '0', NULL, NULL),
(2046, 339, '', '৭নং বিহার', '0', '0', NULL, NULL),
(2047, 339, '', '৮নং শিবগঞ্জ', '0', '0', NULL, NULL),
(2048, 339, '', '৯নং দেউলি', '0', '0', NULL, NULL),
(2049, 339, '', '১০নং সৈয়দপুর', '0', '0', NULL, NULL),
(2050, 339, '', '১১নং মোকামতলা ইউনিয়ন', '0', '0', NULL, NULL),
(2051, 339, '', '১২নং রায়নগর', '0', '0', NULL, NULL),
(2052, 383, '', '০১ নং দর্শনপাড়া ইউনিয়ন', '0', '0', NULL, NULL),
(2053, 383, '', '০২ নং হুজুরী পাড়া ইউনিয়ন', '0', '0', NULL, NULL),
(2054, 383, '', '০৩ নং দামকুড়া ইউনিয়ন', '0', '0', NULL, NULL),
(2055, 383, '', '০৪ নং হরিপুর ইউনিয়ন', '0', '0', NULL, NULL),
(2056, 383, '', '০৫ নং হড়গ্রাম ইউনিয়ন', '0', '0', NULL, NULL),
(2057, 383, '', '০৬ নং হরিয়ান ইউনিয়ন', '0', '0', NULL, NULL),
(2058, 383, '', '০৭ নং বড়্গাছি ইউনিয়ন', '0', '0', NULL, NULL),
(2059, 383, '', '০৮ নং পারিলা ইউনিয়ন', '0', '0', NULL, NULL),
(2060, 380, '', '০১ নং নওপাড়া ইউনিয়ন', '0', '0', NULL, NULL),
(2061, 380, '', '০২ নং কিসমতগণকৈড় ইউনিয়ন', '0', '0', NULL, NULL),
(2062, 380, '', '০৩ নং পানানগর ইউনিয়ন', '0', '0', NULL, NULL),
(2063, 380, '', '০৪ নং দেলুয়াবাড়ী ইউনিয়ন', '0', '0', NULL, NULL),
(2064, 380, '', '০৫ নং ঝালুকা ইউনিয়ন', '0', '0', NULL, NULL),
(2065, 380, '', '০৬ নং মাড়িয়া ইউনিয়ন', '0', '0', NULL, NULL),
(2066, 380, '', '০৭ নং জয়নগর ইউনিয়ন', '0', '0', NULL, NULL),
(2067, 382, '', '০১ নং ধুরইল ইউনিয়ন', '0', '0', NULL, NULL),
(2068, 382, '', '০২ নং ঘষিগ্রাম ইউনিয়ন', '0', '0', NULL, NULL),
(2069, 382, '', '০৩ নং রায়ঘাটি ইউনিয়ন', '0', '0', NULL, NULL),
(2070, 382, '', '০৪ নং মৌগাছি ইউনিয়ন', '0', '0', NULL, NULL),
(2071, 382, '', '০৫ নং বাকশিমইল ইউনিয়ন', '0', '0', NULL, NULL),
(2072, 382, '', '০৬ নং জাহানাবাদ ইউনিয়ন', '0', '0', NULL, NULL),
(2073, 379, '', '০১ নং ইউসুফপুর ইউনিয়ন', '0', '0', NULL, NULL),
(2074, 379, '', '০২ নং শলুয়া ইউনিয়ন', '0', '0', NULL, NULL),
(2075, 379, '', '০৩ নং সরদহ ইউনিয়ন', '0', '0', NULL, NULL),
(2076, 379, '', '০৪ নং নিমপাড়া ইউনিয়ন', '0', '0', NULL, NULL),
(2077, 379, '', '০৫ নং চারঘাট ইউনিয়ন', '0', '0', NULL, NULL),
(2078, 379, '', '০৬ নং ভায়ালক্ষ্মীপুর ইউনিয়ন', '0', '0', NULL, NULL),
(2079, 384, '', '০১ নং পুঠিয়া ইউনিয়ন', '0', '0', NULL, NULL),
(2080, 384, '', '০২ নং বেলপুকুরিয়া ইউনিয়ন', '0', '0', NULL, NULL),
(2081, 384, '', '০৩ নং বানেশ্বর ইউনিয়ন', '0', '0', NULL, NULL),
(2082, 384, '', '০৪ নং ভালুক গাছি ইউনিয়ন', '0', '0', NULL, NULL),
(2083, 384, '', '০৫ নং শিলমাড়িয়া ইউনিয়ন', '0', '0', NULL, NULL),
(2084, 384, '', '০৬ নং জিউপাড়া ইউনিয়ন', '0', '0', NULL, NULL),
(2085, 377, '', '০১ নং বাজুবাঘা ইউনিয়ন', '0', '0', NULL, NULL),
(2086, 377, '', '০২ নং গড়গড়ি ইউনিয়ন', '0', '0', NULL, NULL),
(2087, 377, '', '০৩ নং পাকুড়িয়া ইউনিয়ন', '0', '0', NULL, NULL),
(2088, 377, '', '০৪ নং মনিগ্রাম ইউনিয়ন', '0', '0', NULL, NULL),
(2089, 377, '', '০৫ নং বাউসা ইউনিয়ন', '0', '0', NULL, NULL),
(2090, 377, '', '০৬ নং আড়ানী', '0', '0', NULL, NULL),
(2091, 381, '', '০১ নং গোদাগাড়ী ইউনিয়ন', '0', '0', NULL, NULL),
(2092, 381, '', '০২ নং মোহনপুর ইউনিয়ন', '0', '0', NULL, NULL),
(2093, 381, '', '০৩ নং পাকড়ী ইউনিয়ন', '0', '0', NULL, NULL),
(2094, 381, '', '০৪ নং রিশিকুল ইউনিয়ন', '0', '0', NULL, NULL),
(2095, 381, '', '০৫ নং গোগ্রাম ইউনিয়ন', '0', '0', NULL, NULL),
(2096, 381, '', '০৬ নং মাটিকাটা ইউনিয়ন', '0', '0', NULL, NULL),
(2097, 381, '', '০৭ নং দেওপাড়া ইউনিয়ন', '0', '0', NULL, NULL),
(2098, 381, '', '০৮ নং বাসুদেবপুর ইউনিয়ন', '0', '0', NULL, NULL),
(2099, 381, '', '০৯ নং আষাড়িয়াদহ ইউনিয়ন', '0', '0', NULL, NULL),
(2100, 385, '', '০১ নং কলমা ইউনিয়ন', '0', '0', NULL, NULL),
(2101, 385, '', '০২ নং বাধাইড় ইউনিয়ন', '0', '0', NULL, NULL),
(2102, 385, '', '০৩ নং পাঁচন্দর ইউনিয়ন', '0', '0', NULL, NULL),
(2103, 385, '', '০৪ নং সরঞ্জাই ইউনিয়ন', '0', '0', NULL, NULL),
(2104, 385, '', '০৫ নং তালন্দ ইউনিয়ন', '0', '0', NULL, NULL),
(2105, 385, '', '০৬ নং কামারগাঁ ইউনিয়ন', '0', '0', NULL, NULL),
(2106, 385, '', '০৭ নং চান্দুড়িয়া ইউনিয়ন', '0', '0', NULL, NULL),
(2107, 378, '', '০১ নং গোবিন্দপাড়া ইউনিয়ন', '0', '0', NULL, NULL),
(2108, 378, '', '০২ নং নরদাস ইউনিয়ন', '0', '0', NULL, NULL),
(2109, 378, '', '০৩ নং দ্বীপপুর ইউনিয়ন', '0', '0', NULL, NULL),
(2110, 378, '', '০৪ নং বড়বিহানলী ইউনিয়ন', '0', '0', NULL, NULL),
(2111, 378, '', '০৫ নং আউচপাড়া ইউনিয়ন', '0', '0', NULL, NULL),
(2112, 378, '', '০৬ নং শ্রীপুর ইউনিয়ন', '0', '0', NULL, NULL),
(2113, 378, '', '০৭ নং বাসুপাড়া ইউনিয়ন', '0', '0', NULL, NULL),
(2114, 378, '', '০৮ নং কাচাড়ী কোয়লিপাড়া ইউনিয়ন', '0', '0', NULL, NULL),
(2115, 378, '', '০৯ নং শুভডাঙ্গা ইউনিয়ন', '0', '0', NULL, NULL),
(2116, 378, '', '১০ নং মাড়িয়া ইউনিয়ন', '0', '0', NULL, NULL),
(2117, 378, '', '১১ নং গণিপুর ইউনিয়ন', '0', '0', NULL, NULL),
(2118, 378, '', '১২ নং ঝিকড়া ইউনিয়ন', '0', '0', NULL, NULL),
(2119, 378, '', '১৩ নং গোয়ালকান্দি ইউনিয়ন', '0', '0', NULL, NULL),
(2120, 378, '', '১৪ নং হামিরকুৎসা ইউনিয়ন', '0', '0', NULL, NULL),
(2121, 378, '', '১৫ নং যোগিপাড়া ইউনিয়ন', '0', '0', NULL, NULL),
(2122, 378, '', '১৬ নং সোনাডাঙ্গা ইউনিয়ন', '0', '0', NULL, NULL),
(2123, 357, '', '১ নং ব্রহ্মপুর ইউনিয়ন', '0', '0', NULL, NULL),
(2124, 357, '', '০২ নং মাধনগর ইউনিয়ন', '0', '0', NULL, NULL),
(2125, 357, '', '০৩ নং খাজুরা ইউনিয়ন', '0', '0', NULL, NULL),
(2126, 357, '', '০৪ নং পিপরুল ইউনিয়ন', '0', '0', NULL, NULL),
(2127, 357, '', '০৫ নং বিপ্রবেলঘড়িয়া ইউনিয়ন', '0', '0', NULL, NULL),
(2128, 357, '', '০৬ নং ছাতনী ইউনিয়ন', '0', '0', NULL, NULL),
(2129, 357, '', '০৭ নং তেবাড়িয়া ইউনিয়ন', '0', '0', NULL, NULL),
(2130, 357, '', '০৮ নং দিঘাপতিয়া ইউনিয়ন', '0', '0', NULL, NULL),
(2131, 357, '', '০৯ নং লক্ষীপুর খোলাবাড়িয়া ইউনিয়ন', '0', '0', NULL, NULL),
(2132, 357, '', '১০ নং বড়হরিশপুর ইউনিয়ন', '0', '0', NULL, NULL),
(2133, 357, '', '১১ নং কাফুরিয়া ইউনিয়ন', '0', '0', NULL, NULL),
(2134, 357, '', '১২ নং হালসা ইউনিয়ন', '0', '0', NULL, NULL),
(2135, 361, '', '০১ নং শুকাশ ইউনিয়ন', '0', '0', NULL, NULL),
(2136, 361, '', '০২ নং ডাহিয়া ইউনিয়ন', '0', '0', NULL, NULL),
(2137, 361, '', '০৩ নং ইটালী ইউনিয়ন', '0', '0', NULL, NULL),
(2138, 361, '', '০৪ নং কলম ইউনিয়ন', '0', '0', NULL, NULL),
(2139, 361, '', '০৫ নং চামারী ইউনিয়ন', '0', '0', NULL, NULL),
(2140, 361, '', '০৬ নং হাতিয়ানদহ ইউনিয়ন', '0', '0', NULL, NULL),
(2141, 361, '', '০৭ নং লালোর ইউনিয়ন', '0', '0', NULL, NULL),
(2142, 361, '', '০৮ নং শেরকোল ইউনিয়ন', '0', '0', NULL, NULL),
(2143, 361, '', '০৯ নং তাজপুর ইউনিয়ন', '0', '0', NULL, NULL),
(2144, 361, '', '১০ নং চৌগ্রাম ইউনিয়ন', '0', '0', NULL, NULL),
(2145, 361, '', '১১ নং ছাতারদিঘী ইউনিয়ন', '0', '0', NULL, NULL),
(2146, 361, '', '১২ নং রামান্দখাজুরা ইউনিয়ন', '0', '0', NULL, NULL),
(2147, 362, '', '০১ নং জোয়াড়ী ইউনিয়ন', '0', '0', NULL, NULL),
(2148, 362, '', '০২ নং বড়াইগ্রাম ইউনিয়ন', '0', '0', NULL, NULL),
(2149, 362, '', '০৩ নং জোনাইল ইউনিয়ন', '0', '0', NULL, NULL),
(2150, 362, '', '০৪ নং নগর ইউনিয়ন', '0', '0', NULL, NULL),
(2151, 362, '', '০৫ নং মাঝগাও ইউনিয়ন', '0', '0', NULL, NULL),
(2152, 362, '', '০৬ নং গোপালপুর ইউনিয়ন', '0', '0', NULL, NULL),
(2153, 362, '', '০৭ নং চান্দাই ইউনিয়ন', '0', '0', NULL, NULL),
(2154, 359, '', '০১ নং পাঁকা ইউনিয়ন', '0', '0', NULL, NULL),
(2155, 359, '', '০২ নং জামনগর ইউনিয়ন', '0', '0', NULL, NULL),
(2156, 359, '', '০৩ নং বাগাতিপাড়া ইউনিয়ন', '0', '0', NULL, NULL),
(2157, 359, '', '০৪ নং দয়ারামপুর ইউনিয়ন', '0', '0', NULL, NULL),
(2158, 359, '', '০৫ নং ফাগুয়ারদিয়াড় ইউনিয়ন', '0', '0', NULL, NULL),
(2159, 360, '', '০১ নং লালপুর ইউনিয়ন', '0', '0', NULL, NULL),
(2160, 360, '', '০২ নং ঈশ্বরদী ইউনিয়ন', '0', '0', NULL, NULL),
(2161, 360, '', '০৩ নং চংধুপইল ইউনিয়ন', '0', '0', NULL, NULL),
(2162, 360, '', '০৪ নং আড়বাব ইউনিয়ন', '0', '0', NULL, NULL),
(2163, 360, '', '০৫ নং বিলমাড়িয়া ইউনিয়ন', '0', '0', NULL, NULL),
(2164, 360, '', '০৬ নং দুয়ারিয়া ইউনিয়ন', '0', '0', NULL, NULL),
(2165, 360, '', '০৭ নং ওয়ালিয়া ইউনিয়ন', '0', '0', NULL, NULL),
(2166, 360, '', '০৮ নং দুড়দুরিয়া ইউনিয়ন', '0', '0', NULL, NULL),
(2167, 360, '', '০৯ নং অর্জুনপুর বরমহাটী ইউনিয়ন', '0', '0', NULL, NULL),
(2168, 360, '', '১০ নং কদিমচিলান ইউনিয়ন', '0', '0', NULL, NULL),
(2169, 362, '', '০১ নং নাজিরপুর ইউনিয়ন', '0', '0', NULL, NULL),
(2170, 362, '', '০২ নং বিয়াঘাট ইউনিয়ন', '0', '0', NULL, NULL),
(2171, 362, '', '০৩ নং খুবজীপুর ইউনিয়ন', '0', '0', NULL, NULL),
(2172, 362, '', '০৫ নং ধারাবারিষা ইউনিয়ন', '0', '0', NULL, NULL),
(2173, 362, '', '০৪ নং মসিন্দা ইউনিয়ন', '0', '0', NULL, NULL),
(2174, 362, '', '০৬ নং চাপিলা ইউনিয়ন', '0', '0', NULL, NULL),
(2175, 342, '', 'রুকিন্দীপুর ইউনিয়ন', '0', '0', NULL, NULL),
(2176, 342, '', 'সোনামূখী ইউনিয়ন', '0', '0', NULL, NULL),
(2177, 342, '', 'তিলকপুর ইউনিয়ন', '0', '0', NULL, NULL),
(2178, 342, '', 'রায়কালী ইউনিয়ন', '0', '0', NULL, NULL),
(2179, 342, '', 'গোপীনাথপুর ইউনিয়ন', '0', '0', NULL, NULL),
(2180, 343, '', 'মাত্রাই ইউনিয়ন', '0', '0', NULL, NULL),
(2181, 343, '', 'আহম্মেদাবাদ ইউনিয়ন', '0', '0', NULL, NULL),
(2182, 343, '', 'পুনট ইউনিয়ন', '0', '0', NULL, NULL),
(2183, 343, '', 'জিন্দারপুর', '0', '0', NULL, NULL),
(2184, 343, '', 'উদয়পুর', '0', '0', NULL, NULL),
(2185, 344, '', 'আলমপুর ইউনিয়ন', '0', '0', NULL, NULL),
(2186, 344, '', 'বড়াইল ইউনিয়ন', '0', '0', NULL, NULL),
(2187, 344, '', 'তুলশীগংগা ইউনিয়ন', '0', '0', NULL, NULL),
(2188, 344, '', 'মামুদপুর ইউনিয়ন', '0', '0', NULL, NULL),
(2189, 344, '', 'বড়তারা ইউনিয়ন', '0', '0', NULL, NULL),
(2190, 345, '', 'বাগজানা ইউনিয়ন', '0', '0', NULL, NULL),
(2191, 345, '', 'ধরঞ্জি', '0', '0', NULL, NULL),
(2192, 345, '', 'আয়মারসুলপুর ইউনিয়ন', '0', '0', NULL, NULL),
(2193, 345, '', 'বালিঘাটা ইউনিয়ন', '0', '0', NULL, NULL),
(2194, 345, '', 'আটাপুর ইউনিয়ন', '0', '0', NULL, NULL),
(2195, 345, '', 'মোহাম্মদপুর ইউনিয়ন', '0', '0', NULL, NULL),
(2196, 345, '', 'আওলাই', '0', '0', NULL, NULL),
(2197, 345, '', 'কুসুম্বা', '0', '0', NULL, NULL),
(2198, 341, '', 'আমদই ইউনিয়ন', '0', '0', NULL, NULL),
(2199, 341, '', 'বম্বু ইউনিয়ন', '0', '0', NULL, NULL),
(2200, 341, '', 'দোগাছি ইউনিয়ন', '0', '0', NULL, NULL),
(2201, 341, '', 'পুরানাপৈল ইউনিয়ন', '0', '0', NULL, NULL),
(2202, 341, '', 'জামালপুর ইউনিয়ন', '0', '0', NULL, NULL),
(2203, 341, '', 'চকবরকত ইউনিয়ন', '0', '0', NULL, NULL),
(2204, 341, '', 'মোহাম্মদাবাদ ইউনিয়ন', '0', '0', NULL, NULL),
(2205, 341, '', 'ধলাহার ইউনিয়ন', '0', '0', NULL, NULL),
(2206, 341, '', 'ভাদসা', '0', '0', NULL, NULL),
(2207, 366, '', 'আলাতুলী', '0', '0', NULL, NULL),
(2208, 366, '', 'বারঘরিয়া', '0', '0', NULL, NULL),
(2209, 366, '', 'মহারাজপুর', '0', '0', NULL, NULL),
(2210, 366, '', 'রানীহাটি', '0', '0', NULL, NULL),
(2211, 366, '', 'বালিয়াডাঙ্গা', '0', '0', NULL, NULL),
(2212, 366, '', 'গোবরাতলা', '0', '0', NULL, NULL),
(2213, 366, '', 'ঝিলিম', '0', '0', NULL, NULL),
(2214, 366, '', 'চরঅনুপনগর', '0', '0', NULL, NULL),
(2215, 366, '', 'দেবীনগর', '0', '0', NULL, NULL),
(2216, 366, '', 'শাহজাহানপুর', '0', '0', NULL, NULL),
(2217, 366, '', 'ইসলামপুর', '0', '0', NULL, NULL),
(2218, 366, '', 'চরবাগডাঙ্গা', '0', '0', NULL, NULL),
(2219, 366, '', 'নারায়নপুর', '0', '0', NULL, NULL),
(2220, 366, '', 'সুন্দরপুর', '0', '0', NULL, NULL),
(2221, 364, '', 'রাধানগর', '0', '0', NULL, NULL),
(2222, 364, '', 'রহনপুর', '0', '0', NULL, NULL),
(2223, 364, '', 'বোয়ালিয়া', '0', '0', NULL, NULL),
(2224, 364, '', 'বাঙ্গাবাড়ী', '0', '0', NULL, NULL),
(2225, 364, '', 'পার্বতীপুর', '0', '0', NULL, NULL),
(2226, 364, '', 'চৌডালা', '0', '0', NULL, NULL),
(2227, 364, '', 'গোমস্তাপুর', '0', '0', NULL, NULL),
(2228, 364, '', 'আলীনগর', '0', '0', NULL, NULL),
(2229, 365, '', 'ফতেপুর', '0', '0', NULL, NULL),
(2230, 365, '', 'কসবা', '0', '0', NULL, NULL),
(2231, 365, '', 'নেজামপুর', '0', '0', NULL, NULL),
(2232, 365, '', 'নাচোল', '0', '0', NULL, NULL),
(2233, 363, '', 'ভোলাহাট', '0', '0', NULL, NULL),
(2234, 363, '', 'জামবাড়িয়া', '0', '0', NULL, NULL),
(2235, 363, '', 'গোহালবাড়ী', '0', '0', NULL, NULL),
(2236, 363, '', 'দলদলী', '0', '0', NULL, NULL),
(2237, 367, '', 'বিনোদপুর', '0', '0', NULL, NULL),
(2238, 367, '', 'চককির্তী', '0', '0', NULL, NULL),
(2239, 367, '', 'দাইপুকুরিয়া', '0', '0', NULL, NULL),
(2240, 367, '', 'ধাইনগর', '0', '0', NULL, NULL),
(2241, 367, '', 'দুর্লভপুর', '0', '0', NULL, NULL),
(2242, 367, '', 'ঘোড়াপাখিয়া', '0', '0', NULL, NULL),
(2243, 367, '', 'মোবারকপুর', '0', '0', NULL, NULL),
(2244, 367, '', 'মনাকষা', '0', '0', NULL, NULL),
(2245, 367, '', 'নয়ালাভাঙ্গা', '0', '0', NULL, NULL),
(2246, 367, '', 'পাঁকা', '0', '0', NULL, NULL),
(2247, 367, '', 'ছত্রাজিতপুর', '0', '0', NULL, NULL),
(2248, 367, '', 'শাহাবাজপুর', '0', '0', NULL, NULL),
(2249, 367, '', 'শ্যামপুর', '0', '0', NULL, NULL),
(2250, 367, '', 'কানসাট', '0', '0', NULL, NULL),
(2251, 367, '', 'উজিরপুর', '0', '0', NULL, NULL),
(2252, 347, '', 'মহাদেবপুর ইউনিয়ন', '0', '0', NULL, NULL),
(2253, 347, '', 'হাতুড়', '0', '0', NULL, NULL),
(2254, 347, '', 'খাজুর ইউনিয়ন', '0', '0', NULL, NULL),
(2255, 347, '', 'চাঁন্দাশ', '0', '0', NULL, NULL),
(2256, 347, '', 'এনায়েতপুর', '0', '0', NULL, NULL),
(2257, 347, '', 'সফাপুর', '0', '0', NULL, NULL),
(2258, 347, '', 'উত্তরগ্রাম', '0', '0', NULL, NULL),
(2259, 347, '', 'চেরাগপুর', '0', '0', NULL, NULL),
(2260, 347, '', 'ভীমপুর', '0', '0', NULL, NULL),
(2261, 347, '', 'রাইগাঁ', '0', '0', NULL, NULL),
(2262, 356, '', 'বদলগাছী ইউনিয়ন', '0', '0', NULL, NULL),
(2263, 356, '', 'মথুরাপুর ইউনিয়ন', '0', '0', NULL, NULL),
(2264, 356, '', 'পাহারপুর ইউনিয়ন', '0', '0', NULL, NULL),
(2265, 356, '', 'মিঠাপুর ইউনিয়ন', '0', '0', NULL, NULL),
(2266, 356, '', 'কোলা ইউনিয়ন', '0', '0', NULL, NULL),
(2267, 356, '', 'বিলাশবাড়ী ইউনিয়ন', '0', '0', NULL, NULL),
(2268, 356, '', 'আধাইপুর ইউনিয়ন', '0', '0', NULL, NULL),
(2269, 356, '', 'বালুভরা ইউনিয়ন', '0', '0', NULL, NULL),
(2270, 352, '', 'পত্নীতলা ইউনিয়ন', '0', '0', NULL, NULL),
(2271, 352, '', 'নিমইল ইউনিয়ন', '0', '0', NULL, NULL),
(2272, 352, '', 'দিবর ইউনিয়ন', '0', '0', NULL, NULL),
(2273, 352, '', 'আকবরপুর ইউনিয়ন', '0', '0', NULL, NULL),
(2274, 352, '', 'মাটিন্দর ইউনিয়ন', '0', '0', NULL, NULL),
(2275, 352, '', 'কৃষ্ণপুর ইউনিয়ন', '0', '0', NULL, NULL),
(2276, 352, '', 'পাটিচড়া ইউনিয়ন', '0', '0', NULL, NULL),
(2277, 352, '', 'নজিপুর ইউনিয়ন', '0', '0', NULL, NULL),
(2278, 352, '', 'ঘষনগর ইউনিয়ন', '0', '0', NULL, NULL),
(2279, 352, '', 'আমাইড় ইউনিয়ন', '0', '0', NULL, NULL),
(2280, 352, '', 'শিহারা ইউনিয়ন', '0', '0', NULL, NULL),
(2281, 353, '', 'ধামইরহাট', '0', '0', NULL, NULL),
(2282, 353, '', 'আলমপুর', '0', '0', NULL, NULL),
(2283, 353, '', 'উমার ইউনিয়ন', '0', '0', NULL, NULL),
(2284, 353, '', 'আড়ানগর', '0', '0', NULL, NULL),
(2285, 353, '', 'জাহানপুর', '0', '0', NULL, NULL),
(2286, 353, '', 'ইসবপুর', '0', '0', NULL, NULL),
(2287, 353, '', 'খেলনা', '0', '0', NULL, NULL),
(2288, 353, '', 'আগ্রাদ্বিগুন', '0', '0', NULL, NULL),
(2289, 349, '', 'হাজীনগর ইউনিয়ন', '0', '0', NULL, NULL),
(2290, 349, '', 'চন্দননগর ইউনিয়ন', '0', '0', NULL, NULL),
(2291, 349, '', 'ভাবিচা ইউনিয়ন', '0', '0', NULL, NULL),
(2292, 349, '', 'নিয়ামতপুর ইউনিয়ন', '0', '0', NULL, NULL),
(2293, 349, '', 'রসুলপুর ইউনিয়ন', '0', '0', NULL, NULL),
(2294, 349, '', 'পাড়ইল ইউনিয়ন', '0', '0', NULL, NULL),
(2295, 349, '', 'শ্রীমন্তপুর', '0', '0', NULL, NULL),
(2296, 349, '', 'বাহাদুরপুর', '0', '0', NULL, NULL),
(2297, 348, '', 'ভারশো', '0', '0', NULL, NULL),
(2298, 348, '', 'ভালাইন', '0', '0', NULL, NULL),
(2299, 348, '', 'পরানপুর', '0', '0', NULL, NULL),
(2300, 348, '', 'মান্দা', '0', '0', NULL, NULL),
(2301, 348, '', 'গনেশপুর', '0', '0', NULL, NULL),
(2302, 348, '', 'মৈনম', '0', '0', NULL, NULL),
(2303, 348, '', 'প্রসাদপুর ইউনিয়ন', '0', '0', NULL, NULL),
(2304, 348, '', 'কুসুম্বা', '0', '0', NULL, NULL),
(2305, 348, '', 'তেঁতুলিয়া', '0', '0', NULL, NULL),
(2306, 348, '', 'নূরুল্যাবাদ', '0', '0', NULL, NULL),
(2307, 348, '', 'কালিকাপুর', '0', '0', NULL, NULL),
(2308, 348, '', 'কাঁশোকাপুর', '0', '0', NULL, NULL),
(2309, 348, '', 'কশব ইউনিয়ন', '0', '0', NULL, NULL),
(2310, 348, '', 'বিষ্ণপুর', '0', '0', NULL, NULL),
(2311, 350, '', 'শাহাগোলা', '0', '0', NULL, NULL),
(2312, 350, '', 'ভোঁপড়া', '0', '0', NULL, NULL),
(2313, 350, '', 'আহসানগঞ্জ', '0', '0', NULL, NULL),
(2314, 350, '', 'পাঁচুপুর', '0', '0', NULL, NULL),
(2315, 350, '', 'বিশা', '0', '0', NULL, NULL),
(2316, 350, '', 'মনিয়ারী', '0', '0', NULL, NULL),
(2317, 350, '', 'কালিকাপুর', '0', '0', NULL, NULL),
(2318, 350, '', 'হাটকালুপাড়া', '0', '0', NULL, NULL),
(2319, 351, '', 'খট্টেশ্বর রাণীনগর', '0', '0', NULL, NULL),
(2320, 351, '', 'কাশিমপুর', '0', '0', NULL, NULL),
(2321, 351, '', 'গোনা', '0', '0', NULL, NULL),
(2322, 351, '', 'পারইল', '0', '0', NULL, NULL),
(2323, 351, '', 'বরগাছা', '0', '0', NULL, NULL),
(2324, 351, '', 'কালিগ্রাম', '0', '0', NULL, NULL),
(2325, 351, '', 'একডালা', '0', '0', NULL, NULL),
(2326, 351, '', 'মিরাট', '0', '0', NULL, NULL),
(2327, 346, '', 'বর্ষাইল', '0', '0', NULL, NULL),
(2328, 346, '', 'কির্ত্তিপুর', '0', '0', NULL, NULL),
(2329, 346, '', 'বক্তারপুর ইউনিয়ন', '0', '0', NULL, NULL),
(2330, 346, '', 'তিলোকপুর', '0', '0', NULL, NULL),
(2331, 346, '', 'হাপানিয়া', '0', '0', NULL, NULL),
(2332, 346, '', 'দুবলহাটী ইউনিয়ন', '0', '0', NULL, NULL),
(2333, 346, '', 'বোয়ালিয়া ইউনিয়ন', '0', '0', NULL, NULL),
(2334, 346, '', 'হাঁসাইগাড়ী', '0', '0', NULL, NULL),
(2335, 346, '', 'চন্ডিপুর', '0', '0', NULL, NULL),
(2336, 346, '', 'বলিহার', '0', '0', NULL, NULL),
(2337, 346, '', 'শিকারপুর', '0', '0', NULL, NULL),
(2338, 346, '', 'শৈলগাছী', '0', '0', NULL, NULL),
(2339, 355, '', 'নিতপুর ইউনিয়ন', '0', '0', NULL, NULL),
(2340, 355, '', 'তেঁতুলিয়া', '0', '0', NULL, NULL),
(2341, 355, '', 'ছাওড়', '0', '0', NULL, NULL),
(2342, 355, '', 'গাঙ্গুরিয়া', '0', '0', NULL, NULL),
(2343, 355, '', 'ঘাটনগর ইউনিয়ন', '0', '0', NULL, NULL),
(2344, 355, '', 'মশিদপুর', '0', '0', NULL, NULL),
(2345, 354, '', 'সাপাহার', '0', '0', NULL, NULL),
(2346, 354, '', 'তিলনা', '0', '0', NULL, NULL),
(2347, 354, '', 'আইহাই', '0', '0', NULL, NULL),
(2348, 354, '', 'শিরন্টী', '0', '0', NULL, NULL),
(2349, 354, '', 'গোয়ালা', '0', '0', NULL, NULL),
(2350, 354, '', 'পাতাড়ী', '0', '0', NULL, NULL);

-- --------------------------------------------------------

--
-- Table structure for table `upazilas`
--

DROP TABLE IF EXISTS `upazilas`;
CREATE TABLE IF NOT EXISTS `upazilas` (
  `id` bigint UNSIGNED NOT NULL AUTO_INCREMENT,
  `district_id` bigint UNSIGNED DEFAULT NULL,
  `name` varchar(191) CHARACTER SET utf8 COLLATE utf8_unicode_ci DEFAULT NULL,
  `bn_name` varchar(191) CHARACTER SET utf8 COLLATE utf8_unicode_ci DEFAULT NULL,
  `created_at` timestamp NULL DEFAULT NULL,
  `updated_at` timestamp NULL DEFAULT NULL,
  PRIMARY KEY (`id`),
  KEY `upazilas_district_id_foreign` (`district_id`)
) ENGINE=InnoDB AUTO_INCREMENT=502 DEFAULT CHARSET=utf8 COLLATE=utf8_unicode_ci;

--
-- Dumping data for table `upazilas`
--

INSERT INTO `upazilas` (`id`, `district_id`, `name`, `bn_name`, `created_at`, `updated_at`) VALUES
(1, 34, 'Amtali', 'আমতলী', NULL, NULL),
(2, 34, 'Bamna', 'বামনা', NULL, NULL),
(3, 34, 'Barguna Sadar', 'বরগুনা সদর', NULL, NULL),
(4, 34, 'Betagi', 'বেতাগি', NULL, NULL),
(5, 34, 'Patharghata', 'পাথরঘাটা', NULL, NULL),
(6, 34, 'Taltali', 'তালতলী', NULL, NULL),
(7, 35, 'Muladi', 'মুলাদি', NULL, NULL),
(8, 35, 'Babuganj', 'বাবুগঞ্জ', NULL, NULL),
(9, 35, 'Agailjhara', 'আগাইলঝরা', NULL, NULL),
(10, 35, 'Barisal Sadar', 'বরিশাল সদর', NULL, NULL),
(11, 35, 'Bakerganj', 'বাকেরগঞ্জ', NULL, NULL),
(12, 35, 'Banaripara', 'বানাড়িপারা', NULL, NULL),
(13, 35, 'Gaurnadi', 'গৌরনদী', NULL, NULL),
(14, 35, 'Hizla', 'হিজলা', NULL, NULL),
(15, 35, 'Mehendiganj', 'মেহেদিগঞ্জ ', NULL, NULL),
(16, 35, 'Wazirpur', 'ওয়াজিরপুর', NULL, NULL),
(17, 36, 'Bhola Sadar', 'ভোলা সদর', NULL, NULL),
(18, 36, 'Burhanuddin', 'বুরহানউদ্দিন', NULL, NULL),
(19, 36, 'Char Fasson', 'চর ফ্যাশন', NULL, NULL),
(20, 36, 'Daulatkhan', 'দৌলতখান', NULL, NULL),
(21, 36, 'Lalmohan', 'লালমোহন', NULL, NULL),
(22, 36, 'Manpura', 'মনপুরা', NULL, NULL),
(23, 36, 'Tazumuddin', 'তাজুমুদ্দিন', NULL, NULL),
(24, 37, 'Jhalokati Sadar', 'ঝালকাঠি সদর', NULL, NULL),
(25, 37, 'Kathalia', 'কাঁঠালিয়া', NULL, NULL),
(26, 37, 'Nalchity', 'নালচিতি', NULL, NULL),
(27, 37, 'Rajapur', 'রাজাপুর', NULL, NULL),
(28, 38, 'Bauphal', 'বাউফল', NULL, NULL),
(29, 38, 'Dashmina', 'দশমিনা', NULL, NULL),
(30, 38, 'Galachipa', 'গলাচিপা', NULL, NULL),
(31, 38, 'Kalapara', 'কালাপারা', NULL, NULL),
(32, 38, 'Mirzaganj', 'মির্জাগঞ্জ ', NULL, NULL),
(33, 38, 'Patuakhali Sadar', 'পটুয়াখালী সদর', NULL, NULL),
(34, 38, 'Dumki', 'ডুমকি', NULL, NULL),
(35, 38, 'Rangabali', 'রাঙ্গাবালি', NULL, NULL),
(36, 39, 'Bhandaria', 'ভ্যান্ডারিয়া', NULL, NULL),
(37, 39, 'Kaukhali', 'কাউখালি', NULL, NULL),
(38, 39, 'Mathbaria', 'মাঠবাড়িয়া', NULL, NULL),
(39, 39, 'Nazirpur', 'নাজিরপুর', NULL, NULL),
(40, 39, 'Nesarabad', 'নেসারাবাদ', NULL, NULL),
(41, 39, 'Pirojpur Sadar', 'পিরোজপুর সদর', NULL, NULL),
(42, 39, 'Zianagar', 'জিয়ানগর', NULL, NULL),
(43, 40, 'Bandarban Sadar', 'বান্দরবন সদর', NULL, NULL),
(44, 40, 'Thanchi', 'থানচি', NULL, NULL),
(45, 40, 'Lama', 'লামা', NULL, NULL),
(46, 40, 'Naikhongchhari', 'নাইখংছড়ি ', NULL, NULL),
(47, 40, 'Ali kadam', 'আলী কদম', NULL, NULL),
(48, 40, 'Rowangchhari', 'রউয়াংছড়ি ', NULL, NULL),
(49, 40, 'Ruma', 'রুমা', NULL, NULL),
(50, 41, 'Brahmanbaria Sadar', 'ব্রাহ্মণবাড়িয়া সদর', NULL, NULL),
(51, 41, 'Ashuganj', 'আশুগঞ্জ', NULL, NULL),
(52, 41, 'Nasirnagar', 'নাসির নগর', NULL, NULL),
(53, 41, 'Nabinagar', 'নবীনগর', NULL, NULL),
(54, 41, 'Sarail', 'সরাইল', NULL, NULL),
(55, 41, 'Shahbazpur Town', 'শাহবাজপুর টাউন', NULL, NULL),
(56, 41, 'Kasba', 'কসবা', NULL, NULL),
(57, 41, 'Akhaura', 'আখাউরা', NULL, NULL),
(58, 41, 'Bancharampur', 'বাঞ্ছারামপুর', NULL, NULL),
(59, 41, 'Bijoynagar', 'বিজয় নগর', NULL, NULL),
(60, 42, 'Chandpur Sadar', 'চাঁদপুর সদর', NULL, NULL),
(61, 42, 'Faridganj', 'ফরিদগঞ্জ', NULL, NULL),
(62, 42, 'Haimchar', 'হাইমচর', NULL, NULL),
(63, 42, 'Haziganj', 'হাজীগঞ্জ', NULL, NULL),
(64, 42, 'Kachua', 'কচুয়া', NULL, NULL),
(65, 42, 'Matlab Uttar', 'মতলব উত্তর', NULL, NULL),
(66, 42, 'Matlab Dakkhin', 'মতলব দক্ষিণ', NULL, NULL),
(67, 42, 'Shahrasti', 'শাহরাস্তি', NULL, NULL),
(68, 43, 'Anwara', 'আনোয়ারা', NULL, NULL),
(69, 43, 'Banshkhali', 'বাশখালি', NULL, NULL),
(70, 43, 'Boalkhali', 'বোয়ালখালি', NULL, NULL),
(71, 43, 'Chandanaish', 'চন্দনাইশ', NULL, NULL),
(72, 43, 'Fatikchhari', 'ফটিকছড়ি', NULL, NULL),
(73, 43, 'Hathazari', 'হাঠহাজারী', NULL, NULL),
(74, 43, 'Lohagara', 'লোহাগারা', NULL, NULL),
(75, 43, 'Mirsharai', 'মিরসরাই', NULL, NULL),
(76, 43, 'Patiya', 'পটিয়া', NULL, NULL),
(77, 43, 'Rangunia', 'রাঙ্গুনিয়া', NULL, NULL),
(78, 43, 'Raozan', 'রাউজান', NULL, NULL),
(79, 43, 'Sandwip', 'সন্দ্বীপ', NULL, NULL),
(80, 43, 'Satkania', 'সাতকানিয়া', NULL, NULL),
(81, 43, 'Sitakunda', 'সীতাকুণ্ড', NULL, NULL),
(82, 44, 'Barura', 'বড়ুরা', NULL, NULL),
(83, 44, 'Brahmanpara', 'ব্রাহ্মণপাড়া', NULL, NULL),
(84, 44, 'Burichong', 'বুড়িচং', NULL, NULL),
(85, 44, 'Chandina', 'চান্দিনা', NULL, NULL),
(86, 44, 'Chauddagram', 'চৌদ্দগ্রাম', NULL, NULL),
(87, 44, 'Daudkandi', 'দাউদকান্দি', NULL, NULL),
(88, 44, 'Debidwar', 'দেবীদ্বার', NULL, NULL),
(89, 44, 'Homna', 'হোমনা', NULL, NULL),
(90, 44, 'Comilla Sadar', 'কুমিল্লা সদর', NULL, NULL),
(91, 44, 'Laksam', 'লাকসাম', NULL, NULL),
(92, 44, 'Monohorgonj', 'মনোহরগঞ্জ', NULL, NULL),
(93, 44, 'Meghna', 'মেঘনা', NULL, NULL),
(94, 44, 'Muradnagar', 'মুরাদনগর', NULL, NULL),
(95, 44, 'Nangalkot', 'নাঙ্গালকোট', NULL, NULL),
(96, 44, 'Comilla Sadar South', 'কুমিল্লা সদর দক্ষিণ', NULL, NULL),
(97, 44, 'Titas', 'তিতাস', NULL, NULL),
(98, 45, 'Chakaria', 'চকরিয়া', NULL, NULL),
(100, 45, 'Cox\'s Bazar Sadar', 'কক্স বাজার সদর', NULL, NULL),
(101, 45, 'Kutubdia', 'কুতুবদিয়া', NULL, NULL),
(102, 45, 'Maheshkhali', 'মহেশখালী', NULL, NULL),
(103, 45, 'Ramu', 'রামু', NULL, NULL),
(104, 45, 'Teknaf', 'টেকনাফ', NULL, NULL),
(105, 45, 'Ukhia', 'উখিয়া', NULL, NULL),
(106, 45, 'Pekua', 'পেকুয়া', NULL, NULL),
(107, 46, 'Feni Sadar', 'ফেনী সদর', NULL, NULL),
(108, 46, 'Chagalnaiya', 'ছাগল নাইয়া', NULL, NULL),
(109, 46, 'Daganbhyan', 'দাগানভিয়া', NULL, NULL),
(110, 46, 'Parshuram', 'পরশুরাম', NULL, NULL),
(111, 46, 'Fhulgazi', 'ফুলগাজি', NULL, NULL),
(112, 46, 'Sonagazi', 'সোনাগাজি', NULL, NULL),
(113, 47, 'Dighinala', 'দিঘিনালা ', NULL, NULL),
(114, 47, 'Khagrachhari', 'খাগড়াছড়ি', NULL, NULL),
(115, 47, 'Lakshmichhari', 'লক্ষ্মীছড়ি', NULL, NULL),
(116, 47, 'Mahalchhari', 'মহলছড়ি', NULL, NULL),
(117, 47, 'Manikchhari', 'মানিকছড়ি', NULL, NULL),
(118, 47, 'Matiranga', 'মাটিরাঙ্গা', NULL, NULL),
(119, 47, 'Panchhari', 'পানছড়ি', NULL, NULL),
(120, 47, 'Ramgarh', 'রামগড়', NULL, NULL),
(121, 48, 'Lakshmipur Sadar', 'লক্ষ্মীপুর সদর', NULL, NULL),
(122, 48, 'Raipur', 'রায়পুর', NULL, NULL),
(123, 48, 'Ramganj', 'রামগঞ্জ', NULL, NULL),
(124, 48, 'Ramgati', 'রামগতি', NULL, NULL),
(125, 48, 'Komol Nagar', 'কমল নগর', NULL, NULL),
(126, 49, 'Noakhali Sadar', 'নোয়াখালী সদর', NULL, NULL),
(127, 49, 'Begumganj', 'বেগমগঞ্জ', NULL, NULL),
(128, 49, 'Chatkhil', 'চাটখিল', NULL, NULL),
(129, 49, 'Companyganj', 'কোম্পানীগঞ্জ', NULL, NULL),
(130, 49, 'Shenbag', 'শেনবাগ', NULL, NULL),
(131, 49, 'Hatia', 'হাতিয়া', NULL, NULL),
(132, 49, 'Kobirhat', 'কবিরহাট ', NULL, NULL),
(133, 49, 'Sonaimuri', 'সোনাইমুরি', NULL, NULL),
(134, 49, 'Suborno Char', 'সুবর্ণ চর ', NULL, NULL),
(135, 50, 'Rangamati Sadar', 'রাঙ্গামাটি সদর', NULL, NULL),
(136, 50, 'Belaichhari', 'বেলাইছড়ি', NULL, NULL),
(137, 50, 'Bagaichhari', 'বাঘাইছড়ি', NULL, NULL),
(138, 50, 'Barkal', 'বরকল', NULL, NULL),
(139, 50, 'Juraichhari', 'জুরাইছড়ি', NULL, NULL),
(140, 50, 'Rajasthali', 'রাজাস্থলি', NULL, NULL),
(141, 50, 'Kaptai', 'কাপ্তাই', NULL, NULL),
(142, 50, 'Langadu', 'লাঙ্গাডু', NULL, NULL),
(143, 50, 'Nannerchar', 'নান্নেরচর ', NULL, NULL),
(144, 50, 'Kaukhali', 'কাউখালি', NULL, NULL),
(145, 1, 'Dhamrai', 'ধামরাই', NULL, NULL),
(146, 1, 'Dohar', 'দোহার', NULL, NULL),
(147, 1, 'Keraniganj', 'কেরানীগঞ্জ', NULL, NULL),
(148, 1, 'Nawabganj', 'নবাবগঞ্জ', NULL, NULL),
(149, 1, 'Savar', 'সাভার', NULL, NULL),
(150, 2, 'Faridpur Sadar', 'ফরিদপুর সদর', NULL, NULL),
(151, 2, 'Boalmari', 'বোয়ালমারী', NULL, NULL),
(152, 2, 'Alfadanga', 'আলফাডাঙ্গা', NULL, NULL),
(153, 2, 'Madhukhali', 'মধুখালি', NULL, NULL),
(154, 2, 'Bhanga', 'ভাঙ্গা', NULL, NULL),
(155, 2, 'Nagarkanda', 'নগরকান্ড', NULL, NULL),
(156, 2, 'Charbhadrasan', 'চরভদ্রাসন ', NULL, NULL),
(157, 2, 'Sadarpur', 'সদরপুর', NULL, NULL),
(158, 2, 'Shaltha', 'শালথা', NULL, NULL),
(159, 3, 'Gazipur Sadar-Joydebpur', 'গাজীপুর সদর', NULL, NULL),
(160, 3, 'Kaliakior', 'কালিয়াকৈর', NULL, NULL),
(161, 3, 'Kapasia', 'কাপাসিয়া', NULL, NULL),
(162, 3, 'Sripur', 'শ্রীপুর', NULL, NULL),
(163, 3, 'Kaliganj', 'কালীগঞ্জ', NULL, NULL),
(164, 3, 'Tongi', 'টঙ্গি', NULL, NULL),
(165, 4, 'Gopalganj Sadar', 'গোপালগঞ্জ সদর', NULL, NULL),
(166, 4, 'Kashiani', 'কাশিয়ানি', NULL, NULL),
(167, 4, 'Kotalipara', 'কোটালিপাড়া', NULL, NULL),
(168, 4, 'Muksudpur', 'মুকসুদপুর', NULL, NULL),
(169, 4, 'Tungipara', 'টুঙ্গিপাড়া', NULL, NULL),
(170, 5, 'Dewanganj', 'দেওয়ানগঞ্জ', NULL, NULL),
(171, 5, 'Baksiganj', 'বকসিগঞ্জ', NULL, NULL),
(172, 5, 'Islampur', 'ইসলামপুর', NULL, NULL),
(173, 5, 'Jamalpur Sadar', 'জামালপুর সদর', NULL, NULL),
(174, 5, 'Madarganj', 'মাদারগঞ্জ', NULL, NULL),
(175, 5, 'Melandaha', 'মেলানদাহা', NULL, NULL),
(176, 5, 'Sarishabari', 'সরিষাবাড়ি ', NULL, NULL),
(177, 5, 'Narundi Police I.C', 'নারুন্দি', NULL, NULL),
(178, 6, 'Astagram', 'অষ্টগ্রাম', NULL, NULL),
(179, 6, 'Bajitpur', 'বাজিতপুর', NULL, NULL),
(180, 6, 'Bhairab', 'ভৈরব', NULL, NULL),
(181, 6, 'Hossainpur', 'হোসেনপুর ', NULL, NULL),
(182, 6, 'Itna', 'ইটনা', NULL, NULL),
(183, 6, 'Karimganj', 'করিমগঞ্জ', NULL, NULL),
(184, 6, 'Katiadi', 'কতিয়াদি', NULL, NULL),
(185, 6, 'Kishoreganj Sadar', 'কিশোরগঞ্জ সদর', NULL, NULL),
(186, 6, 'Kuliarchar', 'কুলিয়ারচর', NULL, NULL),
(187, 6, 'Mithamain', 'মিঠামাইন', NULL, NULL),
(188, 6, 'Nikli', 'নিকলি', NULL, NULL),
(189, 6, 'Pakundia', 'পাকুন্ডা', NULL, NULL),
(190, 6, 'Tarail', 'তাড়াইল', NULL, NULL),
(191, 7, 'Madaripur Sadar', 'মাদারীপুর সদর', NULL, NULL),
(192, 7, 'Kalkini', 'কালকিনি', NULL, NULL),
(193, 7, 'Rajoir', 'রাজইর', NULL, NULL),
(194, 7, 'Shibchar', 'শিবচর', NULL, NULL),
(195, 8, 'Manikganj Sadar', 'মানিকগঞ্জ সদর', NULL, NULL),
(196, 8, 'Singair', 'সিঙ্গাইর', NULL, NULL),
(197, 8, 'Shibalaya', 'শিবালয়', NULL, NULL),
(198, 8, 'Saturia', 'সাঠুরিয়া', NULL, NULL),
(199, 8, 'Harirampur', 'হরিরামপুর', NULL, NULL),
(200, 8, 'Ghior', 'ঘিওর', NULL, NULL),
(201, 8, 'Daulatpur', 'দৌলতপুর', NULL, NULL),
(202, 9, 'Lohajang', 'লোহাজং', NULL, NULL),
(203, 9, 'Sreenagar', 'শ্রীনগর', NULL, NULL),
(204, 9, 'Munshiganj Sadar', 'মুন্সিগঞ্জ সদর', NULL, NULL),
(205, 9, 'Sirajdikhan', 'সিরাজদিখান', NULL, NULL),
(206, 9, 'Tongibari', 'টঙ্গিবাড়ি', NULL, NULL),
(207, 9, 'Gazaria', 'গজারিয়া', NULL, NULL),
(208, 10, 'Bhaluka', 'ভালুকা', NULL, NULL),
(209, 10, 'Trishal', 'ত্রিশাল', NULL, NULL),
(210, 10, 'Haluaghat', 'হালুয়াঘাট', NULL, NULL),
(211, 10, 'Muktagachha', 'মুক্তাগাছা', NULL, NULL),
(212, 10, 'Dhobaura', 'ধবারুয়া', NULL, NULL),
(213, 10, 'Fulbaria', 'ফুলবাড়িয়া', NULL, NULL),
(214, 10, 'Gaffargaon', 'গফরগাঁও', NULL, NULL),
(215, 10, 'Gauripur', 'গৌরিপুর', NULL, NULL),
(216, 10, 'Ishwarganj', 'ঈশ্বরগঞ্জ', NULL, NULL),
(217, 10, 'Mymensingh Sadar', 'ময়মনসিং সদর', NULL, NULL),
(218, 10, 'Nandail', 'নন্দাইল', NULL, NULL),
(219, 10, 'Phulpur', 'ফুলপুর', NULL, NULL),
(220, 11, 'Araihazar', 'আড়াইহাজার', NULL, NULL),
(221, 11, 'Sonargaon', 'সোনারগাঁও', NULL, NULL),
(222, 11, 'Bandar', 'বান্দার', NULL, NULL),
(223, 11, 'Naryanganj Sadar', 'নারায়ানগঞ্জ সদর', NULL, NULL),
(224, 11, 'Rupganj', 'রূপগঞ্জ', NULL, NULL),
(225, 11, 'Siddirgonj', 'সিদ্ধিরগঞ্জ', NULL, NULL),
(226, 12, 'Belabo', 'বেলাবো', NULL, NULL),
(227, 12, 'Monohardi', 'মনোহরদি', NULL, NULL),
(228, 12, 'Narsingdi Sadar', 'নরসিংদী সদর', NULL, NULL),
(229, 12, 'Palash', 'পলাশ', NULL, NULL),
(230, 12, 'Raipura, Narsingdi', 'রায়পুর', NULL, NULL),
(231, 12, 'Shibpur', 'শিবপুর', NULL, NULL),
(232, 13, 'Kendua Upazilla', 'কেন্দুয়া', NULL, NULL),
(233, 13, 'Atpara Upazilla', 'আটপাড়া', NULL, NULL),
(234, 13, 'Barhatta Upazilla', 'বরহাট্টা', NULL, NULL),
(235, 13, 'Durgapur Upazilla', 'দুর্গাপুর', NULL, NULL),
(236, 13, 'Kalmakanda Upazilla', 'কলমাকান্দা', NULL, NULL),
(237, 13, 'Madan Upazilla', 'মদন', NULL, NULL),
(238, 13, 'Mohanganj Upazilla', 'মোহনগঞ্জ', NULL, NULL),
(239, 13, 'Netrakona-S Upazilla', 'নেত্রকোনা সদর', NULL, NULL),
(240, 13, 'Purbadhala Upazilla', 'পূর্বধলা', NULL, NULL),
(241, 13, 'Khaliajuri Upazilla', 'খালিয়াজুরি', NULL, NULL),
(242, 14, 'Baliakandi', 'বালিয়াকান্দি', NULL, NULL),
(243, 14, 'Goalandaghat', 'গোয়ালন্দ ঘাট', NULL, NULL),
(244, 14, 'Pangsha', 'পাংশা', NULL, NULL),
(245, 14, 'Kalukhali', 'কালুখালি', NULL, NULL),
(246, 14, 'Rajbari Sadar', 'রাজবাড়ি সদর', NULL, NULL),
(247, 15, 'Shariatpur Sadar -Palong', 'শরীয়তপুর সদর ', NULL, NULL),
(248, 15, 'Damudya', 'দামুদিয়া', NULL, NULL),
(249, 15, 'Naria', 'নড়িয়া', NULL, NULL),
(250, 15, 'Jajira', 'জাজিরা', NULL, NULL),
(251, 15, 'Bhedarganj', 'ভেদারগঞ্জ', NULL, NULL),
(252, 15, 'Gosairhat', 'গোসাইর হাট ', NULL, NULL),
(253, 16, 'Jhenaigati', 'ঝিনাইগাতি', NULL, NULL),
(254, 16, 'Nakla', 'নাকলা', NULL, NULL),
(255, 16, 'Nalitabari', 'নালিতাবাড়ি', NULL, NULL),
(256, 16, 'Sherpur Sadar', 'শেরপুর সদর', NULL, NULL),
(257, 16, 'Sreebardi', 'শ্রীবরদি', NULL, NULL),
(258, 17, 'Tangail Sadar', 'টাঙ্গাইল সদর', NULL, NULL),
(259, 17, 'Sakhipur', 'সখিপুর', NULL, NULL),
(260, 17, 'Basail', 'বসাইল', NULL, NULL),
(261, 17, 'Madhupur', 'মধুপুর', NULL, NULL),
(262, 17, 'Ghatail', 'ঘাটাইল', NULL, NULL),
(263, 17, 'Kalihati', 'কালিহাতি', NULL, NULL),
(264, 17, 'Nagarpur', 'নগরপুর', NULL, NULL),
(265, 17, 'Mirzapur', 'মির্জাপুর', NULL, NULL),
(266, 17, 'Gopalpur', 'গোপালপুর', NULL, NULL),
(267, 17, 'Delduar', 'দেলদুয়ার', NULL, NULL),
(268, 17, 'Bhuapur', 'ভুয়াপুর', NULL, NULL),
(269, 17, 'Dhanbari', 'ধানবাড়ি', NULL, NULL),
(270, 55, 'Bagerhat Sadar', 'বাগেরহাট সদর', NULL, NULL),
(271, 55, 'Chitalmari', 'চিতলমাড়ি', NULL, NULL),
(272, 55, 'Fakirhat', 'ফকিরহাট', NULL, NULL),
(273, 55, 'Kachua', 'কচুয়া', NULL, NULL),
(274, 55, 'Mollahat', 'মোল্লাহাট ', NULL, NULL),
(275, 55, 'Mongla', 'মংলা', NULL, NULL),
(276, 55, 'Morrelganj', 'মরেলগঞ্জ', NULL, NULL),
(277, 55, 'Rampal', 'রামপাল', NULL, NULL),
(278, 55, 'Sarankhola', 'স্মরণখোলা', NULL, NULL),
(279, 56, 'Damurhuda', 'দামুরহুদা', NULL, NULL),
(280, 56, 'Chuadanga-S', 'চুয়াডাঙ্গা সদর', NULL, NULL),
(281, 56, 'Jibannagar', 'জীবন নগর ', NULL, NULL),
(282, 56, 'Alamdanga', 'আলমডাঙ্গা', NULL, NULL),
(283, 57, 'Abhaynagar', 'অভয়নগর', NULL, NULL),
(284, 57, 'Keshabpur', 'কেশবপুর', NULL, NULL),
(285, 57, 'Bagherpara', 'বাঘের পাড়া ', NULL, NULL),
(286, 57, 'Jessore Sadar', 'যশোর সদর', NULL, NULL),
(287, 57, 'Chaugachha', 'চৌগাছা', NULL, NULL),
(288, 57, 'Manirampur', 'মনিরামপুর ', NULL, NULL),
(289, 57, 'Jhikargachha', 'ঝিকরগাছা', NULL, NULL),
(290, 57, 'Sharsha', 'সারশা', NULL, NULL),
(291, 58, 'Jhenaidah Sadar', 'ঝিনাইদহ সদর', NULL, NULL),
(292, 58, 'Maheshpur', 'মহেশপুর', NULL, NULL),
(293, 58, 'Kaliganj', 'কালীগঞ্জ', NULL, NULL),
(294, 58, 'Kotchandpur', 'কোট চাঁদপুর ', NULL, NULL),
(295, 58, 'Shailkupa', 'শৈলকুপা', NULL, NULL),
(296, 58, 'Harinakunda', 'হাড়িনাকুন্দা', NULL, NULL),
(297, 59, 'Terokhada', 'তেরোখাদা', NULL, NULL),
(298, 59, 'Batiaghata', 'বাটিয়াঘাটা ', NULL, NULL),
(299, 59, 'Dacope', 'ডাকপে', NULL, NULL),
(300, 59, 'Dumuria', 'ডুমুরিয়া', NULL, NULL),
(301, 59, 'Dighalia', 'দিঘলিয়া', NULL, NULL),
(302, 59, 'Koyra', 'কয়ড়া', NULL, NULL),
(303, 59, 'Paikgachha', 'পাইকগাছা', NULL, NULL),
(304, 59, 'Phultala', 'ফুলতলা', NULL, NULL),
(305, 59, 'Rupsa', 'রূপসা', NULL, NULL),
(306, 60, 'Kushtia Sadar', 'কুষ্টিয়া সদর', NULL, NULL),
(307, 60, 'Kumarkhali', 'কুমারখালি', NULL, NULL),
(308, 60, 'Daulatpur', 'দৌলতপুর', NULL, NULL),
(309, 60, 'Mirpur', 'মিরপুর', NULL, NULL),
(310, 60, 'Bheramara', 'ভেরামারা', NULL, NULL),
(311, 60, 'Khoksa', 'খোকসা', NULL, NULL),
(312, 61, 'Magura Sadar', 'মাগুরা সদর', NULL, NULL),
(313, 61, 'Mohammadpur', 'মোহাম্মাদপুর', NULL, NULL),
(314, 61, 'Shalikha', 'শালিখা', NULL, NULL),
(315, 61, 'Sreepur', 'শ্রীপুর', NULL, NULL),
(316, 62, 'angni', 'আংনি', NULL, NULL),
(317, 62, 'Mujib Nagar', 'মুজিব নগর', NULL, NULL),
(318, 62, 'Meherpur-S', 'মেহেরপুর সদর', NULL, NULL),
(319, 63, 'Narail-S Upazilla', 'নড়াইল সদর', NULL, NULL),
(320, 63, 'Lohagara Upazilla', 'লোহাগাড়া', NULL, NULL),
(321, 63, 'Kalia Upazilla', 'কালিয়া', NULL, NULL),
(322, 64, 'Satkhira Sadar', 'সাতক্ষীরা সদর', NULL, NULL),
(323, 64, 'Assasuni', 'আসসাশুনি ', NULL, NULL),
(324, 64, 'Debhata', 'দেভাটা', NULL, NULL),
(325, 64, 'Tala', 'তালা', NULL, NULL),
(326, 64, 'Kalaroa', 'কলরোয়া', NULL, NULL),
(327, 64, 'Kaliganj', 'কালীগঞ্জ', NULL, NULL),
(328, 64, 'Shyamnagar', 'শ্যামনগর', NULL, NULL),
(329, 18, 'Adamdighi', 'আদমদিঘী', NULL, NULL),
(330, 18, 'Bogra Sadar', 'বগুড়া সদর', NULL, NULL),
(331, 18, 'Sherpur', 'শেরপুর', NULL, NULL),
(332, 18, 'Dhunat', 'ধুনট', NULL, NULL),
(333, 18, 'Dhupchanchia', 'দুপচাচিয়া', NULL, NULL),
(334, 18, 'Gabtali', 'গাবতলি', NULL, NULL),
(335, 18, 'Kahaloo', 'কাহালু', NULL, NULL),
(336, 18, 'Nandigram', 'নন্দিগ্রাম', NULL, NULL),
(337, 18, 'Sahajanpur', 'শাহজাহানপুর', NULL, NULL),
(338, 18, 'Sariakandi', 'সারিয়াকান্দি', NULL, NULL),
(339, 18, 'Shibganj', 'শিবগঞ্জ', NULL, NULL),
(340, 18, 'Sonatala', 'সোনাতলা', NULL, NULL),
(341, 19, 'Joypurhat Sadar', 'জয়পুরহাট সদর', NULL, NULL),
(342, 19, 'Akkelpur', 'আক্কেলপুর', NULL, NULL),
(343, 19, 'Kalai', 'কালাই', NULL, NULL),
(344, 19, 'Khetlal', 'খেতলাল', NULL, NULL),
(345, 19, 'Panchbibi', 'পাঁচবিবি', NULL, NULL),
(346, 20, 'Naogaon Sadar', 'নওগাঁ সদর', NULL, NULL),
(347, 20, 'Mohadevpur', 'মহাদেবপুর', NULL, NULL),
(348, 20, 'Manda', 'মান্দা', NULL, NULL),
(349, 20, 'Niamatpur', 'নিয়ামতপুর', NULL, NULL),
(350, 20, 'Atrai', 'আত্রাই', NULL, NULL),
(351, 20, 'Raninagar', 'রাণীনগর', NULL, NULL),
(352, 20, 'Patnitala', 'পত্নীতলা', NULL, NULL),
(353, 20, 'Dhamoirhat', 'ধামইরহাট ', NULL, NULL),
(354, 20, 'Sapahar', 'সাপাহার', NULL, NULL),
(355, 20, 'Porsha', 'পোরশা', NULL, NULL),
(356, 20, 'Badalgachhi', 'বদলগাছি', NULL, NULL),
(357, 21, 'Singra', 'সিংড়া', NULL, NULL),
(358, 21, 'Baraigram', 'বড়াইগ্রাম', NULL, NULL),
(359, 21, 'Bagatipara', 'বাগাতিপাড়া', NULL, NULL),
(360, 21, 'Lalpur', 'লালপুর', NULL, NULL),
(361, 21, 'Natore Sadar', 'নাটোর সদর', NULL, NULL),
(362, 21, 'Gurudaspur', 'গুরুদাস পুর', NULL, NULL),
(363, 22, 'Bholahat', 'ভোলাহাট', NULL, NULL),
(364, 22, 'Gomastapur', 'গোমস্তাপুর', NULL, NULL),
(365, 22, 'Nachole', 'নাচোল', NULL, NULL),
(366, 22, 'Nawabganj Sadar', 'নবাবগঞ্জ সদর', NULL, NULL),
(367, 22, 'Shibganj', 'শিবগঞ্জ', NULL, NULL),
(368, 23, 'Atgharia', 'আটঘরিয়া', NULL, NULL),
(369, 23, 'Bera', 'বেড়া', NULL, NULL),
(370, 23, 'Bhangura', 'ভাঙ্গুরা', NULL, NULL),
(371, 23, 'Chatmohar', 'চাটমোহর', NULL, NULL),
(372, 23, 'Faridpur', 'ফরিদপুর', NULL, NULL),
(373, 23, 'Ishwardi', 'ঈশ্বরদী', NULL, NULL),
(374, 23, 'Pabna Sadar', 'পাবনা সদর', NULL, NULL),
(375, 23, 'Santhia', 'সাথিয়া', NULL, NULL),
(376, 23, 'Sujanagar', 'সুজানগর', NULL, NULL),
(377, 24, 'Bagha', 'বাঘা', NULL, NULL),
(378, 24, 'Bagmara', 'বাগমারা', NULL, NULL),
(379, 24, 'Charghat', 'চারঘাট', NULL, NULL),
(380, 24, 'Durgapur', 'দুর্গাপুর', NULL, NULL),
(381, 24, 'Godagari', 'গোদাগারি', NULL, NULL),
(382, 24, 'Mohanpur', 'মোহনপুর', NULL, NULL),
(383, 24, 'Paba', 'পবা', NULL, NULL),
(384, 24, 'Puthia', 'পুঠিয়া', NULL, NULL),
(385, 24, 'Tanore', 'তানোর', NULL, NULL),
(386, 25, 'Sirajganj Sadar', 'সিরাজগঞ্জ সদর', NULL, NULL),
(387, 25, 'Belkuchi', 'বেলকুচি', NULL, NULL),
(388, 25, 'Chauhali', 'চৌহালি', NULL, NULL),
(389, 25, 'Kamarkhanda', 'কামারখান্দা', NULL, NULL),
(390, 25, 'Kazipur', 'কাজীপুর', NULL, NULL),
(391, 25, 'Raiganj', 'রায়গঞ্জ', NULL, NULL),
(392, 25, 'Shahjadpur', 'শাহজাদপুর', NULL, NULL),
(393, 25, 'Tarash', 'তারাশ', NULL, NULL),
(394, 25, 'Ullahpara', 'উল্লাপাড়া', NULL, NULL),
(395, 26, 'Birampur', 'বিরামপুর', NULL, NULL),
(396, 26, 'Birganj', 'বীরগঞ্জ', NULL, NULL),
(397, 26, 'Biral', 'বিড়াল', NULL, NULL),
(398, 26, 'Bochaganj', 'বোচাগঞ্জ', NULL, NULL),
(399, 26, 'Chirirbandar', 'চিরিরবন্দর', NULL, NULL),
(400, 26, 'Phulbari', 'ফুলবাড়ি', NULL, NULL),
(401, 26, 'Ghoraghat', 'ঘোড়াঘাট', NULL, NULL),
(402, 26, 'Hakimpur', 'হাকিমপুর', NULL, NULL),
(403, 26, 'Kaharole', 'কাহারোল', NULL, NULL),
(404, 26, 'Khansama', 'খানসামা', NULL, NULL),
(405, 26, 'Dinajpur Sadar', 'দিনাজপুর সদর', NULL, NULL),
(406, 26, 'Nawabganj', 'নবাবগঞ্জ', NULL, NULL),
(407, 26, 'Parbatipur', 'পার্বতীপুর', NULL, NULL),
(408, 27, 'Fulchhari', 'ফুলছড়ি', NULL, NULL),
(409, 27, 'Gaibandha sadar', 'গাইবান্ধা সদর', NULL, NULL),
(410, 27, 'Gobindaganj', 'গোবিন্দগঞ্জ', NULL, NULL),
(411, 27, 'Palashbari', 'পলাশবাড়ী', NULL, NULL),
(412, 27, 'Sadullapur', 'সাদুল্যাপুর', NULL, NULL),
(413, 27, 'Saghata', 'সাঘাটা', NULL, NULL),
(414, 27, 'Sundarganj', 'সুন্দরগঞ্জ', NULL, NULL),
(415, 28, 'Kurigram Sadar', 'কুড়িগ্রাম সদর', NULL, NULL),
(416, 28, 'Nageshwari', 'নাগেশ্বরী', NULL, NULL),
(417, 28, 'Bhurungamari', 'ভুরুঙ্গামারি', NULL, NULL),
(418, 28, 'Phulbari', 'ফুলবাড়ি', NULL, NULL),
(419, 28, 'Rajarhat', 'রাজারহাট', NULL, NULL),
(420, 28, 'Ulipur', 'উলিপুর', NULL, NULL),
(421, 28, 'Chilmari', 'চিলমারি', NULL, NULL),
(422, 28, 'Rowmari', 'রউমারি', NULL, NULL),
(423, 28, 'Char Rajibpur', 'চর রাজিবপুর', NULL, NULL),
(424, 29, 'Lalmanirhat Sadar', 'লালমনিরহাট সদর', NULL, NULL),
(425, 29, 'Aditmari', 'আদিতমারি', NULL, NULL),
(426, 29, 'Kaliganj', 'কালীগঞ্জ', NULL, NULL),
(427, 29, 'Hatibandha', 'হাতিবান্ধা', NULL, NULL),
(428, 29, 'Patgram', 'পাটগ্রাম', NULL, NULL),
(429, 30, 'Nilphamari Sadar', 'নীলফামারী সদর', NULL, NULL),
(430, 30, 'Saidpur', 'সৈয়দপুর', NULL, NULL),
(431, 30, 'Jaldhaka', 'জলঢাকা', NULL, NULL),
(432, 30, 'Kishoreganj', 'কিশোরগঞ্জ', NULL, NULL),
(433, 30, 'Domar', 'ডোমার', NULL, NULL),
(434, 30, 'Dimla', 'ডিমলা', NULL, NULL),
(435, 31, 'Panchagarh Sadar', 'পঞ্চগড় সদর', NULL, NULL),
(436, 31, 'Debiganj', 'দেবীগঞ্জ', NULL, NULL),
(437, 31, 'Boda', 'বোদা', NULL, NULL),
(438, 31, 'Atwari', 'আটোয়ারি', NULL, NULL),
(439, 31, 'Tetulia', 'তেতুলিয়া', NULL, NULL),
(440, 32, 'Badarganj', 'বদরগঞ্জ', NULL, NULL),
(441, 32, 'Mithapukur', 'মিঠাপুকুর', NULL, NULL),
(442, 32, 'Gangachara', 'গঙ্গাচরা', NULL, NULL),
(443, 32, 'Kaunia', 'কাউনিয়া', NULL, NULL),
(444, 32, 'Rangpur Sadar', 'রংপুর সদর', NULL, NULL),
(445, 32, 'Pirgachha', 'পীরগাছা', NULL, NULL),
(446, 32, 'Pirganj', 'পীরগঞ্জ', NULL, NULL),
(447, 32, 'Taraganj', 'তারাগঞ্জ', NULL, NULL),
(448, 33, 'Thakurgaon Sadar', 'ঠাকুরগাঁও সদর', NULL, NULL),
(449, 33, 'Pirganj', 'পীরগঞ্জ', NULL, NULL),
(450, 33, 'Baliadangi', 'বালিয়াডাঙ্গি', NULL, NULL),
(451, 33, 'Haripur', 'হরিপুর', NULL, NULL),
(452, 33, 'Ranisankail', 'রাণীসংকইল', NULL, NULL),
(453, 51, 'Ajmiriganj', 'আজমিরিগঞ্জ', NULL, NULL),
(454, 51, 'Baniachang', 'বানিয়াচং', NULL, NULL),
(455, 51, 'Bahubal', 'বাহুবল', NULL, NULL),
(456, 51, 'Chunarughat', 'চুনারুঘাট', NULL, NULL),
(457, 51, 'Habiganj Sadar', 'হবিগঞ্জ সদর', NULL, NULL),
(458, 51, 'Lakhai', 'লাক্ষাই', NULL, NULL),
(459, 51, 'Madhabpur', 'মাধবপুর', NULL, NULL),
(460, 51, 'Nabiganj', 'নবীগঞ্জ', NULL, NULL),
(461, 51, 'Shaistagonj', 'শায়েস্তাগঞ্জ', NULL, NULL),
(462, 52, 'Moulvibazar Sadar', 'মৌলভীবাজার', NULL, NULL),
(463, 52, 'Barlekha', 'বড়লেখা', NULL, NULL),
(464, 52, 'Juri', 'জুড়ি', NULL, NULL),
(465, 52, 'Kamalganj', 'কামালগঞ্জ', NULL, NULL),
(466, 52, 'Kulaura', 'কুলাউরা', NULL, NULL),
(467, 52, 'Rajnagar', 'রাজনগর', NULL, NULL),
(468, 52, 'Sreemangal', 'শ্রীমঙ্গল', NULL, NULL),
(469, 53, 'Bishwamvarpur', 'বিসশম্ভারপুর', NULL, NULL),
(470, 53, 'Chhatak', 'ছাতক', NULL, NULL),
(471, 53, 'Derai', 'দেড়াই', NULL, NULL),
(472, 53, 'Dharampasha', 'ধরমপাশা', NULL, NULL),
(473, 53, 'Dowarabazar', 'দোয়ারাবাজার', NULL, NULL),
(474, 53, 'Jagannathpur', 'জগন্নাথপুর', NULL, NULL),
(475, 53, 'Jamalganj', 'জামালগঞ্জ', NULL, NULL),
(476, 53, 'Sulla', 'সুল্লা', NULL, NULL),
(477, 53, 'Sunamganj Sadar', 'সুনামগঞ্জ সদর', NULL, NULL),
(478, 53, 'Shanthiganj', 'শান্তিগঞ্জ', NULL, NULL),
(479, 53, 'Tahirpur', 'তাহিরপুর', NULL, NULL),
(480, 54, 'Sylhet Sadar', 'সিলেট সদর', NULL, NULL),
(481, 54, 'Beanibazar', 'বেয়ানিবাজার', NULL, NULL),
(482, 54, 'Bishwanath', 'বিশ্বনাথ', NULL, NULL),
(483, 54, 'Dakshin Surma', 'দক্ষিণ সুরমা', NULL, NULL),
(484, 54, 'Balaganj', 'বালাগঞ্জ', NULL, NULL),
(485, 54, 'Companiganj', 'কোম্পানিগঞ্জ', NULL, NULL),
(486, 54, 'Fenchuganj', 'ফেঞ্চুগঞ্জ', NULL, NULL),
(487, 54, 'Golapganj', 'গোলাপগঞ্জ', NULL, NULL),
(488, 54, 'Gowainghat', 'গোয়াইনঘাট', NULL, NULL),
(489, 54, 'Jaintiapur', 'জয়ন্তপুর', NULL, NULL),
(490, 54, 'Kanaighat', 'কানাইঘাট', NULL, NULL),
(491, 54, 'Zakiganj', 'জাকিগঞ্জ', NULL, NULL),
(492, 54, 'Nobigonj', 'নবীগঞ্জ', NULL, NULL),
(493, 24, 'Rajpara ', 'রাজপাড়া', NULL, NULL),
(494, 24, 'Boalia', 'বোয়ালিয়া', NULL, NULL),
(495, 24, 'Shah Mokhdum', 'শাহ মোখদুম', NULL, NULL),
(496, 24, 'Motihar', 'মতিহার', NULL, NULL),
(497, 21, 'Naldanga', 'নালডাংগা', NULL, NULL),
(498, 43, 'Karnaphuli Upazila', 'কর্ণফুলি', NULL, NULL),
(499, 44, 'Lalmai', 'লালমাই', NULL, NULL),
(500, 1, 'Tejgaon Circle', 'তেজগাও ', NULL, NULL),
(501, 15, 'Zajira', 'জাজিরা', NULL, NULL);

-- --------------------------------------------------------

--
-- Table structure for table `updateposts`
--

DROP TABLE IF EXISTS `updateposts`;
CREATE TABLE IF NOT EXISTS `updateposts` (
  `id` bigint UNSIGNED NOT NULL AUTO_INCREMENT,
  `title` varchar(191) CHARACTER SET utf8 COLLATE utf8_unicode_ci NOT NULL,
  `type` varchar(191) CHARACTER SET utf8 COLLATE utf8_unicode_ci DEFAULT NULL,
  `news_id` bigint UNSIGNED DEFAULT NULL,
  `notice_id` bigint UNSIGNED DEFAULT NULL,
  `academic_id` bigint UNSIGNED DEFAULT NULL,
  `route` varchar(191) CHARACTER SET utf8 COLLATE utf8_unicode_ci DEFAULT NULL,
  `created_by` int UNSIGNED DEFAULT NULL,
  `updated_by` int UNSIGNED DEFAULT NULL,
  `created_at` timestamp NULL DEFAULT NULL,
  `updated_at` timestamp NULL DEFAULT NULL,
  PRIMARY KEY (`id`),
  KEY `updateposts_academic_id_foreign` (`academic_id`),
  KEY `updateposts_news_id_foreign` (`news_id`),
  KEY `updateposts_notice_id_foreign` (`notice_id`)
) ENGINE=InnoDB AUTO_INCREMENT=6 DEFAULT CHARSET=utf8 COLLATE=utf8_unicode_ci;

--
-- Dumping data for table `updateposts`
--

INSERT INTO `updateposts` (`id`, `title`, `type`, `news_id`, `notice_id`, `academic_id`, `route`, `created_by`, `updated_by`, `created_at`, `updated_at`) VALUES
(1, 'Test News', 'News', 7, NULL, NULL, NULL, NULL, 2, '2019-09-22 04:52:40', '2020-12-14 06:44:08'),
(2, 'Notice for Class XII', 'নোটিশ', NULL, 1, NULL, NULL, NULL, 2, '2019-10-22 16:38:32', '2020-12-14 06:43:13');

-- --------------------------------------------------------

--
-- Table structure for table `users`
--

DROP TABLE IF EXISTS `users`;
CREATE TABLE IF NOT EXISTS `users` (
  `id` int UNSIGNED NOT NULL AUTO_INCREMENT,
  `name` varchar(191) CHARACTER SET utf8 COLLATE utf8_unicode_ci NOT NULL,
  `email` varchar(191) CHARACTER SET utf8 COLLATE utf8_unicode_ci NOT NULL,
  `email_verified_at` datetime DEFAULT NULL,
  `password` varchar(191) CHARACTER SET utf8 COLLATE utf8_unicode_ci NOT NULL,
  `remember_token` varchar(191) CHARACTER SET utf8 COLLATE utf8_unicode_ci DEFAULT NULL,
  `created_by` int UNSIGNED DEFAULT NULL,
  `updated_by` int UNSIGNED DEFAULT NULL,
  `created_at` timestamp NULL DEFAULT NULL,
  `updated_at` timestamp NULL DEFAULT NULL,
  `deleted_at` timestamp NULL DEFAULT NULL,
  PRIMARY KEY (`id`)
) ENGINE=InnoDB AUTO_INCREMENT=4 DEFAULT CHARSET=utf8 COLLATE=utf8_unicode_ci;

--
-- Dumping data for table `users`
--

INSERT INTO `users` (`id`, `name`, `email`, `email_verified_at`, `password`, `remember_token`, `created_by`, `updated_by`, `created_at`, `updated_at`, `deleted_at`) VALUES
(1, 'Tasmir Ahmed', 'rokon.desktopit@gmail.com', NULL, '$2y$10$PHaYghskhXn3xpeCA2NFaOX5KTEdoeHMlM3n1V3quFSTTQrMMmP6m', 'nZgramNcbxHUvhkqNqgHuUYec7JOKl6lJbR9IjLBOopJgqhfgcmOUFBTOxlA', NULL, 1, '2019-04-15 07:13:32', '2019-10-15 19:12:57', NULL),
(2, 'Admin', 'admin@admin.com', NULL, '$2y$10$PHaYghskhXn3xpeCA2NFaOX5KTEdoeHMlM3n1V3quFSTTQrMMmP6m', NULL, NULL, NULL, '2019-09-17 19:11:42', '2019-11-19 17:29:56', NULL),
(3, 'smmplsc', 'smmplsc21@yahoo.com', NULL, '$2y$10$CWxtHCtBFcHyeGOueT.Ct.fHhLK0VzMo5rUNILLWZXZjE/EpjXbPO', 'Dj7DkHaXNYRnXqZGk6K2d5XZK6LxVxAmkbIrv45Kmml391ZLsJ1TnVUwuKrG', NULL, 3, '2019-10-14 15:41:29', '2019-11-13 16:46:49', NULL);

-- --------------------------------------------------------

--
-- Table structure for table `visitors`
--

DROP TABLE IF EXISTS `visitors`;
CREATE TABLE IF NOT EXISTS `visitors` (
  `id` int UNSIGNED NOT NULL AUTO_INCREMENT,
  `ip` varchar(191) CHARACTER SET utf8 COLLATE utf8_unicode_ci NOT NULL,
  `date` date NOT NULL,
  `hits` int NOT NULL,
  `public_ip` varchar(191) CHARACTER SET utf8 COLLATE utf8_unicode_ci DEFAULT NULL,
  `city` varchar(191) CHARACTER SET utf8 COLLATE utf8_unicode_ci DEFAULT NULL,
  `regionName` varchar(191) CHARACTER SET utf8 COLLATE utf8_unicode_ci DEFAULT NULL,
  `country` varchar(191) CHARACTER SET utf8 COLLATE utf8_unicode_ci DEFAULT NULL,
  `visit_time` time NOT NULL,
  `created_at` timestamp NULL DEFAULT NULL,
  `updated_at` timestamp NULL DEFAULT NULL,
  PRIMARY KEY (`id`)
) ENGINE=InnoDB AUTO_INCREMENT=2 DEFAULT CHARSET=utf8 COLLATE=utf8_unicode_ci;

--
-- Dumping data for table `visitors`
--

INSERT INTO `visitors` (`id`, `ip`, `date`, `hits`, `public_ip`, `city`, `regionName`, `country`, `visit_time`, `created_at`, `updated_at`) VALUES
(1, '::1', '2020-12-16', 4, '103.137.6.30', 'Dhaka', 'Dhaka Division', 'Bangladesh', '16:14:54', '2020-12-16 10:04:27', '2020-12-16 10:14:54');

--
-- Constraints for dumped tables
--

--
-- Constraints for table `academics`
--
ALTER TABLE `academics`
  ADD CONSTRAINT `academics_catagories_id_foreign` FOREIGN KEY (`catagories_id`) REFERENCES `academic_categories` (`id`) ON DELETE CASCADE ON UPDATE CASCADE;

--
-- Constraints for table `admission_mark_inputs`
--
ALTER TABLE `admission_mark_inputs`
  ADD CONSTRAINT `admission_mark_inputs_admission_id_foreign` FOREIGN KEY (`admission_id`) REFERENCES `payment_completes` (`id`) ON DELETE CASCADE ON UPDATE CASCADE,
  ADD CONSTRAINT `admission_mark_inputs_class_id_foreign` FOREIGN KEY (`class_id`) REFERENCES `paymentamounts` (`id`) ON DELETE CASCADE ON UPDATE CASCADE;

--
-- Constraints for table `admission_results`
--
ALTER TABLE `admission_results`
  ADD CONSTRAINT `admission_results_admission_id_foreign` FOREIGN KEY (`admission_id`) REFERENCES `payment_completes` (`id`) ON DELETE CASCADE ON UPDATE CASCADE,
  ADD CONSTRAINT `admission_results_class_id_foreign` FOREIGN KEY (`class_id`) REFERENCES `paymentamounts` (`id`) ON DELETE CASCADE ON UPDATE CASCADE,
  ADD CONSTRAINT `admission_results_input_mark_id_foreign` FOREIGN KEY (`input_mark_id`) REFERENCES `admission_mark_inputs` (`id`) ON DELETE CASCADE ON UPDATE CASCADE;

--
-- Constraints for table `designations`
--
ALTER TABLE `designations`
  ADD CONSTRAINT `designations_institute_id_foreign` FOREIGN KEY (`institute_id`) REFERENCES `institutes` (`id`) ON DELETE CASCADE ON UPDATE CASCADE,
  ADD CONSTRAINT `designations_types_id_foreign` FOREIGN KEY (`employee_type_id`) REFERENCES `employee_types` (`id`) ON DELETE CASCADE ON UPDATE CASCADE;

--
-- Constraints for table `districts`
--
ALTER TABLE `districts`
  ADD CONSTRAINT `districts_division_id_foreign` FOREIGN KEY (`division_id`) REFERENCES `divisions` (`id`) ON DELETE CASCADE ON UPDATE CASCADE;

--
-- Constraints for table `employees`
--
ALTER TABLE `employees`
  ADD CONSTRAINT `employees_designation_id_foreign` FOREIGN KEY (`designation_id`) REFERENCES `designations` (`id`) ON DELETE CASCADE ON UPDATE CASCADE,
  ADD CONSTRAINT `employees_institute_id_foreign` FOREIGN KEY (`institute_id`) REFERENCES `institutes` (`id`) ON DELETE CASCADE ON UPDATE CASCADE,
  ADD CONSTRAINT `employees_religion_id_foreign` FOREIGN KEY (`religion_id`) REFERENCES `religions` (`id`) ON DELETE CASCADE ON UPDATE CASCADE,
  ADD CONSTRAINT `employees_types_id_foreign` FOREIGN KEY (`employee_type_id`) REFERENCES `employee_types` (`id`) ON DELETE CASCADE ON UPDATE CASCADE;

--
-- Constraints for table `employee_types`
--
ALTER TABLE `employee_types`
  ADD CONSTRAINT `employee_types_institute_id_foreign` FOREIGN KEY (`institute_id`) REFERENCES `institutes` (`id`) ON DELETE CASCADE ON UPDATE CASCADE;

--
-- Constraints for table `galleries`
--
ALTER TABLE `galleries`
  ADD CONSTRAINT `galleries_news_id_foreign` FOREIGN KEY (`news_id`) REFERENCES `news` (`id`) ON DELETE CASCADE ON UPDATE CASCADE;

--
-- Constraints for table `news`
--
ALTER TABLE `news`
  ADD CONSTRAINT `news_catagories_id_foreign` FOREIGN KEY (`catagories_id`) REFERENCES `news_catagories` (`id`) ON DELETE CASCADE;

--
-- Constraints for table `notices`
--
ALTER TABLE `notices`
  ADD CONSTRAINT `notices_catagories_id_foreign` FOREIGN KEY (`catagories_id`) REFERENCES `notice_catagories` (`id`) ON DELETE CASCADE;

--
-- Constraints for table `permission_role`
--
ALTER TABLE `permission_role`
  ADD CONSTRAINT `permission_role_permission_id_foreign` FOREIGN KEY (`permission_id`) REFERENCES `permissions` (`id`),
  ADD CONSTRAINT `permission_role_role_id_foreign` FOREIGN KEY (`role_id`) REFERENCES `roles` (`id`);

--
-- Constraints for table `photos`
--
ALTER TABLE `photos`
  ADD CONSTRAINT `photos_gallery_id_foreign` FOREIGN KEY (`gallery_id`) REFERENCES `galleries` (`id`) ON DELETE CASCADE ON UPDATE CASCADE;

--
-- Constraints for table `role_user`
--
ALTER TABLE `role_user`
  ADD CONSTRAINT `role_user_role_id_foreign` FOREIGN KEY (`role_id`) REFERENCES `roles` (`id`),
  ADD CONSTRAINT `role_user_user_id_foreign` FOREIGN KEY (`user_id`) REFERENCES `users` (`id`);

--
-- Constraints for table `subjects`
--
ALTER TABLE `subjects`
  ADD CONSTRAINT `subjects_class_id_foreign` FOREIGN KEY (`class_id`) REFERENCES `paymentamounts` (`id`) ON DELETE CASCADE ON UPDATE CASCADE,
  ADD CONSTRAINT `subjects_subject_list_id_foreign` FOREIGN KEY (`subject_list_id`) REFERENCES `subject_lists` (`id`) ON DELETE CASCADE ON UPDATE CASCADE;

--
-- Constraints for table `unions`
--
ALTER TABLE `unions`
  ADD CONSTRAINT `unions_upazila_id_foreign` FOREIGN KEY (`upazila_id`) REFERENCES `upazilas` (`id`) ON DELETE CASCADE ON UPDATE CASCADE;

--
-- Constraints for table `upazilas`
--
ALTER TABLE `upazilas`
  ADD CONSTRAINT `upazilas_district_id_foreign` FOREIGN KEY (`district_id`) REFERENCES `districts` (`id`) ON DELETE CASCADE ON UPDATE CASCADE;

--
-- Constraints for table `updateposts`
--
ALTER TABLE `updateposts`
  ADD CONSTRAINT `updateposts_academic_id_foreign` FOREIGN KEY (`academic_id`) REFERENCES `academics` (`id`) ON DELETE CASCADE ON UPDATE CASCADE,
  ADD CONSTRAINT `updateposts_news_id_foreign` FOREIGN KEY (`news_id`) REFERENCES `news` (`id`) ON DELETE CASCADE ON UPDATE CASCADE,
  ADD CONSTRAINT `updateposts_notice_id_foreign` FOREIGN KEY (`notice_id`) REFERENCES `notices` (`id`) ON DELETE CASCADE ON UPDATE CASCADE;
COMMIT;

/*!40101 SET CHARACTER_SET_CLIENT=@OLD_CHARACTER_SET_CLIENT */;
/*!40101 SET CHARACTER_SET_RESULTS=@OLD_CHARACTER_SET_RESULTS */;
/*!40101 SET COLLATION_CONNECTION=@OLD_COLLATION_CONNECTION */;
